✓ Initialized. View run at https://modal.com/apps/norrischarles207-commits/main/ap-g6NFbHPoXdfhbxLIBKsZFg
✓ Created objects.
├── 🔨 Created mount /Users/charlesnorris/adaptyv-2026/modal/run_bindcraft.py
├── 🔨 Created function download_weights.
├── 🔨 Created function verify.
└── 🔨 Created function design_one.
target /designs/egfr/attempts/phase1-v3c-core/0/egfr.pdb: chains A=204res
hotspots OK: A408,A409,A411,A412
settings: {
    "design_path": "/designs/egfr/attempts/phase1-v3c-core/0",
    "binder_name": "egfr",
    "starting_pdb": "/designs/egfr/attempts/phase1-v3c-core/0/egfr.pdb",
    "chains": "A",
    "target_hotspot_residues": "A408,A409,A411,A412",
    "lengths": [
        60,
        100
    ],
    "number_of_final_designs": 1
}
filters: BindCraft default_filters.json, unchanged
target /designs/egfr/attempts/phase1-v3c-core/7/egfr.pdb: chains A=204res
target /designs/egfr/attempts/phase1-v3c-core/2/egfr.pdb: chains A=204restarget /designs/egfr/attempts/phase1-v3c-core/3/egfr.pdb: chains A=204res
target /designs/egfr/attempts/phase1-v3c-core/4/egfr.pdb: chains A=204restarget /designs/egfr/attempts/phase1-v3c-core/5/egfr.pdb: chains A=204res
target /designs/egfr/attempts/phase1-v3c-core/6/egfr.pdb: chains A=204restarget /designs/egfr/attempts/phase1-v3c-core/1/egfr.pdb: chains A=204restarget /designs/egfr/attempts/phase1-v3c-core/8/egfr.pdb: chains A=204res
hotspots OK: A408,A409,A411,A412
settings: {
    "design_path": "/designs/egfr/attempts/phase1-v3c-core/7",
    "binder_name": "egfr",
    "starting_pdb": "/designs/egfr/attempts/phase1-v3c-core/7/egfr.pdb",
    "chains": "A",
    "target_hotspot_residues": "A408,A409,A411,A412",
    "lengths": [
        60,
        100
    ],
    "number_of_final_designs": 1
}
filters: BindCraft default_filters.json, unchanged
hotspots OK: A408,A409,A411,A412
settings: {
    "design_path": "/designs/egfr/attempts/phase1-v3c-core/3",
    "binder_name": "egfr",
    "starting_pdb": "/designs/egfr/attempts/phase1-v3c-core/3/egfr.pdb",
    "chains": "A",
    "target_hotspot_residues": "A408,A409,A411,A412",
    "lengths": [
        60,
        100
    ],
    "number_of_final_designs": 1
}
filters: BindCraft default_filters.json, unchanged

hotspots OK: A408,A409,A411,A412
settings: {
    "design_path": "/designs/egfr/attempts/phase1-v3c-core/2",
    "binder_name": "egfr",
    "starting_pdb": "/designs/egfr/attempts/phase1-v3c-core/2/egfr.pdb",
    "chains": "A",
    "target_hotspot_residues": "A408,A409,A411,A412",
    "lengths": [
        60,
        100
    ],
    "number_of_final_designs": 1
}
filters: BindCraft default_filters.json, unchanged
hotspots OK: A408,A409,A411,A412
settings: {
    "design_path": "/designs/egfr/attempts/phase1-v3c-core/5",
    "binder_name": "egfr",
    "starting_pdb": "/designs/egfr/attempts/phase1-v3c-core/5/egfr.pdb",
    "chains": "A",
    "target_hotspot_residues": "A408,A409,A411,A412",
    "lengths": [
        60,
        100
    ],
    "number_of_final_designs": 1
}
filters: BindCraft default_filters.json, unchanged

hotspots OK: A408,A409,A411,A412
settings: {
    "design_path": "/designs/egfr/attempts/phase1-v3c-core/4",
    "binder_name": "egfr",
    "starting_pdb": "/designs/egfr/attempts/phase1-v3c-core/4/egfr.pdb",
    "chains": "A",
    "target_hotspot_residues": "A408,A409,A411,A412",
    "lengths": [
        60,
        100
    ],
    "number_of_final_designs": 1
}
filters: BindCraft default_filters.json, unchanged
target /designs/egfr/attempts/phase1-v3c-core/9/egfr.pdb: chains A=204res

hotspots OK: A408,A409,A411,A412
settings: {
    "design_path": "/designs/egfr/attempts/phase1-v3c-core/6",
    "binder_name": "egfr",
    "starting_pdb": "/designs/egfr/attempts/phase1-v3c-core/6/egfr.pdb",
    "chains": "A",
    "target_hotspot_residues": "A408,A409,A411,A412",
    "lengths": [
        60,
        100
    ],
    "number_of_final_designs": 1
}
filters: BindCraft default_filters.json, unchanged

hotspots OK: A408,A409,A411,A412
settings: {
    "design_path": "/designs/egfr/attempts/phase1-v3c-core/1",
    "binder_name": "egfr",
    "starting_pdb": "/designs/egfr/attempts/phase1-v3c-core/1/egfr.pdb",
    "chains": "A",
    "target_hotspot_residues": "A408,A409,A411,A412",
    "lengths": [
        60,
        100
    ],
    "number_of_final_designs": 1
}
filters: BindCraft default_filters.json, unchanged
hotspots OK: A408,A409,A411,A412
settings: {
    "design_path": "/designs/egfr/attempts/phase1-v3c-core/8",
    "binder_name": "egfr",
    "starting_pdb": "/designs/egfr/attempts/phase1-v3c-core/8/egfr.pdb",
    "chains": "A",
    "target_hotspot_residues": "A408,A409,A411,A412",
    "lengths": [
        60,
        100
    ],
    "number_of_final_designs": 1
}
filters: BindCraft default_filters.json, unchanged
hotspots OK: A408,A409,A411,A412
settings: {
    "design_path": "/designs/egfr/attempts/phase1-v3c-core/9",
    "binder_name": "egfr",
    "starting_pdb": "/designs/egfr/attempts/phase1-v3c-core/9/egfr.pdb",
    "chains": "A",
    "target_hotspot_residues": "A408,A409,A411,A412",
    "lengths": [
        60,
        100
    ],
    "number_of_final_designs": 1
}
filters: BindCraft default_filters.json, unchanged
Available GPUs:Available GPUs:
Available GPUs:
NVIDIA A101: gpu
┌───────────────────────────────────────────────────────────────────────────────┐
│                                  PyRosetta-4                                  │
│               Created in JHU by Sergey Lyskov and PyRosetta Team              │
│               (C) Copyright Rosetta Commons Member Institutions               │
│                                                                               │
│ NOTE: USE OF PyRosetta FOR COMMERCIAL PURPOSES REQUIRES PURCHASE OF A LICENSE │
│          See LICENSE.PyRosetta.md or email license@uw.edu for details         │
└───────────────────────────────────────────────────────────────────────────────┘
PyRosetta-4 2026 [Rosetta PyRosetta4.Release.python311.ubuntu.cxx11thread.serialization 2026.29+releasequarterly.80a0635615099e1b918474a63acba7b1de6fd107 2026-07-14T16:24:11] retrieved from: http://www.pyrosetta.org
Running binder design for target egfr_3
Design settings used: advanced_3
Filtering designs based on default_filters
Starting trajectory: egfr_l98_s153569
NVIDIA A101: gpu
┌───────────────────────────────────────────────────────────────────────────────┐
│                                  PyRosetta-4                                  │
│               Created in JHU by Sergey Lyskov and PyRosetta Team              │
│               (C) Copyright Rosetta Commons Member Institutions               │
│                                                                               │
│ NOTE: USE OF PyRosetta FOR COMMERCIAL PURPOSES REQUIRES PURCHASE OF A LICENSE │
│          See LICENSE.PyRosetta.md or email license@uw.edu for details         │
└───────────────────────────────────────────────────────────────────────────────┘
PyRosetta-4 2026 [Rosetta PyRosetta4.Release.python311.ubuntu.cxx11thread.serialization 2026.29+releasequarterly.80a0635615099e1b918474a63acba7b1de6fd107 2026-07-14T16:24:11] retrieved from: http://www.pyrosetta.org
Running binder design for target egfr_9
Design settings used: advanced_9
Filtering designs based on default_filters
Starting trajectory: egfr_l66_s957415

NVIDIA A101: gpu
┌───────────────────────────────────────────────────────────────────────────────┐
│                                  PyRosetta-4                                  │
│               Created in JHU by Sergey Lyskov and PyRosetta Team              │
│               (C) Copyright Rosetta Commons Member Institutions               │
│                                                                               │
│ NOTE: USE OF PyRosetta FOR COMMERCIAL PURPOSES REQUIRES PURCHASE OF A LICENSE │
│          See LICENSE.PyRosetta.md or email license@uw.edu for details         │
└───────────────────────────────────────────────────────────────────────────────┘
PyRosetta-4 2026 [Rosetta PyRosetta4.Release.python311.ubuntu.cxx11thread.serialization 2026.29+releasequarterly.80a0635615099e1b918474a63acba7b1de6fd107 2026-07-14T16:24:11] retrieved from: http://www.pyrosetta.org
Running binder design for target egfr_5
Design settings used: advanced_5
Filtering designs based on default_filters
Starting trajectory: egfr_l64_s902794
Available GPUs:
Available GPUs:
NVIDIA A101: gpu
NVIDIA A101: gpu
┌───────────────────────────────────────────────────────────────────────────────┐
│                                  PyRosetta-4                                  │
│               Created in JHU by Sergey Lyskov and PyRosetta Team              │
│               (C) Copyright Rosetta Commons Member Institutions               │
│                                                                               │
│ NOTE: USE OF PyRosetta FOR COMMERCIAL PURPOSES REQUIRES PURCHASE OF A LICENSE │
│          See LICENSE.PyRosetta.md or email license@uw.edu for details         │
└───────────────────────────────────────────────────────────────────────────────┘
PyRosetta-4 2026 [Rosetta PyRosetta4.Release.python311.ubuntu.cxx11thread.serialization 2026.29+releasequarterly.80a0635615099e1b918474a63acba7b1de6fd107 2026-07-14T16:24:11] retrieved from: http://www.pyrosetta.org
Available GPUs:
Running binder design for target egfr_0
Design settings used: advanced_0
Filtering designs based on default_filters
Starting trajectory: egfr_l67_s528267
Available GPUs:
NVIDIA A101: gpu
┌───────────────────────────────────────────────────────────────────────────────┐
│                                  PyRosetta-4                                  │
│               Created in JHU by Sergey Lyskov and PyRosetta Team              │
│               (C) Copyright Rosetta Commons Member Institutions               │
│                                                                               │
│ NOTE: USE OF PyRosetta FOR COMMERCIAL PURPOSES REQUIRES PURCHASE OF A LICENSE │
│          See LICENSE.PyRosetta.md or email license@uw.edu for details         │
└───────────────────────────────────────────────────────────────────────────────┘
PyRosetta-4 2026 [Rosetta PyRosetta4.Release.python311.ubuntu.cxx11thread.serialization 2026.29+releasequarterly.80a0635615099e1b918474a63acba7b1de6fd107 2026-07-14T16:24:11] retrieved from: http://www.pyrosetta.org
Running binder design for target egfr_8
Design settings used: advanced_8
Filtering designs based on default_filters
Starting trajectory: egfr_l74_s655438
Available GPUs:
Available GPUs:
NVIDIA A101: gpu
Available GPUs:
NVIDIA A101: gpu
NVIDIA A101: gpu
┌───────────────────────────────────────────────────────────────────────────────┐
│                                  PyRosetta-4                                  │
│               Created in JHU by Sergey Lyskov and PyRosetta Team              │
│               (C) Copyright Rosetta Commons Member Institutions               │
│                                                                               │
│ NOTE: USE OF PyRosetta FOR COMMERCIAL PURPOSES REQUIRES PURCHASE OF A LICENSE │
│          See LICENSE.PyRosetta.md or email license@uw.edu for details         │
└───────────────────────────────────────────────────────────────────────────────┘
PyRosetta-4 2026 [Rosetta PyRosetta4.Release.python311.ubuntu.cxx11thread.serialization 2026.29+releasequarterly.80a0635615099e1b918474a63acba7b1de6fd107 2026-07-14T16:24:11] retrieved from: http://www.pyrosetta.org
Running binder design for target egfr_4
Design settings used: advanced_4
Filtering designs based on default_filters
Starting trajectory: egfr_l92_s681459
┌───────────────────────────────────────────────────────────────────────────────┐
│                                  PyRosetta-4                                  │
│               Created in JHU by Sergey Lyskov and PyRosetta Team              │
│               (C) Copyright Rosetta Commons Member Institutions               │
│                                                                               │
│ NOTE: USE OF PyRosetta FOR COMMERCIAL PURPOSES REQUIRES PURCHASE OF A LICENSE │
│          See LICENSE.PyRosetta.md or email license@uw.edu for details         │
└───────────────────────────────────────────────────────────────────────────────┘
PyRosetta-4 2026 [Rosetta PyRosetta4.Release.python311.ubuntu.cxx11thread.serialization 2026.29+releasequarterly.80a0635615099e1b918474a63acba7b1de6fd107 2026-07-14T16:24:11] retrieved from: http://www.pyrosetta.org
Running binder design for target egfr_6
Design settings used: advanced_6
Filtering designs based on default_filters
Starting trajectory: egfr_l93_s713816
┌───────────────────────────────────────────────────────────────────────────────┐
│                                  PyRosetta-4                                  │
│               Created in JHU by Sergey Lyskov and PyRosetta Team              │
│               (C) Copyright Rosetta Commons Member Institutions               │
│                                                                               │
│ NOTE: USE OF PyRosetta FOR COMMERCIAL PURPOSES REQUIRES PURCHASE OF A LICENSE │
│          See LICENSE.PyRosetta.md or email license@uw.edu for details         │
└───────────────────────────────────────────────────────────────────────────────┘
PyRosetta-4 2026 [Rosetta PyRosetta4.Release.python311.ubuntu.cxx11thread.serialization 2026.29+releasequarterly.80a0635615099e1b918474a63acba7b1de6fd107 2026-07-14T16:24:11] retrieved from: http://www.pyrosetta.org
Running binder design for target egfr_2
Design settings used: advanced_2
Filtering designs based on default_filters
Starting trajectory: egfr_l75_s674224
NVIDIA A101: gpu
┌───────────────────────────────────────────────────────────────────────────────┐
│                                  PyRosetta-4                                  │
│               Created in JHU by Sergey Lyskov and PyRosetta Team              │
│               (C) Copyright Rosetta Commons Member Institutions               │
│                                                                               │
│ NOTE: USE OF PyRosetta FOR COMMERCIAL PURPOSES REQUIRES PURCHASE OF A LICENSE │
│          See LICENSE.PyRosetta.md or email license@uw.edu for details         │
└───────────────────────────────────────────────────────────────────────────────┘
PyRosetta-4 2026 [Rosetta PyRosetta4.Release.python311.ubuntu.cxx11thread.serialization 2026.29+releasequarterly.80a0635615099e1b918474a63acba7b1de6fd107 2026-07-14T16:24:11] retrieved from: http://www.pyrosetta.org
Running binder design for target egfr_1
Design settings used: advanced_1
Filtering designs based on default_filters
Starting trajectory: egfr_l89_s399498
┌───────────────────────────────────────────────────────────────────────────────┐
│                                  PyRosetta-4                                  │
│               Created in JHU by Sergey Lyskov and PyRosetta Team              │
│               (C) Copyright Rosetta Commons Member Institutions               │
│                                                                               │
│ NOTE: USE OF PyRosetta FOR COMMERCIAL PURPOSES REQUIRES PURCHASE OF A LICENSE │
│          See LICENSE.PyRosetta.md or email license@uw.edu for details         │
└───────────────────────────────────────────────────────────────────────────────┘
PyRosetta-4 2026 [Rosetta PyRosetta4.Release.python311.ubuntu.cxx11thread.serialization 2026.29+releasequarterly.80a0635615099e1b918474a63acba7b1de6fd107 2026-07-14T16:24:11] retrieved from: http://www.pyrosetta.org
Running binder design for target egfr_7
Design settings used: advanced_7
Filtering designs based on default_filters
Starting trajectory: egfr_l76_s562381
Stage 1: Test LogitsStage 1: Test Logits
Stage 1: Test LogitsStage 1: Test Logits

Stage 1: Test Logits

Stage 1: Test LogitsStage 1: Test LogitsStage 1: Test Logits
Stage 1: Test LogitsStage 1: Test Logits



1 models [2] recycles 1 hard 0 soft 0.02 temp 1 loss 12.20 helix 1.69 pae 0.82 i_pae 0.79 con 4.77 i_con 3.79 plddt 0.29 ptm 0.71 i_ptm 0.14 rg 12.10
1 models [0] recycles 1 hard 0 soft 0.02 temp 1 loss 11.00 helix 1.66 pae 0.79 i_pae 0.76 con 4.59 i_con 4.08 plddt 0.32 ptm 0.74 i_ptm 0.15 rg 7.78
1 models [4] recycles 1 hard 0 soft 0.02 temp 1 loss 9.41 helix 1.01 pae 0.76 i_pae 0.71 con 4.72 i_con 4.11 plddt 0.30 ptm 0.69 i_ptm 0.17 rg 1.32
1 models [0] recycles 1 hard 0 soft 0.02 temp 1 loss 11.45 helix 1.87 pae 0.84 i_pae 0.84 con 4.75 i_con 4.30 plddt 0.28 ptm 0.70 i_ptm 0.11 rg 8.08
1 models [0] recycles 1 hard 0 soft 0.02 temp 1 loss 13.13 helix 2.26 pae 0.90 i_pae 0.92 con 4.95 i_con 4.80 plddt 0.26 ptm 0.65 i_ptm 0.07 rg 11.60
1 models [3] recycles 1 hard 0 soft 0.02 temp 1 loss 10.98 helix 1.79 pae 0.79 i_pae 0.76 con 4.58 i_con 4.05 plddt 0.29 ptm 0.74 i_ptm 0.16 rg 7.93
1 models [1] recycles 1 hard 0 soft 0.02 temp 1 loss 12.24 helix 2.09 pae 0.85 i_pae 0.83 con 4.78 i_con 4.35 plddt 0.25 ptm 0.68 i_ptm 0.11 rg 10.66
1 models [1] recycles 1 hard 0 soft 0.02 temp 1 loss 13.32 helix 1.68 pae 0.85 i_pae 0.82 con 4.68 i_con 4.19 plddt 0.27 ptm 0.68 i_ptm 0.12 rg 14.72
2 models [4] recycles 1 hard 0 soft 0.04 temp 1 loss 10.09 helix 0.72 pae 0.70 i_pae 0.70 con 4.33 i_con 4.01 plddt 0.42 ptm 0.72 i_ptm 0.19 rg 5.06
2 models [0] recycles 1 hard 0 soft 0.04 temp 1 loss 9.84 helix 0.97 pae 0.73 i_pae 0.72 con 4.53 i_con 4.25 plddt 0.39 ptm 0.74 i_ptm 0.17 rg 2.95
1 models [3] recycles 1 hard 0 soft 0.02 temp 1 loss 12.98 helix 2.17 pae 0.84 i_pae 0.82 con 4.86 i_con 4.34 plddt 0.26 ptm 0.73 i_ptm 0.11 rg 13.011 models [3] recycles 1 hard 0 soft 0.02 temp 1 loss 12.37 helix 1.74 pae 0.81 i_pae 0.78 con 4.63 i_con 4.32 plddt 0.25 ptm 0.71 i_ptm 0.13 rg 11.39

2 models [4] recycles 1 hard 0 soft 0.04 temp 1 loss 9.31 helix 0.73 pae 0.73 i_pae 0.71 con 4.45 i_con 4.08 plddt 0.38 ptm 0.69 i_ptm 0.18 rg 1.78
2 models [1] recycles 1 hard 0 soft 0.04 temp 1 loss 12.22 helix 1.19 pae 0.76 i_pae 0.73 con 4.74 i_con 3.73 plddt 0.40 ptm 0.73 i_ptm 0.19 rg 12.08
2 models [0] recycles 1 hard 0 soft 0.04 temp 1 loss 9.56 helix 1.28 pae 0.76 i_pae 0.73 con 4.46 i_con 4.10 plddt 0.31 ptm 0.73 i_ptm 0.17 rg 2.98
2 models [3] recycles 1 hard 0 soft 0.04 temp 1 loss 10.58 helix 1.28 pae 0.77 i_pae 0.76 con 4.38 i_con 3.85 plddt 0.36 ptm 0.68 i_ptm 0.17 rg 7.49
3 models [1] recycles 1 hard 0 soft 0.05 temp 1 loss 10.70 helix 0.68 pae 0.76 i_pae 0.78 con 4.43 i_con 4.10 plddt 0.42 ptm 0.71 i_ptm 0.14 rg 6.27
3 models [4] recycles 1 hard 0 soft 0.05 temp 1 loss 8.57 helix 1.24 pae 0.70 i_pae 0.65 con 4.32 i_con 4.07 plddt 0.29 ptm 0.75 i_ptm 0.20 rg 0.31
2 models [3] recycles 1 hard 0 soft 0.04 temp 1 loss 12.40 helix 1.85 pae 0.82 i_pae 0.77 con 4.68 i_con 4.14 plddt 0.26 ptm 0.69 i_ptm 0.14 rg 12.04
2 models [0] recycles 1 hard 0 soft 0.04 temp 1 loss 10.09 helix 1.20 pae 0.82 i_pae 0.82 con 4.47 i_con 4.50 plddt 0.29 ptm 0.67 i_ptm 0.12 rg 3.16
2 models [0] recycles 1 hard 0 soft 0.04 temp 1 loss 10.02 helix 1.80 pae 0.79 i_pae 0.77 con 4.59 i_con 4.23 plddt 0.28 ptm 0.73 i_ptm 0.13 rg 4.11
2 models [1] recycles 1 hard 0 soft 0.04 temp 1 loss 9.66 helix 1.65 pae 0.76 i_pae 0.72 con 4.70 i_con 3.80 plddt 0.32 ptm 0.73 i_ptm 0.18 rg 3.91
3 models [2] recycles 1 hard 0 soft 0.05 temp 1 loss 8.98 helix 0.72 pae 0.72 i_pae 0.70 con 4.39 i_con 4.03 plddt 0.40 ptm 0.72 i_ptm 0.18 rg 1.09
3 models [3] recycles 1 hard 0 soft 0.05 temp 1 loss 9.60 helix 0.92 pae 0.75 i_pae 0.73 con 4.25 i_con 4.16 plddt 0.33 ptm 0.69 i_ptm 0.17 rg 3.30
3 models [4] recycles 1 hard 0 soft 0.05 temp 1 loss 10.16 helix 0.91 pae 0.71 i_pae 0.67 con 4.71 i_con 3.94 plddt 0.39 ptm 0.74 i_ptm 0.20 rg 4.43
4 models [3] recycles 1 hard 0 soft 0.07 temp 1 loss 9.12 helix 1.44 pae 0.73 i_pae 0.68 con 4.39 i_con 3.95 plddt 0.29 ptm 0.75 i_ptm 0.19 rg 2.49
4 models [3] recycles 1 hard 0 soft 0.07 temp 1 loss 9.63 helix 0.81 pae 0.71 i_pae 0.71 con 4.04 i_con 3.95 plddt 0.41 ptm 0.72 i_ptm 0.19 rg 4.75
3 models [3] recycles 1 hard 0 soft 0.05 temp 1 loss 10.14 helix 0.92 pae 0.72 i_pae 0.73 con 4.07 i_con 3.96 plddt 0.41 ptm 0.68 i_ptm 0.18 rg 6.403 models [2] recycles 1 hard 0 soft 0.05 temp 1 loss 10.42 helix 1.39 pae 0.77 i_pae 0.76 con 4.73 i_con 3.78 plddt 0.35 ptm 0.73 i_ptm 0.17 rg 6.12

3 models [4] recycles 1 hard 0 soft 0.05 temp 1 loss 9.28 helix 0.95 pae 0.75 i_pae 0.72 con 4.51 i_con 4.12 plddt 0.34 ptm 0.72 i_ptm 0.16 rg 1.53
3 models [1] recycles 1 hard 0 soft 0.05 temp 1 loss 9.37 helix 1.16 pae 0.76 i_pae 0.74 con 4.19 i_con 4.26 plddt 0.33 ptm 0.69 i_ptm 0.15 rg 2.60
3 models [1] recycles 1 hard 0 soft 0.05 temp 1 loss 11.25 helix 0.83 pae 0.76 i_pae 0.76 con 4.61 i_con 4.09 plddt 0.43 ptm 0.69 i_ptm 0.17 rg 7.73
4 models [1] recycles 1 hard 0 soft 0.07 temp 1 loss 8.64 helix 1.13 pae 0.71 i_pae 0.67 con 4.31 i_con 4.08 plddt 0.33 ptm 0.74 i_ptm 0.19 rg 0.46
4 models [0] recycles 1 hard 0 soft 0.07 temp 1 loss 8.33 helix 0.76 pae 0.67 i_pae 0.70 con 3.76 i_con 4.35 plddt 0.41 ptm 0.72 i_ptm 0.19 rg 0.01
4 models [2] recycles 1 hard 0 soft 0.07 temp 1 loss 8.92 helix 0.74 pae 0.69 i_pae 0.70 con 4.04 i_con 4.05 plddt 0.40 ptm 0.69 i_ptm 0.19 rg 2.03
5 models [3] recycles 1 hard 0 soft 0.09 temp 1 loss 8.31 helix 0.95 pae 0.66 i_pae 0.64 con 3.96 i_con 4.11 plddt 0.36 ptm 0.75 i_ptm 0.22 rg 0.31
5 models [0] recycles 1 hard 0 soft 0.09 temp 1 loss 8.19 helix 0.81 pae 0.67 i_pae 0.67 con 3.88 i_con 4.17 plddt 0.37 ptm 0.72 i_ptm 0.21 rg -0.18
4 models [4] recycles 1 hard 0 soft 0.07 temp 1 loss 9.20 helix 1.42 pae 0.74 i_pae 0.68 con 4.49 i_con 3.99 plddt 0.31 ptm 0.74 i_ptm 0.18 rg 2.26
4 models [1] recycles 1 hard 0 soft 0.07 temp 1 loss 10.64 helix 1.05 pae 0.75 i_pae 0.74 con 4.57 i_con 3.74 plddt 0.47 ptm 0.73 i_ptm 0.19 rg 7.26
4 models [2] recycles 1 hard 0 soft 0.07 temp 1 loss 10.41 helix 0.56 pae 0.70 i_pae 0.71 con 4.21 i_con 3.78 plddt 0.50 ptm 0.68 i_ptm 0.19 rg 7.15
4 models [3] recycles 1 hard 0 soft 0.07 temp 1 loss 9.43 helix 1.36 pae 0.77 i_pae 0.74 con 4.21 i_con 4.32 plddt 0.28 ptm 0.69 i_ptm 0.16 rg 2.72
4 models [3] recycles 1 hard 0 soft 0.07 temp 1 loss 11.81 helix 0.85 pae 0.79 i_pae 0.79 con 4.68 i_con 3.99 plddt 0.41 ptm 0.68 i_ptm 0.15 rg 9.67
5 models [1] recycles 1 hard 0 soft 0.09 temp 1 loss 8.65 helix 1.00 pae 0.69 i_pae 0.66 con 4.22 i_con 3.94 plddt 0.36 ptm 0.75 i_ptm 0.21 rg 1.14
6 models [0] recycles 1 hard 0 soft 0.11 temp 1 loss 8.38 helix 1.09 pae 0.67 i_pae 0.63 con 4.32 i_con 4.04 plddt 0.36 ptm 0.75 i_ptm 0.21 rg -0.28
6 models [2] recycles 1 hard 0 soft 0.11 temp 1 loss 7.64 helix 0.63 pae 0.61 i_pae 0.63 con 3.50 i_con 3.87 plddt 0.49 ptm 0.73 i_ptm 0.23 rg 0.19
5 models [1] recycles 1 hard 0 soft 0.09 temp 1 loss 8.15 helix 0.69 pae 0.66 i_pae 0.68 con 3.74 i_con 4.15 plddt 0.46 ptm 0.72 i_ptm 0.20 rg 0.12
5 models [1] recycles 1 hard 0 soft 0.09 temp 1 loss 9.57 helix 1.43 pae 0.76 i_pae 0.72 con 4.53 i_con 4.04 plddt 0.30 ptm 0.70 i_ptm 0.18 rg 3.15
5 models [2] recycles 1 hard 0 soft 0.09 temp 1 loss 8.79 helix 1.61 pae 0.71 i_pae 0.67 con 4.26 i_con 3.84 plddt 0.36 ptm 0.74 i_ptm 0.20 rg 2.39
5 models [2] recycles 1 hard 0 soft 0.09 temp 1 loss 9.57 helix 1.28 pae 0.72 i_pae 0.68 con 4.34 i_con 4.01 plddt 0.34 ptm 0.73 i_ptm 0.20 rg 3.80
5 models [4] recycles 1 hard 0 soft 0.09 temp 1 loss 9.88 helix 0.61 pae 0.69 i_pae 0.70 con 3.92 i_con 3.82 plddt 0.47 ptm 0.68 i_ptm 0.18 rg 6.24
7 models [0] recycles 1 hard 0 soft 0.13 temp 1 loss 8.47 helix 1.28 pae 0.69 i_pae 0.65 con 4.37 i_con 3.91 plddt 0.35 ptm 0.75 i_ptm 0.21 rg 0.43
5 models [3] recycles 1 hard 0 soft 0.09 temp 1 loss 8.35 helix 1.05 pae 0.71 i_pae 0.69 con 4.01 i_con 4.28 plddt 0.33 ptm 0.70 i_ptm 0.19 rg -0.316 models [3] recycles 1 hard 0 soft 0.11 temp 1 loss 8.04 helix 1.26 pae 0.69 i_pae 0.63 con 4.15 i_con 3.95 plddt 0.30 ptm 0.75 i_ptm 0.23 rg -0.42

7 models [4] recycles 1 hard 0 soft 0.13 temp 1 loss 7.07 helix 0.64 pae 0.57 i_pae 0.60 con 2.93 i_con 3.77 plddt 0.55 ptm 0.74 i_ptm 0.25 rg 0.63
5 models [4] recycles 1 hard 0 soft 0.09 temp 1 loss 9.49 helix 0.97 pae 0.75 i_pae 0.74 con 4.37 i_con 4.12 plddt 0.33 ptm 0.68 i_ptm 0.17 rg 2.696 models [1] recycles 1 hard 0 soft 0.11 temp 1 loss 7.37 helix 0.73 pae 0.57 i_pae 0.60 con 3.18 i_con 3.90 plddt 0.54 ptm 0.74 i_ptm 0.26 rg 0.43

6 models [0] recycles 1 hard 0 soft 0.11 temp 1 loss 10.23 helix 1.79 pae 0.78 i_pae 0.76 con 4.47 i_con 4.06 plddt 0.31 ptm 0.69 i_ptm 0.17 rg 5.78
6 models [3] recycles 1 hard 0 soft 0.11 temp 1 loss 8.41 helix 2.10 pae 0.69 i_pae 0.65 con 4.04 i_con 3.86 plddt 0.36 ptm 0.75 i_ptm 0.22 rg 2.34
6 models [2] recycles 1 hard 0 soft 0.11 temp 1 loss 9.48 helix 1.65 pae 0.76 i_pae 0.71 con 4.59 i_con 3.82 plddt 0.29 ptm 0.72 i_ptm 0.18 rg 3.58
8 models [2] recycles 1 hard 0 soft 0.14 temp 1 loss 8.05 helix 0.98 pae 0.67 i_pae 0.64 con 4.22 i_con 3.83 plddt 0.37 ptm 0.75 i_ptm 0.22 rg -0.46
7 models [0] recycles 1 hard 0 soft 0.13 temp 1 loss 7.62 helix 0.89 pae 0.63 i_pae 0.62 con 3.75 i_con 3.88 plddt 0.42 ptm 0.74 i_ptm 0.23 rg -0.48
8 models [0] recycles 1 hard 0 soft 0.14 temp 1 loss 7.62 helix 0.55 pae 0.59 i_pae 0.63 con 3.26 i_con 4.03 plddt 0.49 ptm 0.73 i_ptm 0.23 rg 0.34
6 models [4] recycles 1 hard 0 soft 0.11 temp 1 loss 8.11 helix 1.08 pae 0.70 i_pae 0.68 con 4.03 i_con 4.11 plddt 0.33 ptm 0.70 i_ptm 0.20 rg -0.54
6 models [0] recycles 1 hard 0 soft 0.11 temp 1 loss 10.26 helix 0.67 pae 0.71 i_pae 0.73 con 4.15 i_con 4.03 plddt 0.45 ptm 0.68 i_ptm 0.20 rg 6.107 models [2] recycles 1 hard 0 soft 0.13 temp 1 loss 7.14 helix 0.70 pae 0.52 i_pae 0.56 con 3.03 i_con 3.83 plddt 0.59 ptm 0.74 i_ptm 0.27 rg 0.52

7 models [4] recycles 1 hard 0 soft 0.13 temp 1 loss 8.68 helix 1.77 pae 0.72 i_pae 0.69 con 4.35 i_con 3.87 plddt 0.34 ptm 0.74 i_ptm 0.18 rg 1.74
7 models [1] recycles 1 hard 0 soft 0.13 temp 1 loss 9.95 helix 1.77 pae 0.77 i_pae 0.74 con 4.42 i_con 4.17 plddt 0.34 ptm 0.69 i_ptm 0.16 rg 4.686 models [1] recycles 1 hard 0 soft 0.11 temp 1 loss 8.81 helix 1.21 pae 0.74 i_pae 0.70 con 4.29 i_con 4.26 plddt 0.30 ptm 0.69 i_ptm 0.18 rg 0.47

7 models [4] recycles 1 hard 0 soft 0.13 temp 1 loss 8.35 helix 0.94 pae 0.69 i_pae 0.68 con 3.92 i_con 4.14 plddt 0.37 ptm 0.72 i_ptm 0.19 rg 0.40
9 models [4] recycles 1 hard 0 soft 0.16 temp 1 loss 7.88 helix 1.00 pae 0.64 i_pae 0.61 con 3.91 i_con 3.96 plddt 0.38 ptm 0.75 i_ptm 0.23 rg -0.36
9 models [1] recycles 1 hard 0 soft 0.16 temp 1 loss 6.96 helix 0.68 pae 0.48 i_pae 0.50 con 3.06 i_con 3.57 plddt 0.59 ptm 0.77 i_ptm 0.36 rg 0.73
8 models [1] recycles 1 hard 0 soft 0.14 temp 1 loss 7.95 helix 0.88 pae 0.66 i_pae 0.64 con 3.82 i_con 3.96 plddt 0.42 ptm 0.75 i_ptm 0.21 rg 0.01
8 models [4] recycles 1 hard 0 soft 0.14 temp 1 loss 7.94 helix 1.86 pae 0.67 i_pae 0.65 con 4.01 i_con 3.72 plddt 0.34 ptm 0.75 i_ptm 0.22 rg 1.128 models [4] recycles 1 hard 0 soft 0.14 temp 1 loss 7.30 helix 0.66 pae 0.54 i_pae 0.57 con 3.17 i_con 3.78 plddt 0.55 ptm 0.74 i_ptm 0.26 rg 0.61

7 models [4] recycles 1 hard 0 soft 0.13 temp 1 loss 8.14 helix 1.10 pae 0.71 i_pae 0.68 con 4.04 i_con 4.05 plddt 0.32 ptm 0.70 i_ptm 0.20 rg -0.27
7 models [0] recycles 1 hard 0 soft 0.13 temp 1 loss 9.71 helix 1.28 pae 0.75 i_pae 0.73 con 4.37 i_con 4.00 plddt 0.34 ptm 0.68 i_ptm 0.18 rg 4.16
8 models [4] recycles 1 hard 0 soft 0.14 temp 1 loss 8.77 helix 1.45 pae 0.73 i_pae 0.70 con 4.18 i_con 3.95 plddt 0.31 ptm 0.69 i_ptm 0.19 rg 2.02
7 models [2] recycles 1 hard 0 soft 0.13 temp 1 loss 8.28 helix 0.96 pae 0.69 i_pae 0.68 con 4.05 i_con 4.19 plddt 0.36 ptm 0.69 i_ptm 0.21 rg -0.41
8 models [1] recycles 1 hard 0 soft 0.14 temp 1 loss 7.88 helix 0.93 pae 0.67 i_pae 0.65 con 3.88 i_con 3.96 plddt 0.40 ptm 0.73 i_ptm 0.20 rg -0.36
10 models [1] recycles 1 hard 0 soft 0.18 temp 1 loss 7.58 helix 1.12 pae 0.59 i_pae 0.59 con 3.51 i_con 3.93 plddt 0.45 ptm 0.76 i_ptm 0.27 rg 0.32
10 models [0] recycles 1 hard 0 soft 0.18 temp 1 loss 6.90 helix 0.63 pae 0.54 i_pae 0.59 con 2.73 i_con 3.79 plddt 0.58 ptm 0.74 i_ptm 0.31 rg 0.74
9 models [4] recycles 1 hard 0 soft 0.16 temp 1 loss 7.57 helix 0.76 pae 0.63 i_pae 0.61 con 3.71 i_con 3.90 plddt 0.39 ptm 0.74 i_ptm 0.22 rg -0.74
9 models [4] recycles 1 hard 0 soft 0.16 temp 1 loss 7.68 helix 2.08 pae 0.68 i_pae 0.64 con 3.83 i_con 3.97 plddt 0.32 ptm 0.75 i_ptm 0.22 rg 0.20
9 models [0] recycles 1 hard 0 soft 0.16 temp 1 loss 6.28 helix 0.93 pae 0.50 i_pae 0.58 con 2.09 i_con 3.85 plddt 0.73 ptm 0.73 i_ptm 0.25 rg 1.00
9 models [1] recycles 1 hard 0 soft 0.16 temp 1 loss 8.39 helix 1.24 pae 0.71 i_pae 0.70 con 4.00 i_con 4.11 plddt 0.34 ptm 0.69 i_ptm 0.19 rg 0.62
8 models [4] recycles 1 hard 0 soft 0.14 temp 1 loss 8.20 helix 0.84 pae 0.71 i_pae 0.70 con 4.00 i_con 4.07 plddt 0.35 ptm 0.70 i_ptm 0.19 rg -0.29
11 models [3] recycles 1 hard 0 soft 0.20 temp 1 loss 6.86 helix 1.30 pae 0.54 i_pae 0.54 con 3.22 i_con 3.79 plddt 0.49 ptm 0.77 i_ptm 0.30 rg -0.39
9 models [4] recycles 1 hard 0 soft 0.16 temp 1 loss 7.56 helix 0.90 pae 0.62 i_pae 0.64 con 3.42 i_con 3.94 plddt 0.46 ptm 0.73 i_ptm 0.23 rg 0.24
8 models [0] recycles 1 hard 0 soft 0.14 temp 1 loss 9.25 helix 1.04 pae 0.72 i_pae 0.69 con 4.29 i_con 4.02 plddt 0.36 ptm 0.68 i_ptm 0.21 rg 2.63
11 models [2] recycles 1 hard 0 soft 0.20 temp 1 loss 6.13 helix 0.67 pae 0.38 i_pae 0.39 con 2.58 i_con 3.12 plddt 0.69 ptm 0.82 i_ptm 0.55 rg 1.27
10 models [2] recycles 1 hard 0 soft 0.18 temp 1 loss 7.80 helix 0.74 pae 0.53 i_pae 0.50 con 3.65 i_con 3.46 plddt 0.52 ptm 0.77 i_ptm 0.34 rg 1.87
8 models [1] recycles 1 hard 0 soft 0.14 temp 1 loss 8.03 helix 0.80 pae 0.67 i_pae 0.67 con 3.83 i_con 4.09 plddt 0.40 ptm 0.70 i_ptm 0.21 rg -0.31
10 models [3] recycles 1 hard 0 soft 0.18 temp 1 loss 7.50 helix 2.07 pae 0.66 i_pae 0.64 con 3.66 i_con 3.99 plddt 0.36 ptm 0.75 i_ptm 0.22 rg 0.14
10 models [2] recycles 1 hard 0 soft 0.18 temp 1 loss 6.21 helix 0.80 pae 0.47 i_pae 0.50 con 2.19 i_con 3.66 plddt 0.74 ptm 0.74 i_ptm 0.30 rg 1.01
12 models [4] recycles 1 hard 0 soft 0.22 temp 1 loss 6.88 helix 1.38 pae 0.57 i_pae 0.57 con 3.23 i_con 3.77 plddt 0.47 ptm 0.76 i_ptm 0.26 rg -0.27
10 models [2] recycles 1 hard 0 soft 0.18 temp 1 loss 8.39 helix 1.59 pae 0.71 i_pae 0.68 con 3.98 i_con 4.10 plddt 0.32 ptm 0.69 i_ptm 0.21 rg 1.07
10 models [1] recycles 1 hard 0 soft 0.18 temp 1 loss 7.38 helix 0.94 pae 0.60 i_pae 0.63 con 3.09 i_con 4.02 plddt 0.51 ptm 0.73 i_ptm 0.23 rg 0.54
12 models [4] recycles 1 hard 0 soft 0.22 temp 1 loss 6.02 helix 0.65 pae 0.37 i_pae 0.38 con 2.61 i_con 3.01 plddt 0.68 ptm 0.82 i_ptm 0.55 rg 1.18
9 models [4] recycles 1 hard 0 soft 0.16 temp 1 loss 7.55 helix 0.76 pae 0.65 i_pae 0.65 con 3.78 i_con 3.67 plddt 0.40 ptm 0.71 i_ptm 0.26 rg -0.32
11 models [3] recycles 1 hard 0 soft 0.20 temp 1 loss 7.58 helix 0.92 pae 0.59 i_pae 0.57 con 3.39 i_con 3.83 plddt 0.50 ptm 0.76 i_ptm 0.27 rg 0.86
9 models [0] recycles 1 hard 0 soft 0.16 temp 1 loss 11.21 helix 1.65 pae 0.79 i_pae 0.77 con 4.52 i_con 4.02 plddt 0.31 ptm 0.68 i_ptm 0.16 rg 8.88
9 models [4] recycles 1 hard 0 soft 0.16 temp 1 loss 7.48 helix 0.77 pae 0.59 i_pae 0.59 con 3.54 i_con 3.87 plddt 0.46 ptm 0.71 i_ptm 0.25 rg -0.26
11 models [1] recycles 1 hard 0 soft 0.20 temp 1 loss 7.52 helix 2.36 pae 0.66 i_pae 0.65 con 3.59 i_con 3.96 plddt 0.38 ptm 0.75 i_ptm 0.21 rg 0.83
13 models [0] recycles 1 hard 0 soft 0.23 temp 1 loss 6.84 helix 1.41 pae 0.55 i_pae 0.57 con 3.07 i_con 3.85 plddt 0.54 ptm 0.76 i_ptm 0.27 rg -0.03
11 models [1] recycles 1 hard 0 soft 0.20 temp 1 loss 5.86 helix 0.89 pae 0.42 i_pae 0.47 con 2.03 i_con 3.51 plddt 0.75 ptm 0.76 i_ptm 0.34 rg 1.03
13 models [3] recycles 1 hard 0 soft 0.23 temp 1 loss 5.10 helix 0.76 pae 0.27 i_pae 0.25 con 2.38 i_con 2.32 plddt 0.77 ptm 0.88 i_ptm 0.77 rg 1.52
11 models [1] recycles 1 hard 0 soft 0.20 temp 1 loss 8.20 helix 1.58 pae 0.71 i_pae 0.68 con 4.06 i_con 4.20 plddt 0.32 ptm 0.69 i_ptm 0.20 rg -0.15
11 models [4] recycles 1 hard 0 soft 0.20 temp 1 loss 7.09 helix 1.00 pae 0.60 i_pae 0.62 con 3.07 i_con 3.89 plddt 0.49 ptm 0.73 i_ptm 0.25 rg 0.13
12 models [3] recycles 1 hard 0 soft 0.22 temp 1 loss 6.75 helix 1.01 pae 0.39 i_pae 0.38 con 2.88 i_con 3.24 plddt 0.66 ptm 0.82 i_ptm 0.52 rg 2.28
10 models [3] recycles 1 hard 0 soft 0.18 temp 1 loss 7.98 helix 0.94 pae 0.67 i_pae 0.66 con 3.92 i_con 3.96 plddt 0.36 ptm 0.71 i_ptm 0.23 rg -0.18
12 models [4] recycles 1 hard 0 soft 0.22 temp 1 loss 7.21 helix 2.26 pae 0.66 i_pae 0.63 con 3.67 i_con 4.00 plddt 0.35 ptm 0.74 i_ptm 0.22 rg -0.70
10 models [2] recycles 1 hard 0 soft 0.18 temp 1 loss 10.39 helix 1.32 pae 0.77 i_pae 0.73 con 4.39 i_con 3.92 plddt 0.32 ptm 0.68 i_ptm 0.18 rg 6.64
14 models [1] recycles 1 hard 0 soft 0.25 temp 1 loss 6.45 helix 1.36 pae 0.48 i_pae 0.50 con 2.91 i_con 3.61 plddt 0.60 ptm 0.78 i_ptm 0.35 rg 0.07
10 models [0] recycles 1 hard 0 soft 0.18 temp 1 loss 7.22 helix 0.87 pae 0.57 i_pae 0.62 con 3.19 i_con 4.01 plddt 0.52 ptm 0.70 i_ptm 0.25 rg -0.31
12 models [3] recycles 1 hard 0 soft 0.22 temp 1 loss 5.71 helix 0.82 pae 0.39 i_pae 0.43 con 2.02 i_con 3.37 plddt 0.77 ptm 0.77 i_ptm 0.36 rg 1.04
14 models [1] recycles 1 hard 0 soft 0.25 temp 1 loss 4.96 helix 0.84 pae 0.27 i_pae 0.25 con 2.45 i_con 2.20 plddt 0.75 ptm 0.88 i_ptm 0.80 rg 1.27
12 models [3] recycles 1 hard 0 soft 0.22 temp 1 loss 6.96 helix 1.01 pae 0.62 i_pae 0.65 con 2.90 i_con 4.00 plddt 0.50 ptm 0.73 i_ptm 0.20 rg -0.12
13 models [3] recycles 1 hard 0 soft 0.23 temp 1 loss 5.55 helix 1.17 pae 0.26 i_pae 0.22 con 2.53 i_con 2.28 plddt 0.78 ptm 0.88 i_ptm 0.75 rg 3.10
12 models [3] recycles 1 hard 0 soft 0.22 temp 1 loss 8.38 helix 1.31 pae 0.68 i_pae 0.66 con 3.93 i_con 4.08 plddt 0.34 ptm 0.70 i_ptm 0.23 rg 1.07
13 models [2] recycles 1 hard 0 soft 0.23 temp 1 loss 7.22 helix 2.53 pae 0.67 i_pae 0.66 con 3.67 i_con 4.00 plddt 0.36 ptm 0.74 i_ptm 0.21 rg -0.44
11 models [2] recycles 1 hard 0 soft 0.20 temp 1 loss 7.56 helix 0.84 pae 0.66 i_pae 0.65 con 3.72 i_con 3.83 plddt 0.40 ptm 0.71 i_ptm 0.24 rg -0.5415 models [1] recycles 1 hard 0 soft 0.27 temp 1 loss 6.02 helix 1.45 pae 0.43 i_pae 0.43 con 2.80 i_con 3.21 plddt 0.65 ptm 0.80 i_ptm 0.44 rg 0.56

11 models [1] recycles 1 hard 0 soft 0.20 temp 1 loss 9.62 helix 1.49 pae 0.75 i_pae 0.74 con 4.29 i_con 3.87 plddt 0.35 ptm 0.69 i_ptm 0.19 rg 4.76
15 models [1] recycles 1 hard 0 soft 0.27 temp 1 loss 4.28 helix 0.94 pae 0.20 i_pae 0.18 con 2.11 i_con 1.96 plddt 0.84 ptm 0.91 i_ptm 0.85 rg 1.24
13 models [4] recycles 1 hard 0 soft 0.23 temp 1 loss 5.80 helix 0.89 pae 0.46 i_pae 0.53 con 1.78 i_con 3.71 plddt 0.77 ptm 0.73 i_ptm 0.25 rg 0.96
11 models [3] recycles 1 hard 0 soft 0.20 temp 1 loss 6.84 helix 0.78 pae 0.53 i_pae 0.53 con 3.05 i_con 3.71 plddt 0.54 ptm 0.73 i_ptm 0.32 rg -0.09
14 models [0] recycles 1 hard 0 soft 0.25 temp 1 loss 7.43 helix 0.99 pae 0.51 i_pae 0.50 con 3.30 i_con 3.61 plddt 0.56 ptm 0.78 i_ptm 0.37 rg 1.62
13 models [1] recycles 1 hard 0 soft 0.23 temp 1 loss 6.89 helix 1.00 pae 0.60 i_pae 0.60 con 2.96 i_con 3.84 plddt 0.51 ptm 0.74 i_ptm 0.23 rg 0.02
13 models [2] recycles 1 hard 0 soft 0.23 temp 1 loss 7.89 helix 1.25 pae 0.69 i_pae 0.65 con 3.96 i_con 3.90 plddt 0.35 ptm 0.70 i_ptm 0.22 rg -0.13
14 models [1] recycles 1 hard 0 soft 0.25 temp 1 loss 7.33 helix 2.28 pae 0.66 i_pae 0.67 con 3.60 i_con 4.13 plddt 0.38 ptm 0.74 i_ptm 0.20 rg -0.52
16 models [2] recycles 1 hard 0 soft 0.29 temp 1 loss 6.81 helix 1.21 pae 0.56 i_pae 0.57 con 3.23 i_con 3.66 plddt 0.51 ptm 0.76 i_ptm 0.30 rg -0.26
12 models [3] recycles 1 hard 0 soft 0.22 temp 1 loss 7.66 helix 0.83 pae 0.66 i_pae 0.66 con 3.73 i_con 3.92 plddt 0.39 ptm 0.71 i_ptm 0.23 rg -0.57
16 models [0] recycles 1 hard 0 soft 0.29 temp 1 loss 4.58 helix 0.86 pae 0.24 i_pae 0.21 con 2.23 i_con 2.06 plddt 0.80 ptm 0.89 i_ptm 0.85 rg 1.36
14 models [2] recycles 1 hard 0 soft 0.25 temp 1 loss 4.85 helix 0.98 pae 0.27 i_pae 0.31 con 1.68 i_con 2.92 plddt 0.87 ptm 0.82 i_ptm 0.57 rg 1.22
15 models [3] recycles 1 hard 0 soft 0.27 temp 1 loss 6.27 helix 1.08 pae 0.33 i_pae 0.30 con 2.84 i_con 2.82 plddt 0.70 ptm 0.85 i_ptm 0.64 rg 2.46
12 models [3] recycles 1 hard 0 soft 0.22 temp 1 loss 8.75 helix 1.35 pae 0.70 i_pae 0.69 con 3.91 i_con 3.83 plddt 0.37 ptm 0.69 i_ptm 0.23 rg 3.22
14 models [3] recycles 1 hard 0 soft 0.25 temp 1 loss 6.69 helix 1.12 pae 0.57 i_pae 0.56 con 3.00 i_con 3.69 plddt 0.49 ptm 0.75 i_ptm 0.28 rg -0.14
12 models [0] recycles 1 hard 0 soft 0.22 temp 1 loss 6.24 helix 0.82 pae 0.46 i_pae 0.50 con 2.68 i_con 3.52 plddt 0.63 ptm 0.74 i_ptm 0.37 rg -0.07
14 models [4] recycles 1 hard 0 soft 0.25 temp 1 loss 7.93 helix 1.21 pae 0.65 i_pae 0.61 con 3.86 i_con 3.83 plddt 0.35 ptm 0.71 i_ptm 0.24 rg 0.58
17 models [2] recycles 1 hard 0 soft 0.31 temp 1 loss 6.38 helix 1.27 pae 0.53 i_pae 0.55 con 2.85 i_con 3.59 plddt 0.55 ptm 0.76 i_ptm 0.29 rg -0.07
15 models [3] recycles 1 hard 0 soft 0.27 temp 1 loss 6.78 helix 2.56 pae 0.62 i_pae 0.61 con 3.36 i_con 3.96 plddt 0.42 ptm 0.75 i_ptm 0.24 rg -0.61
17 models [1] recycles 1 hard 0 soft 0.31 temp 1 loss 4.09 helix 0.91 pae 0.20 i_pae 0.17 con 2.00 i_con 1.85 plddt 0.85 ptm 0.91 i_ptm 0.86 rg 1.30
13 models [4] recycles 1 hard 0 soft 0.23 temp 1 loss 7.21 helix 0.80 pae 0.63 i_pae 0.65 con 3.54 i_con 3.67 plddt 0.42 ptm 0.71 i_ptm 0.28 rg -0.59
15 models [3] recycles 1 hard 0 soft 0.27 temp 1 loss 5.93 helix 0.84 pae 0.36 i_pae 0.41 con 2.18 i_con 3.47 plddt 0.76 ptm 0.79 i_ptm 0.43 rg 1.00
16 models [3] recycles 1 hard 0 soft 0.29 temp 1 loss 5.71 helix 1.16 pae 0.28 i_pae 0.25 con 2.61 i_con 2.42 plddt 0.75 ptm 0.88 i_ptm 0.73 rg 2.82
15 models [0] recycles 1 hard 0 soft 0.27 temp 1 loss 6.49 helix 1.06 pae 0.56 i_pae 0.56 con 2.79 i_con 3.77 plddt 0.56 ptm 0.74 i_ptm 0.25 rg -0.41
18 models [0] recycles 1 hard 0 soft 0.32 temp 1 loss 6.38 helix 1.48 pae 0.51 i_pae 0.55 con 2.69 i_con 3.81 plddt 0.58 ptm 0.76 i_ptm 0.28 rg -0.04
13 models [3] recycles 1 hard 0 soft 0.23 temp 1 loss 8.84 helix 1.33 pae 0.71 i_pae 0.68 con 3.85 i_con 3.92 plddt 0.36 ptm 0.69 i_ptm 0.21 rg 3.40
16 models [1] recycles 1 hard 0 soft 0.29 temp 1 loss 6.51 helix 2.73 pae 0.59 i_pae 0.62 con 3.15 i_con 3.94 plddt 0.48 ptm 0.76 i_ptm 0.24 rg -0.48
15 models [4] recycles 1 hard 0 soft 0.27 temp 1 loss 7.78 helix 1.14 pae 0.64 i_pae 0.62 con 3.77 i_con 3.87 plddt 0.40 ptm 0.71 i_ptm 0.24 rg 0.22
13 models [2] recycles 1 hard 0 soft 0.23 temp 1 loss 6.24 helix 0.83 pae 0.45 i_pae 0.45 con 2.81 i_con 3.40 plddt 0.62 ptm 0.75 i_ptm 0.39 rg -0.04
18 models [3] recycles 1 hard 0 soft 0.32 temp 1 loss 4.01 helix 0.98 pae 0.19 i_pae 0.16 con 1.92 i_con 1.88 plddt 0.86 ptm 0.90 i_ptm 0.85 rg 1.26
17 models [2] recycles 1 hard 0 soft 0.31 temp 1 loss 7.62 helix 1.02 pae 0.60 i_pae 0.63 con 3.48 i_con 3.97 plddt 0.50 ptm 0.75 i_ptm 0.25 rg 0.25
16 models [0] recycles 1 hard 0 soft 0.29 temp 1 loss 5.20 helix 0.98 pae 0.31 i_pae 0.37 con 1.71 i_con 3.24 plddt 0.80 ptm 0.80 i_ptm 0.48 rg 1.10
14 models [3] recycles 1 hard 0 soft 0.25 temp 1 loss 7.77 helix 0.94 pae 0.65 i_pae 0.66 con 3.64 i_con 4.16 plddt 0.41 ptm 0.71 i_ptm 0.23 rg -0.54
16 models [4] recycles 1 hard 0 soft 0.29 temp 1 loss 6.42 helix 1.09 pae 0.56 i_pae 0.55 con 2.69 i_con 3.69 plddt 0.57 ptm 0.74 i_ptm 0.25 rg 0.0419 models [0] recycles 1 hard 0 soft 0.34 temp 1 loss 6.17 helix 1.56 pae 0.50 i_pae 0.54 con 2.58 i_con 3.74 plddt 0.60 ptm 0.77 i_ptm 0.29 rg -0.05

17 models [0] recycles 1 hard 0 soft 0.31 temp 1 loss 6.15 helix 3.16 pae 0.58 i_pae 0.61 con 2.86 i_con 3.92 plddt 0.54 ptm 0.75 i_ptm 0.24 rg -0.22
16 models [2] recycles 1 hard 0 soft 0.29 temp 1 loss 7.64 helix 1.33 pae 0.65 i_pae 0.65 con 3.65 i_con 4.02 plddt 0.41 ptm 0.70 i_ptm 0.22 rg -0.17
19 models [3] recycles 1 hard 0 soft 0.34 temp 1 loss 4.07 helix 1.03 pae 0.20 i_pae 0.17 con 1.94 i_con 1.91 plddt 0.85 ptm 0.90 i_ptm 0.84 rg 1.36
14 models [1] recycles 1 hard 0 soft 0.25 temp 1 loss 8.86 helix 0.98 pae 0.69 i_pae 0.69 con 3.70 i_con 4.06 plddt 0.42 ptm 0.69 i_ptm 0.20 rg 3.20
14 models [3] recycles 1 hard 0 soft 0.25 temp 1 loss 5.90 helix 0.86 pae 0.40 i_pae 0.39 con 2.73 i_con 3.15 plddt 0.65 ptm 0.78 i_ptm 0.47 rg 0.05
18 models [2] recycles 1 hard 0 soft 0.32 temp 1 loss 6.13 helix 1.09 pae 0.31 i_pae 0.28 con 2.90 i_con 2.52 plddt 0.72 ptm 0.86 i_ptm 0.68 rg 2.82
17 models [4] recycles 1 hard 0 soft 0.31 temp 1 loss 6.15 helix 0.81 pae 0.45 i_pae 0.50 con 2.19 i_con 3.59 plddt 0.68 ptm 0.75 i_ptm 0.30 rg 1.0320 models [0] recycles 1 hard 0 soft 0.36 temp 1 loss 5.96 helix 1.62 pae 0.45 i_pae 0.49 con 2.46 i_con 3.61 plddt 0.65 ptm 0.77 i_ptm 0.34 rg 0.25

17 models [0] recycles 1 hard 0 soft 0.31 temp 1 loss 6.25 helix 1.23 pae 0.54 i_pae 0.54 con 2.62 i_con 3.66 plddt 0.59 ptm 0.74 i_ptm 0.28 rg -0.03
18 models [4] recycles 1 hard 0 soft 0.32 temp 1 loss 6.37 helix 2.85 pae 0.57 i_pae 0.57 con 3.14 i_con 3.81 plddt 0.48 ptm 0.76 i_ptm 0.27 rg -0.34
15 models [3] recycles 1 hard 0 soft 0.27 temp 1 loss 7.48 helix 0.96 pae 0.61 i_pae 0.60 con 3.63 i_con 3.86 plddt 0.41 ptm 0.73 i_ptm 0.28 rg -0.38
20 models [4] recycles 1 hard 0 soft 0.36 temp 1 loss 3.92 helix 1.05 pae 0.18 i_pae 0.16 con 1.82 i_con 1.91 plddt 0.87 ptm 0.91 i_ptm 0.86 rg 1.29
17 models [3] recycles 1 hard 0 soft 0.31 temp 1 loss 7.89 helix 1.50 pae 0.68 i_pae 0.65 con 3.82 i_con 4.10 plddt 0.35 ptm 0.70 i_ptm 0.22 rg -0.07
15 models [1] recycles 1 hard 0 soft 0.27 temp 1 loss 7.80 helix 0.97 pae 0.69 i_pae 0.69 con 3.68 i_con 4.05 plddt 0.40 ptm 0.69 i_ptm 0.21 rg -0.25
15 models [0] recycles 1 hard 0 soft 0.27 temp 1 loss 5.86 helix 0.84 pae 0.39 i_pae 0.43 con 2.48 i_con 3.40 plddt 0.69 ptm 0.77 i_ptm 0.43 rg -0.07
19 models [4] recycles 1 hard 0 soft 0.34 temp 1 loss 7.09 helix 1.08 pae 0.48 i_pae 0.48 con 3.16 i_con 3.48 plddt 0.57 ptm 0.78 i_ptm 0.36 rg 1.53
21 models [3] recycles 1 hard 0 soft 0.38 temp 1 loss 6.27 helix 1.37 pae 0.48 i_pae 0.49 con 2.81 i_con 3.55 plddt 0.59 ptm 0.78 i_ptm 0.35 rg 0.03
18 models [3] recycles 1 hard 0 soft 0.32 temp 1 loss 5.92 helix 0.90 pae 0.40 i_pae 0.45 con 2.05 i_con 3.57 plddt 0.76 ptm 0.77 i_ptm 0.35 rg 1.02
18 models [4] recycles 1 hard 0 soft 0.32 temp 1 loss 6.26 helix 1.22 pae 0.53 i_pae 0.54 con 2.51 i_con 3.75 plddt 0.61 ptm 0.74 i_ptm 0.27 rg 0.09
19 models [1] recycles 1 hard 0 soft 0.34 temp 1 loss 6.03 helix 2.99 pae 0.54 i_pae 0.55 con 2.86 i_con 3.79 plddt 0.55 ptm 0.76 i_ptm 0.28 rg -0.26
21 models [1] recycles 1 hard 0 soft 0.38 temp 1 loss 3.78 helix 1.07 pae 0.17 i_pae 0.15 con 1.76 i_con 1.84 plddt 0.88 ptm 0.91 i_ptm 0.86 rg 1.35
16 models [2] recycles 1 hard 0 soft 0.29 temp 1 loss 7.49 helix 0.92 pae 0.59 i_pae 0.60 con 3.57 i_con 3.71 plddt 0.44 ptm 0.72 i_ptm 0.29 rg 0.34
18 models [3] recycles 1 hard 0 soft 0.32 temp 1 loss 7.79 helix 1.38 pae 0.67 i_pae 0.65 con 3.82 i_con 4.04 plddt 0.38 ptm 0.70 i_ptm 0.22 rg -0.32
20 models [3] recycles 1 hard 0 soft 0.36 temp 1 loss 5.89 helix 1.18 pae 0.30 i_pae 0.26 con 2.85 i_con 2.47 plddt 0.74 ptm 0.87 i_ptm 0.70 rg 2.4922 models [1] recycles 1 hard 0 soft 0.40 temp 1 loss 5.92 helix 1.63 pae 0.38 i_pae 0.38 con 2.59 i_con 3.43 plddt 0.68 ptm 0.81 i_ptm 0.44 rg 0.50

16 models [3] recycles 1 hard 0 soft 0.29 temp 1 loss 7.88 helix 0.97 pae 0.70 i_pae 0.70 con 3.63 i_con 4.09 plddt 0.38 ptm 0.68 i_ptm 0.19 rg -0.03
16 models [0] recycles 1 hard 0 soft 0.29 temp 1 loss 6.44 helix 0.85 pae 0.50 i_pae 0.55 con 2.54 i_con 3.84 plddt 0.66 ptm 0.71 i_ptm 0.28 rg -0.0119 models [3] recycles 1 hard 0 soft 0.34 temp 1 loss 5.58 helix 0.98 pae 0.41 i_pae 0.46 con 1.76 i_con 3.53 plddt 0.79 ptm 0.76 i_ptm 0.32 rg 1.07

19 models [4] recycles 1 hard 0 soft 0.34 temp 1 loss 6.07 helix 1.30 pae 0.54 i_pae 0.54 con 2.35 i_con 3.55 plddt 0.64 ptm 0.74 i_ptm 0.25 rg 0.69
20 models [4] recycles 1 hard 0 soft 0.36 temp 1 loss 5.56 helix 3.53 pae 0.52 i_pae 0.54 con 2.54 i_con 3.76 plddt 0.61 ptm 0.76 i_ptm 0.29 rg -0.05
22 models [2] recycles 1 hard 0 soft 0.40 temp 1 loss 3.82 helix 1.12 pae 0.18 i_pae 0.15 con 1.76 i_con 1.90 plddt 0.88 ptm 0.90 i_ptm 0.85 rg 1.31
19 models [2] recycles 1 hard 0 soft 0.34 temp 1 loss 7.32 helix 1.43 pae 0.64 i_pae 0.62 con 3.65 i_con 3.85 plddt 0.38 ptm 0.71 i_ptm 0.24 rg -0.59
17 models [3] recycles 1 hard 0 soft 0.31 temp 1 loss 6.86 helix 0.93 pae 0.52 i_pae 0.50 con 3.51 i_con 3.28 plddt 0.50 ptm 0.77 i_ptm 0.43 rg 0.06
23 models [0] recycles 1 hard 0 soft 0.41 temp 1 loss 5.33 helix 1.85 pae 0.37 i_pae 0.37 con 2.23 i_con 3.26 plddt 0.73 ptm 0.80 i_ptm 0.45 rg 0.53
21 models [2] recycles 1 hard 0 soft 0.38 temp 1 loss 5.35 helix 1.21 pae 0.25 i_pae 0.22 con 2.46 i_con 2.23 plddt 0.80 ptm 0.87 i_ptm 0.75 rg 2.89
20 models [3] recycles 1 hard 0 soft 0.36 temp 1 loss 5.56 helix 0.98 pae 0.37 i_pae 0.43 con 1.83 i_con 3.41 plddt 0.74 ptm 0.77 i_ptm 0.37 rg 1.23
20 models [0] recycles 1 hard 0 soft 0.36 temp 1 loss 6.28 helix 1.28 pae 0.54 i_pae 0.56 con 2.44 i_con 3.85 plddt 0.63 ptm 0.73 i_ptm 0.25 rg 0.10
21 models [0] recycles 1 hard 0 soft 0.38 temp 1 loss 4.86 helix 3.86 pae 0.41 i_pae 0.42 con 2.28 i_con 3.38 plddt 0.68 ptm 0.80 i_ptm 0.42 rg 0.30
23 models [4] recycles 1 hard 0 soft 0.41 temp 1 loss 3.51 helix 1.18 pae 0.16 i_pae 0.14 con 1.67 i_con 1.71 plddt 0.90 ptm 0.91 i_ptm 0.88 rg 1.27
17 models [2] recycles 1 hard 0 soft 0.31 temp 1 loss 7.73 helix 0.89 pae 0.68 i_pae 0.69 con 3.71 i_con 3.91 plddt 0.40 ptm 0.68 i_ptm 0.20 rg -0.24
17 models [4] recycles 1 hard 0 soft 0.31 temp 1 loss 6.30 helix 0.77 pae 0.46 i_pae 0.47 con 2.70 i_con 3.57 plddt 0.64 ptm 0.74 i_ptm 0.36 rg -0.10
24 models [1] recycles 1 hard 0 soft 0.43 temp 1 loss 5.41 helix 1.94 pae 0.37 i_pae 0.40 con 2.18 i_con 3.40 plddt 0.74 ptm 0.80 i_ptm 0.44 rg 0.57
20 models [1] recycles 1 hard 0 soft 0.36 temp 1 loss 7.85 helix 1.33 pae 0.68 i_pae 0.69 con 3.78 i_con 4.18 plddt 0.39 ptm 0.70 i_ptm 0.19 rg -0.50
22 models [0] recycles 1 hard 0 soft 0.40 temp 1 loss 5.17 helix 1.24 pae 0.22 i_pae 0.20 con 2.36 i_con 2.21 plddt 0.81 ptm 0.88 i_ptm 0.76 rg 2.80
18 models [0] recycles 1 hard 0 soft 0.32 temp 1 loss 6.21 helix 0.96 pae 0.44 i_pae 0.42 con 3.18 i_con 2.87 plddt 0.57 ptm 0.80 i_ptm 0.59 rg 0.53
24 models [1] recycles 1 hard 0 soft 0.43 temp 1 loss 3.54 helix 1.19 pae 0.16 i_pae 0.14 con 1.65 i_con 1.76 plddt 0.90 ptm 0.92 i_ptm 0.87 rg 1.3022 models [3] recycles 1 hard 0 soft 0.40 temp 1 loss 5.28 helix 3.76 pae 0.53 i_pae 0.55 con 2.44 i_con 3.69 plddt 0.61 ptm 0.76 i_ptm 0.26 rg -0.24
21 models [4] recycles 1 hard 0 soft 0.38 temp 1 loss 6.55 helix 1.09 pae 0.56 i_pae 0.55 con 2.88 i_con 3.67 plddt 0.56 ptm 0.74 i_ptm 0.26 rg -0.14

21 models [1] recycles 1 hard 0 soft 0.38 temp 1 loss 5.29 helix 1.03 pae 0.35 i_pae 0.40 con 1.68 i_con 3.36 plddt 0.83 ptm 0.78 i_ptm 0.42 rg 1.12
18 models [2] recycles 1 hard 0 soft 0.32 temp 1 loss 7.88 helix 0.93 pae 0.69 i_pae 0.72 con 3.63 i_con 4.28 plddt 0.39 ptm 0.67 i_ptm 0.17 rg -0.6325 models [3] recycles 1 hard 0 soft 0.45 temp 1 loss 4.63 helix 2.03 pae 0.26 i_pae 0.26 con 2.03 i_con 2.85 plddt 0.81 ptm 0.85 i_ptm 0.63 rg 0.64

18 models [0] recycles 1 hard 0 soft 0.32 temp 1 loss 5.61 helix 0.84 pae 0.38 i_pae 0.41 con 2.30 i_con 3.32 plddt 0.74 ptm 0.76 i_ptm 0.44 rg -0.03
23 models [4] recycles 1 hard 0 soft 0.41 temp 1 loss 4.90 helix 1.21 pae 0.22 i_pae 0.18 con 2.27 i_con 2.00 plddt 0.83 ptm 0.89 i_ptm 0.79 rg 2.85
21 models [0] recycles 1 hard 0 soft 0.38 temp 1 loss 7.75 helix 1.33 pae 0.64 i_pae 0.65 con 3.71 i_con 4.11 plddt 0.41 ptm 0.70 i_ptm 0.22 rg -0.32
25 models [0] recycles 1 hard 0 soft 0.45 temp 1 loss 3.53 helix 1.35 pae 0.15 i_pae 0.13 con 1.69 i_con 1.77 plddt 0.90 ptm 0.91 i_ptm 0.87 rg 1.28
19 models [0] recycles 1 hard 0 soft 0.34 temp 1 loss 6.12 helix 0.95 pae 0.44 i_pae 0.41 con 3.29 i_con 2.76 plddt 0.56 ptm 0.80 i_ptm 0.65 rg 0.26
23 models [4] recycles 1 hard 0 soft 0.41 temp 1 loss 5.10 helix 3.85 pae 0.46 i_pae 0.48 con 2.32 i_con 3.57 plddt 0.68 ptm 0.78 i_ptm 0.35 rg 0.20
22 models [2] recycles 1 hard 0 soft 0.40 temp 1 loss 6.52 helix 1.09 pae 0.52 i_pae 0.52 con 2.75 i_con 3.53 plddt 0.60 ptm 0.75 i_ptm 0.31 rg 0.77
22 models [0] recycles 1 hard 0 soft 0.40 temp 1 loss 5.68 helix 1.03 pae 0.42 i_pae 0.49 con 1.76 i_con 3.61 plddt 0.78 ptm 0.75 i_ptm 0.31 rg 1.15
26 models [0] recycles 1 hard 0 soft 0.47 temp 1 loss 4.01 helix 2.03 pae 0.19 i_pae 0.17 con 1.98 i_con 2.31 plddt 0.85 ptm 0.89 i_ptm 0.78 rg 0.71
24 models [1] recycles 1 hard 0 soft 0.43 temp 1 loss 5.43 helix 1.20 pae 0.25 i_pae 0.24 con 2.43 i_con 2.45 plddt 0.78 ptm 0.88 i_ptm 0.73 rg 2.49
19 models [2] recycles 1 hard 0 soft 0.34 temp 1 loss 7.56 helix 0.99 pae 0.67 i_pae 0.68 con 3.54 i_con 4.09 plddt 0.42 ptm 0.68 i_ptm 0.20 rg -0.68
19 models [4] recycles 1 hard 0 soft 0.34 temp 1 loss 7.00 helix 0.81 pae 0.57 i_pae 0.60 con 3.06 i_con 3.95 plddt 0.51 ptm 0.70 i_ptm 0.24 rg -0.46
22 models [3] recycles 1 hard 0 soft 0.40 temp 1 loss 7.44 helix 1.42 pae 0.63 i_pae 0.62 con 3.57 i_con 3.94 plddt 0.43 ptm 0.71 i_ptm 0.24 rg -0.17
26 models [3] recycles 1 hard 0 soft 0.47 temp 1 loss 3.17 helix 1.52 pae 0.14 i_pae 0.11 con 1.54 i_con 1.64 plddt 0.93 ptm 0.92 i_ptm 0.88 rg 1.23
24 models [1] recycles 1 hard 0 soft 0.43 temp 1 loss 4.92 helix 4.11 pae 0.46 i_pae 0.51 con 2.16 i_con 3.65 plddt 0.71 ptm 0.77 i_ptm 0.32 rg 0.13
23 models [1] recycles 1 hard 0 soft 0.41 temp 1 loss 5.90 helix 1.20 pae 0.43 i_pae 0.43 con 2.54 i_con 3.34 plddt 0.67 ptm 0.78 i_ptm 0.41 rg 0.36
20 models [3] recycles 1 hard 0 soft 0.36 temp 1 loss 6.55 helix 0.94 pae 0.47 i_pae 0.44 con 3.35 i_con 2.98 plddt 0.54 ptm 0.79 i_ptm 0.54 rg 0.66
23 models [0] recycles 1 hard 0 soft 0.41 temp 1 loss 5.53 helix 1.01 pae 0.41 i_pae 0.47 con 1.71 i_con 3.52 plddt 0.80 ptm 0.75 i_ptm 0.33 rg 1.12
27 models [1] recycles 1 hard 0 soft 0.49 temp 1 loss 5.01 helix 1.87 pae 0.29 i_pae 0.30 con 2.15 i_con 3.05 plddt 0.79 ptm 0.84 i_ptm 0.59 rg 0.61
25 models [2] recycles 1 hard 0 soft 0.45 temp 1 loss 5.01 helix 1.32 pae 0.23 i_pae 0.20 con 2.31 i_con 2.18 plddt 0.83 ptm 0.88 i_ptm 0.78 rg 2.55
27 models [3] recycles 1 hard 0 soft 0.49 temp 1 loss 3.24 helix 1.47 pae 0.14 i_pae 0.11 con 1.58 i_con 1.63 plddt 0.92 ptm 0.92 i_ptm 0.88 rg 1.30
23 models [3] recycles 1 hard 0 soft 0.41 temp 1 loss 7.20 helix 1.47 pae 0.60 i_pae 0.60 con 3.42 i_con 3.90 plddt 0.46 ptm 0.71 i_ptm 0.25 rg -0.23
20 models [0] recycles 1 hard 0 soft 0.36 temp 1 loss 7.65 helix 1.00 pae 0.65 i_pae 0.65 con 3.29 i_con 4.14 plddt 0.45 ptm 0.69 i_ptm 0.23 rg 0.3320 models [2] recycles 1 hard 0 soft 0.36 temp 1 loss 6.58 helix 0.80 pae 0.50 i_pae 0.55 con 2.75 i_con 3.78 plddt 0.63 ptm 0.72 i_ptm 0.30 rg -0.11
25 models [4] recycles 1 hard 0 soft 0.45 temp 1 loss 4.37 helix 4.29 pae 0.34 i_pae 0.33 con 2.10 i_con 3.21 plddt 0.77 ptm 0.82 i_ptm 0.51 rg 0.43

24 models [3] recycles 1 hard 0 soft 0.43 temp 1 loss 5.84 helix 1.22 pae 0.47 i_pae 0.44 con 2.58 i_con 3.30 plddt 0.65 ptm 0.77 i_ptm 0.38 rg 0.10
28 models [4] recycles 1 hard 0 soft 0.50 temp 1 loss 5.14 helix 1.88 pae 0.34 i_pae 0.37 con 2.07 i_con 3.24 plddt 0.78 ptm 0.82 i_ptm 0.52 rg 0.56
24 models [4] recycles 1 hard 0 soft 0.43 temp 1 loss 5.30 helix 0.99 pae 0.33 i_pae 0.36 con 1.74 i_con 3.28 plddt 0.83 ptm 0.79 i_ptm 0.43 rg 1.20
21 models [0] recycles 1 hard 0 soft 0.38 temp 1 loss 5.74 helix 0.97 pae 0.41 i_pae 0.37 con 3.11 i_con 2.49 plddt 0.59 ptm 0.81 i_ptm 0.69 rg 0.61
26 models [2] recycles 1 hard 0 soft 0.47 temp 1 loss 4.52 helix 1.41 pae 0.22 i_pae 0.18 con 2.25 i_con 1.79 plddt 0.84 ptm 0.89 i_ptm 0.80 rg 2.54
28 models [2] recycles 1 hard 0 soft 0.50 temp 1 loss 3.88 helix 1.21 pae 0.18 i_pae 0.15 con 1.86 i_con 1.87 plddt 0.88 ptm 0.91 i_ptm 0.85 rg 1.34
24 models [1] recycles 1 hard 0 soft 0.43 temp 1 loss 7.09 helix 1.51 pae 0.59 i_pae 0.60 con 3.40 i_con 3.82 plddt 0.48 ptm 0.72 i_ptm 0.26 rg -0.20
26 models [0] recycles 1 hard 0 soft 0.47 temp 1 loss 4.47 helix 4.29 pae 0.37 i_pae 0.39 con 2.08 i_con 3.33 plddt 0.75 ptm 0.80 i_ptm 0.46 rg 0.34
29 models [0] recycles 1 hard 0 soft 0.52 temp 1 loss 4.81 helix 2.05 pae 0.30 i_pae 0.32 con 2.04 i_con 3.04 plddt 0.78 ptm 0.83 i_ptm 0.58 rg 0.49
25 models [4] recycles 1 hard 0 soft 0.45 temp 1 loss 6.26 helix 1.11 pae 0.55 i_pae 0.54 con 2.73 i_con 3.53 plddt 0.58 ptm 0.74 i_ptm 0.26 rg -0.07
21 models [3] recycles 1 hard 0 soft 0.38 temp 1 loss 5.90 helix 0.80 pae 0.39 i_pae 0.38 con 2.63 i_con 3.20 plddt 0.69 ptm 0.78 i_ptm 0.47 rg 0.21
21 models [3] recycles 1 hard 0 soft 0.38 temp 1 loss 7.39 helix 1.00 pae 0.66 i_pae 0.66 con 3.44 i_con 4.05 plddt 0.41 ptm 0.69 i_ptm 0.21 rg -0.76
25 models [0] recycles 1 hard 0 soft 0.45 temp 1 loss 5.23 helix 1.02 pae 0.31 i_pae 0.34 con 1.78 i_con 3.21 plddt 0.82 ptm 0.80 i_ptm 0.48 rg 1.17
27 models [0] recycles 1 hard 0 soft 0.49 temp 1 loss 4.46 helix 1.43 pae 0.20 i_pae 0.18 con 2.01 i_con 2.00 plddt 0.85 ptm 0.89 i_ptm 0.79 rg 2.50
22 models [4] recycles 1 hard 0 soft 0.40 temp 1 loss 6.16 helix 0.97 pae 0.41 i_pae 0.40 con 3.04 i_con 2.92 plddt 0.59 ptm 0.80 i_ptm 0.59 rg 0.76
29 models [1] recycles 1 hard 0 soft 0.52 temp 1 loss 5.32 helix 1.07 pae 0.36 i_pae 0.32 con 3.17 i_con 1.85 plddt 0.67 ptm 0.85 i_ptm 0.86 rg 1.33
27 models [2] recycles 1 hard 0 soft 0.49 temp 1 loss 4.88 helix 4.24 pae 0.44 i_pae 0.47 con 2.27 i_con 3.59 plddt 0.70 ptm 0.78 i_ptm 0.35 rg 0.02
30 models [0] recycles 1 hard 0 soft 0.54 temp 1 loss 4.31 helix 2.03 pae 0.22 i_pae 0.21 con 2.03 i_con 2.56 plddt 0.82 ptm 0.88 i_ptm 0.75 rg 0.67
25 models [3] recycles 1 hard 0 soft 0.45 temp 1 loss 6.59 helix 1.67 pae 0.51 i_pae 0.49 con 3.15 i_con 3.51 plddt 0.55 ptm 0.75 i_ptm 0.37 rg 0.35
26 models [0] recycles 1 hard 0 soft 0.47 temp 1 loss 6.59 helix 1.14 pae 0.54 i_pae 0.56 con 2.78 i_con 3.87 plddt 0.58 ptm 0.74 i_ptm 0.27 rg -0.24
26 models [0] recycles 1 hard 0 soft 0.47 temp 1 loss 5.25 helix 1.03 pae 0.31 i_pae 0.37 con 1.71 i_con 3.30 plddt 0.82 ptm 0.80 i_ptm 0.46 rg 1.12
28 models [4] recycles 1 hard 0 soft 0.50 temp 1 loss 4.86 helix 1.33 pae 0.21 i_pae 0.19 con 2.12 i_con 2.24 plddt 0.85 ptm 0.88 i_ptm 0.77 rg 2.55
22 models [1] recycles 1 hard 0 soft 0.40 temp 1 loss 4.99 helix 0.88 pae 0.26 i_pae 0.24 con 2.30 i_con 2.74 plddt 0.79 ptm 0.85 i_ptm 0.66 rg 0.15
22 models [4] recycles 1 hard 0 soft 0.40 temp 1 loss 6.60 helix 1.08 pae 0.64 i_pae 0.67 con 2.74 i_con 4.02 plddt 0.49 ptm 0.68 i_ptm 0.19 rg -0.84
30 models [1] recycles 1 hard 0 soft 0.54 temp 1 loss 5.32 helix 1.04 pae 0.34 i_pae 0.30 con 3.11 i_con 1.95 plddt 0.67 ptm 0.86 i_ptm 0.84 rg 1.23
23 models [2] recycles 1 hard 0 soft 0.41 temp 1 loss 5.83 helix 1.01 pae 0.37 i_pae 0.36 con 2.87 i_con 2.81 plddt 0.63 ptm 0.82 i_ptm 0.64 rg 0.70
31 models [4] recycles 1 hard 0 soft 0.56 temp 1 loss 4.01 helix 2.10 pae 0.20 i_pae 0.20 con 1.87 i_con 2.43 plddt 0.86 ptm 0.89 i_ptm 0.79 rg 0.71
28 models [2] recycles 1 hard 0 soft 0.50 temp 1 loss 4.27 helix 4.25 pae 0.33 i_pae 0.33 con 2.09 i_con 3.14 plddt 0.79 ptm 0.82 i_ptm 0.52 rg 0.35
26 models [3] recycles 1 hard 0 soft 0.47 temp 1 loss 5.42 helix 1.90 pae 0.37 i_pae 0.34 con 2.72 i_con 2.88 plddt 0.65 ptm 0.81 i_ptm 0.56 rg 0.50
27 models [2] recycles 1 hard 0 soft 0.49 temp 1 loss 6.61 helix 1.24 pae 0.56 i_pae 0.57 con 2.63 i_con 3.84 plddt 0.61 ptm 0.74 i_ptm 0.25 rg 0.52
29 models [1] recycles 1 hard 0 soft 0.52 temp 1 loss 4.51 helix 1.44 pae 0.19 i_pae 0.16 con 2.02 i_con 2.03 plddt 0.86 ptm 0.90 i_ptm 0.82 rg 2.60
27 models [1] recycles 1 hard 0 soft 0.49 temp 1 loss 5.06 helix 1.02 pae 0.32 i_pae 0.36 con 1.68 i_con 3.13 plddt 0.84 ptm 0.80 i_ptm 0.47 rg 1.17
31 models [4] recycles 1 hard 0 soft 0.56 temp 1 loss 3.93 helix 1.17 pae 0.18 i_pae 0.15 con 2.00 i_con 1.82 plddt 0.86 ptm 0.90 i_ptm 0.87 rg 1.18
23 models [0] recycles 1 hard 0 soft 0.41 temp 1 loss 5.12 helix 0.92 pae 0.29 i_pae 0.28 con 2.28 i_con 2.90 plddt 0.76 ptm 0.82 i_ptm 0.60 rg 0.07
23 models [0] recycles 1 hard 0 soft 0.41 temp 1 loss 7.14 helix 1.10 pae 0.61 i_pae 0.64 con 2.69 i_con 4.06 plddt 0.54 ptm 0.69 i_ptm 0.23 rg 1.10
32 models [4] recycles 1 hard 0 soft 0.58 temp 1 loss 3.36 helix 2.03 pae 0.16 i_pae 0.13 con 1.82 i_con 1.80 plddt 0.89 ptm 0.91 i_ptm 0.86 rg 0.81
29 models [3] recycles 1 hard 0 soft 0.52 temp 1 loss 3.48 helix 4.86 pae 0.27 i_pae 0.26 con 1.79 i_con 2.84 plddt 0.84 ptm 0.84 i_ptm 0.61 rg 0.47
24 models [2] recycles 1 hard 0 soft 0.43 temp 1 loss 5.62 helix 1.12 pae 0.35 i_pae 0.33 con 2.84 i_con 2.69 plddt 0.64 ptm 0.83 i_ptm 0.68 rg 0.68
27 models [2] recycles 1 hard 0 soft 0.49 temp 1 loss 7.41 helix 1.43 pae 0.64 i_pae 0.62 con 3.66 i_con 3.90 plddt 0.42 ptm 0.70 i_ptm 0.23 rg -0.46
28 models [2] recycles 1 hard 0 soft 0.50 temp 1 loss 6.33 helix 1.07 pae 0.52 i_pae 0.52 con 2.78 i_con 3.65 plddt 0.60 ptm 0.75 i_ptm 0.30 rg -0.37
30 models [1] recycles 1 hard 0 soft 0.54 temp 1 loss 4.31 helix 1.53 pae 0.18 i_pae 0.16 con 1.87 i_con 2.04 plddt 0.88 ptm 0.90 i_ptm 0.81 rg 2.51
28 models [2] recycles 1 hard 0 soft 0.50 temp 1 loss 5.58 helix 0.88 pae 0.32 i_pae 0.35 con 2.06 i_con 3.23 plddt 0.79 ptm 0.80 i_ptm 0.50 rg 1.15
32 models [2] recycles 1 hard 0 soft 0.58 temp 1 loss 6.34 helix 1.00 pae 0.40 i_pae 0.40 con 2.94 i_con 3.11 plddt 0.64 ptm 0.81 i_ptm 0.52 rg 1.09
33 models [0] recycles 1 hard 0 soft 0.59 temp 1 loss 3.42 helix 2.09 pae 0.16 i_pae 0.14 con 1.80 i_con 1.93 plddt 0.89 ptm 0.91 i_ptm 0.85 rg 0.74
30 models [0] recycles 1 hard 0 soft 0.54 temp 1 loss 3.60 helix 4.69 pae 0.28 i_pae 0.29 con 1.75 i_con 2.96 plddt 0.83 ptm 0.83 i_ptm 0.58 rg 0.39
24 models [2] recycles 1 hard 0 soft 0.43 temp 1 loss 4.96 helix 0.89 pae 0.27 i_pae 0.26 con 2.34 i_con 2.64 plddt 0.78 ptm 0.84 i_ptm 0.67 rg 0.26
24 models [0] recycles 1 hard 0 soft 0.43 temp 1 loss 6.86 helix 1.10 pae 0.64 i_pae 0.69 con 2.59 i_con 4.10 plddt 0.54 ptm 0.68 i_ptm 0.18 rg 0.28
25 models [4] recycles 1 hard 0 soft 0.45 temp 1 loss 5.31 helix 1.11 pae 0.32 i_pae 0.31 con 2.77 i_con 2.51 plddt 0.67 ptm 0.84 i_ptm 0.71 rg 0.50
29 models [0] recycles 1 hard 0 soft 0.52 temp 1 loss 5.76 helix 1.20 pae 0.42 i_pae 0.39 con 2.59 i_con 3.12 plddt 0.65 ptm 0.79 i_ptm 0.45 rg 0.46
28 models [3] recycles 1 hard 0 soft 0.50 temp 1 loss 7.55 helix 1.35 pae 0.62 i_pae 0.60 con 3.65 i_con 3.96 plddt 0.42 ptm 0.71 i_ptm 0.25 rg -0.2131 models [4] recycles 1 hard 0 soft 0.56 temp 1 loss 4.09 helix 1.48 pae 0.18 i_pae 0.14 con 1.95 i_con 1.73 plddt 0.88 ptm 0.90 i_ptm 0.83 rg 2.47

33 models [1] recycles 1 hard 0 soft 0.59 temp 1 loss 4.84 helix 1.05 pae 0.26 i_pae 0.23 con 2.61 i_con 1.96 plddt 0.76 ptm 0.89 i_ptm 0.84 rg 1.46
29 models [2] recycles 1 hard 0 soft 0.52 temp 1 loss 4.71 helix 1.04 pae 0.22 i_pae 0.23 con 1.71 i_con 2.78 plddt 0.88 ptm 0.84 i_ptm 0.64 rg 1.28
34 models [1] recycles 1 hard 0 soft 0.61 temp 1 loss 3.55 helix 1.93 pae 0.17 i_pae 0.15 con 1.82 i_con 1.98 plddt 0.87 ptm 0.91 i_ptm 0.85 rg 0.76
31 models [1] recycles 1 hard 0 soft 0.56 temp 1 loss 3.58 helix 4.66 pae 0.28 i_pae 0.26 con 1.84 i_con 2.84 plddt 0.82 ptm 0.85 i_ptm 0.61 rg 0.39
25 models [1] recycles 1 hard 0 soft 0.45 temp 1 loss 7.27 helix 0.84 pae 0.57 i_pae 0.59 con 3.33 i_con 3.90 plddt 0.52 ptm 0.72 i_ptm 0.28 rg -0.24
30 models [4] recycles 1 hard 0 soft 0.54 temp 1 loss 6.14 helix 1.15 pae 0.50 i_pae 0.49 con 2.55 i_con 3.41 plddt 0.64 ptm 0.76 i_ptm 0.33 rg 0.6832 models [3] recycles 1 hard 0 soft 0.58 temp 1 loss 4.10 helix 1.45 pae 0.18 i_pae 0.14 con 1.91 i_con 1.75 plddt 0.88 ptm 0.91 i_ptm 0.85 rg 2.54

25 models [4] recycles 1 hard 0 soft 0.45 temp 1 loss 6.96 helix 1.02 pae 0.64 i_pae 0.66 con 2.81 i_con 3.93 plddt 0.51 ptm 0.68 i_ptm 0.21 rg 0.39
29 models [1] recycles 1 hard 0 soft 0.52 temp 1 loss 7.47 helix 1.30 pae 0.60 i_pae 0.59 con 3.65 i_con 3.85 plddt 0.45 ptm 0.72 i_ptm 0.27 rg -0.11
34 models [0] recycles 1 hard 0 soft 0.61 temp 1 loss 8.36 helix 1.98 pae 0.74 i_pae 0.81 con 3.41 i_con 4.81 plddt 0.44 ptm 0.70 i_ptm 0.12 rg 0.86
26 models [2] recycles 1 hard 0 soft 0.47 temp 1 loss 4.87 helix 1.12 pae 0.30 i_pae 0.26 con 2.64 i_con 2.18 plddt 0.70 ptm 0.85 i_ptm 0.75 rg 0.64
35 models [3] recycles 1 hard 0 soft 0.63 temp 1 loss 3.03 helix 2.17 pae 0.15 i_pae 0.12 con 1.64 i_con 1.73 plddt 0.91 ptm 0.91 i_ptm 0.87 rg 0.73
30 models [2] recycles 1 hard 0 soft 0.54 temp 1 loss 4.58 helix 1.01 pae 0.22 i_pae 0.23 con 1.67 i_con 2.69 plddt 0.88 ptm 0.84 i_ptm 0.64 rg 1.29
32 models [0] recycles 1 hard 0 soft 0.58 temp 1 loss 3.10 helix 5.01 pae 0.24 i_pae 0.23 con 1.70 i_con 2.62 plddt 0.85 ptm 0.86 i_ptm 0.66 rg 0.42
33 models [0] recycles 1 hard 0 soft 0.59 temp 1 loss 4.35 helix 1.51 pae 0.19 i_pae 0.17 con 2.00 i_con 1.96 plddt 0.87 ptm 0.89 i_ptm 0.80 rg 2.45
31 models [0] recycles 1 hard 0 soft 0.56 temp 1 loss 5.90 helix 1.31 pae 0.50 i_pae 0.51 con 2.49 i_con 3.62 plddt 0.62 ptm 0.75 i_ptm 0.30 rg -0.48
35 models [2] recycles 1 hard 0 soft 0.63 temp 1 loss 7.95 helix 2.01 pae 0.70 i_pae 0.72 con 3.52 i_con 4.37 plddt 0.40 ptm 0.71 i_ptm 0.17 rg 0.71
30 models [4] recycles 1 hard 0 soft 0.54 temp 1 loss 7.58 helix 1.39 pae 0.63 i_pae 0.63 con 3.63 i_con 3.98 plddt 0.43 ptm 0.71 i_ptm 0.23 rg -0.05
26 models [1] recycles 1 hard 0 soft 0.47 temp 1 loss 5.30 helix 1.06 pae 0.26 i_pae 0.25 con 2.49 i_con 2.90 plddt 0.74 ptm 0.85 i_ptm 0.67 rg 0.20
36 models [2] recycles 1 hard 0 soft 0.65 temp 1 loss 3.25 helix 2.04 pae 0.16 i_pae 0.12 con 1.75 i_con 1.79 plddt 0.90 ptm 0.91 i_ptm 0.86 rg 0.77
26 models [1] recycles 1 hard 0 soft 0.47 temp 1 loss 6.58 helix 1.09 pae 0.61 i_pae 0.63 con 2.70 i_con 3.83 plddt 0.53 ptm 0.70 i_ptm 0.25 rg -0.06
27 models [4] recycles 1 hard 0 soft 0.49 temp 1 loss 4.74 helix 1.26 pae 0.27 i_pae 0.25 con 2.52 i_con 2.25 plddt 0.73 ptm 0.86 i_ptm 0.77 rg 0.60
31 models [1] recycles 1 hard 0 soft 0.56 temp 1 loss 4.56 helix 0.80 pae 0.19 i_pae 0.17 con 1.85 i_con 2.42 plddt 0.86 ptm 0.88 i_ptm 0.75 rg 1.33
33 models [1] recycles 1 hard 0 soft 0.59 temp 1 loss 3.37 helix 5.10 pae 0.32 i_pae 0.33 con 1.62 i_con 2.98 plddt 0.84 ptm 0.82 i_ptm 0.50 rg 0.32
34 models [1] recycles 1 hard 0 soft 0.61 temp 1 loss 4.00 helix 1.49 pae 0.17 i_pae 0.14 con 1.91 i_con 1.68 plddt 0.88 ptm 0.91 i_ptm 0.84 rg 2.49
36 models [3] recycles 1 hard 0 soft 0.65 temp 1 loss 7.74 helix 2.03 pae 0.68 i_pae 0.71 con 3.44 i_con 4.36 plddt 0.40 ptm 0.72 i_ptm 0.19 rg 0.31
32 models [1] recycles 1 hard 0 soft 0.58 temp 1 loss 6.04 helix 1.15 pae 0.52 i_pae 0.54 con 2.53 i_con 3.57 plddt 0.61 ptm 0.75 i_ptm 0.29 rg -0.17
37 models [0] recycles 1 hard 0 soft 0.67 temp 1 loss 3.36 helix 1.94 pae 0.16 i_pae 0.13 con 1.82 i_con 1.79 plddt 0.89 ptm 0.91 i_ptm 0.86 rg 0.78
31 models [3] recycles 1 hard 0 soft 0.56 temp 1 loss 7.28 helix 1.32 pae 0.58 i_pae 0.56 con 3.59 i_con 3.74 plddt 0.46 ptm 0.72 i_ptm 0.29 rg -0.11
27 models [4] recycles 1 hard 0 soft 0.49 temp 1 loss 5.78 helix 0.98 pae 0.35 i_pae 0.30 con 3.16 i_con 2.63 plddt 0.64 ptm 0.82 i_ptm 0.64 rg 0.20
32 models [0] recycles 1 hard 0 soft 0.58 temp 1 loss 4.37 helix 1.00 pae 0.20 i_pae 0.20 con 1.59 i_con 2.58 plddt 0.88 ptm 0.86 i_ptm 0.71 rg 1.26
27 models [4] recycles 1 hard 0 soft 0.49 temp 1 loss 6.63 helix 1.10 pae 0.63 i_pae 0.64 con 2.80 i_con 3.92 plddt 0.52 ptm 0.68 i_ptm 0.21 rg -0.5628 models [2] recycles 1 hard 0 soft 0.50 temp 1 loss 4.46 helix 1.29 pae 0.27 i_pae 0.24 con 2.42 i_con 2.06 plddt 0.74 ptm 0.87 i_ptm 0.82 rg 0.67

34 models [4] recycles 1 hard 0 soft 0.61 temp 1 loss 2.62 helix 5.26 pae 0.20 i_pae 0.17 con 1.63 i_con 2.32 plddt 0.88 ptm 0.88 i_ptm 0.74 rg 0.42
37 models [2] recycles 1 hard 0 soft 0.67 temp 1 loss 7.48 helix 1.98 pae 0.67 i_pae 0.70 con 3.40 i_con 4.30 plddt 0.42 ptm 0.72 i_ptm 0.18 rg -0.23
35 models [0] recycles 1 hard 0 soft 0.63 temp 1 loss 4.15 helix 1.40 pae 0.18 i_pae 0.15 con 1.89 i_con 1.80 plddt 0.88 ptm 0.90 i_ptm 0.83 rg 2.54
38 models [0] recycles 1 hard 0 soft 0.68 temp 1 loss 3.12 helix 2.03 pae 0.15 i_pae 0.12 con 1.72 i_con 1.67 plddt 0.90 ptm 0.91 i_ptm 0.87 rg 0.80
33 models [0] recycles 1 hard 0 soft 0.59 temp 1 loss 5.64 helix 1.26 pae 0.41 i_pae 0.39 con 2.52 i_con 3.10 plddt 0.66 ptm 0.79 i_ptm 0.45 rg 0.44
32 models [0] recycles 1 hard 0 soft 0.58 temp 1 loss 7.27 helix 1.33 pae 0.58 i_pae 0.55 con 3.53 i_con 3.84 plddt 0.47 ptm 0.72 i_ptm 0.28 rg -0.24
33 models [4] recycles 1 hard 0 soft 0.59 temp 1 loss 4.22 helix 1.02 pae 0.17 i_pae 0.16 con 1.64 i_con 2.37 plddt 0.90 ptm 0.88 i_ptm 0.76 rg 1.38
35 models [0] recycles 1 hard 0 soft 0.63 temp 1 loss 3.19 helix 5.23 pae 0.27 i_pae 0.27 con 1.61 i_con 2.87 plddt 0.85 ptm 0.83 i_ptm 0.58 rg 0.35
28 models [4] recycles 1 hard 0 soft 0.50 temp 1 loss 5.05 helix 1.07 pae 0.30 i_pae 0.25 con 2.87 i_con 2.27 plddt 0.70 ptm 0.85 i_ptm 0.72 rg 0.13
29 models [1] recycles 1 hard 0 soft 0.52 temp 1 loss 4.62 helix 1.34 pae 0.26 i_pae 0.24 con 2.42 i_con 2.23 plddt 0.75 ptm 0.87 i_ptm 0.81 rg 0.70
28 models [4] recycles 1 hard 0 soft 0.50 temp 1 loss 6.52 helix 1.05 pae 0.62 i_pae 0.64 con 2.72 i_con 3.88 plddt 0.52 ptm 0.69 i_ptm 0.22 rg -0.5238 models [4] recycles 1 hard 0 soft 0.68 temp 1 loss 7.37 helix 1.98 pae 0.67 i_pae 0.71 con 3.26 i_con 4.29 plddt 0.43 ptm 0.71 i_ptm 0.17 rg -0.06

36 models [1] recycles 1 hard 0 soft 0.65 temp 1 loss 4.09 helix 1.43 pae 0.17 i_pae 0.14 con 1.91 i_con 1.78 plddt 0.88 ptm 0.91 i_ptm 0.84 rg 2.43
39 models [4] recycles 1 hard 0 soft 0.70 temp 1 loss 5.21 helix 1.97 pae 0.46 i_pae 0.50 con 1.78 i_con 3.56 plddt 0.76 ptm 0.76 i_ptm 0.29 rg 0.55
34 models [2] recycles 1 hard 0 soft 0.61 temp 1 loss 4.97 helix 1.36 pae 0.36 i_pae 0.32 con 2.20 i_con 2.72 plddt 0.75 ptm 0.81 i_ptm 0.50 rg 0.78
33 models [0] recycles 1 hard 0 soft 0.59 temp 1 loss 7.03 helix 1.41 pae 0.54 i_pae 0.52 con 3.40 i_con 3.80 plddt 0.50 ptm 0.73 i_ptm 0.31 rg -0.33
36 models [2] recycles 1 hard 0 soft 0.65 temp 1 loss 2.66 helix 5.30 pae 0.22 i_pae 0.18 con 1.62 i_con 2.37 plddt 0.88 ptm 0.86 i_ptm 0.70 rg 0.45
34 models [0] recycles 1 hard 0 soft 0.61 temp 1 loss 4.83 helix 0.86 pae 0.23 i_pae 0.22 con 1.86 i_con 2.70 plddt 0.84 ptm 0.86 i_ptm 0.68 rg 1.28
39 models [2] recycles 1 hard 0 soft 0.70 temp 1 loss 7.54 helix 1.85 pae 0.67 i_pae 0.69 con 3.39 i_con 4.26 plddt 0.43 ptm 0.72 i_ptm 0.19 rg 0.03
40 models [4] recycles 1 hard 0 soft 0.72 temp 1 loss 4.85 helix 1.95 pae 0.34 i_pae 0.36 con 1.77 i_con 3.27 plddt 0.81 ptm 0.81 i_ptm 0.46 rg 0.61
37 models [1] recycles 1 hard 0 soft 0.67 temp 1 loss 4.19 helix 1.46 pae 0.17 i_pae 0.15 con 1.85 i_con 1.93 plddt 0.89 ptm 0.90 i_ptm 0.82 rg 2.47
29 models [3] recycles 1 hard 0 soft 0.52 temp 1 loss 4.51 helix 1.15 pae 0.23 i_pae 0.19 con 2.51 i_con 2.14 plddt 0.78 ptm 0.88 i_ptm 0.77 rg 0.21
30 models [2] recycles 1 hard 0 soft 0.54 temp 1 loss 4.41 helix 1.35 pae 0.26 i_pae 0.23 con 2.34 i_con 2.10 plddt 0.75 ptm 0.87 i_ptm 0.82 rg 0.71
29 models [0] recycles 1 hard 0 soft 0.52 temp 1 loss 7.10 helix 1.03 pae 0.65 i_pae 0.69 con 2.80 i_con 4.10 plddt 0.54 ptm 0.68 i_ptm 0.19 rg 0.28
35 models [1] recycles 1 hard 0 soft 0.63 temp 1 loss 5.66 helix 1.38 pae 0.48 i_pae 0.49 con 2.25 i_con 3.44 plddt 0.67 ptm 0.76 i_ptm 0.32 rg 0.27
34 models [3] recycles 1 hard 0 soft 0.61 temp 1 loss 6.69 helix 1.43 pae 0.52 i_pae 0.49 con 3.27 i_con 3.50 plddt 0.52 ptm 0.74 i_ptm 0.35 rg 0.05
37 models [1] recycles 1 hard 0 soft 0.67 temp 1 loss 3.10 helix 5.02 pae 0.25 i_pae 0.23 con 1.73 i_con 2.60 plddt 0.85 ptm 0.85 i_ptm 0.65 rg 0.38
35 models [2] recycles 1 hard 0 soft 0.63 temp 1 loss 4.73 helix 0.89 pae 0.24 i_pae 0.24 con 1.81 i_con 2.66 plddt 0.85 ptm 0.84 i_ptm 0.63 rg 1.29
40 models [2] recycles 1 hard 0 soft 0.72 temp 1 loss 7.04 helix 1.98 pae 0.65 i_pae 0.68 con 3.22 i_con 4.11 plddt 0.46 ptm 0.72 i_ptm 0.19 rg -0.41
41 models [3] recycles 1 hard 0 soft 0.74 temp 1 loss 3.88 helix 1.76 pae 0.18 i_pae 0.16 con 1.94 i_con 2.16 plddt 0.86 ptm 0.90 i_ptm 0.83 rg 0.68
38 models [0] recycles 1 hard 0 soft 0.68 temp 1 loss 4.08 helix 1.41 pae 0.18 i_pae 0.15 con 1.87 i_con 1.82 plddt 0.88 ptm 0.90 i_ptm 0.82 rg 2.35
36 models [3] recycles 1 hard 0 soft 0.65 temp 1 loss 5.57 helix 1.38 pae 0.42 i_pae 0.39 con 2.55 i_con 2.97 plddt 0.67 ptm 0.80 i_ptm 0.49 rg 0.65
30 models [3] recycles 1 hard 0 soft 0.54 temp 1 loss 5.98 helix 0.95 pae 0.33 i_pae 0.31 con 2.91 i_con 3.13 plddt 0.67 ptm 0.82 i_ptm 0.59 rg 0.02
31 models [0] recycles 1 hard 0 soft 0.56 temp 1 loss 5.87 helix 1.11 pae 0.42 i_pae 0.38 con 3.03 i_con 2.76 plddt 0.60 ptm 0.81 i_ptm 0.63 rg 0.48
30 models [1] recycles 1 hard 0 soft 0.54 temp 1 loss 7.56 helix 0.96 pae 0.69 i_pae 0.70 con 3.46 i_con 4.09 plddt 0.43 ptm 0.68 i_ptm 0.19 rg -0.52
38 models [2] recycles 1 hard 0 soft 0.68 temp 1 loss 2.68 helix 5.21 pae 0.23 i_pae 0.20 con 1.61 i_con 2.38 plddt 0.88 ptm 0.86 i_ptm 0.69 rg 0.40
35 models [3] recycles 1 hard 0 soft 0.63 temp 1 loss 6.75 helix 1.40 pae 0.50 i_pae 0.47 con 3.31 i_con 3.46 plddt 0.52 ptm 0.75 i_ptm 0.37 rg 0.23
42 models [3] recycles 1 hard 0 soft 0.76 temp 1 loss 3.27 helix 1.87 pae 0.15 i_pae 0.12 con 1.76 i_con 1.78 plddt 0.90 ptm 0.91 i_ptm 0.87 rg 0.67
41 models [0] recycles 1 hard 0 soft 0.74 temp 1 loss 7.72 helix 2.12 pae 0.70 i_pae 0.77 con 3.19 i_con 4.63 plddt 0.45 ptm 0.70 i_ptm 0.15 rg 0.29
36 models [0] recycles 1 hard 0 soft 0.65 temp 1 loss 4.18 helix 0.94 pae 0.16 i_pae 0.14 con 1.81 i_con 2.15 plddt 0.89 ptm 0.89 i_ptm 0.80 rg 1.35
39 models [1] recycles 1 hard 0 soft 0.70 temp 1 loss 4.08 helix 1.51 pae 0.17 i_pae 0.14 con 1.83 i_con 1.87 plddt 0.89 ptm 0.90 i_ptm 0.84 rg 2.43
37 models [3] recycles 1 hard 0 soft 0.67 temp 1 loss 4.38 helix 1.51 pae 0.29 i_pae 0.24 con 2.13 i_con 2.31 plddt 0.78 ptm 0.85 i_ptm 0.66 rg 0.74
32 models [0] recycles 1 hard 0 soft 0.58 temp 1 loss 5.25 helix 1.11 pae 0.40 i_pae 0.35 con 2.90 i_con 2.26 plddt 0.63 ptm 0.82 i_ptm 0.75 rg 0.62
31 models [4] recycles 1 hard 0 soft 0.56 temp 1 loss 4.25 helix 1.09 pae 0.20 i_pae 0.18 con 2.17 i_con 2.23 plddt 0.83 ptm 0.88 i_ptm 0.77 rg 0.18
39 models [3] recycles 1 hard 0 soft 0.70 temp 1 loss 2.47 helix 5.29 pae 0.21 i_pae 0.17 con 1.66 i_con 2.13 plddt 0.88 ptm 0.87 i_ptm 0.74 rg 0.48
43 models [4] recycles 1 hard 0 soft 0.77 temp 1 loss 4.65 helix 2.06 pae 0.31 i_pae 0.32 con 1.76 i_con 3.11 plddt 0.82 ptm 0.82 i_ptm 0.53 rg 0.67
42 models [4] recycles 1 hard 0 soft 0.76 temp 1 loss 7.19 helix 1.97 pae 0.63 i_pae 0.67 con 3.11 i_con 4.02 plddt 0.47 ptm 0.72 i_ptm 0.20 rg 0.77
31 models [1] recycles 1 hard 0 soft 0.56 temp 1 loss 6.57 helix 1.18 pae 0.60 i_pae 0.60 con 2.66 i_con 3.80 plddt 0.57 ptm 0.70 i_ptm 0.23 rg 0.28
36 models [2] recycles 1 hard 0 soft 0.65 temp 1 loss 6.88 helix 1.36 pae 0.51 i_pae 0.48 con 3.43 i_con 3.50 plddt 0.49 ptm 0.75 i_ptm 0.37 rg 0.05
40 models [2] recycles 1 hard 0 soft 0.72 temp 1 loss 5.37 helix 1.21 pae 0.25 i_pae 0.22 con 2.48 i_con 2.38 plddt 0.79 ptm 0.87 i_ptm 0.72 rg 2.38
37 models [2] recycles 1 hard 0 soft 0.67 temp 1 loss 4.40 helix 1.01 pae 0.20 i_pae 0.19 con 1.73 i_con 2.45 plddt 0.89 ptm 0.86 i_ptm 0.70 rg 1.33
38 models [2] recycles 1 hard 0 soft 0.68 temp 1 loss 8.29 helix 1.20 pae 0.68 i_pae 0.66 con 4.09 i_con 3.96 plddt 0.40 ptm 0.73 i_ptm 0.22 rg 0.54
44 models [1] recycles 1 hard 0 soft 0.79 temp 1 loss 3.01 helix 1.95 pae 0.15 i_pae 0.12 con 1.67 i_con 1.62 plddt 0.91 ptm 0.92 i_ptm 0.88 rg 0.72
40 models [0] recycles 1 hard 0 soft 0.72 temp 1 loss 2.90 helix 5.14 pae 0.24 i_pae 0.22 con 1.61 i_con 2.56 plddt 0.86 ptm 0.85 i_ptm 0.66 rg 0.4143 models [3] recycles 1 hard 0 soft 0.77 temp 1 loss 7.21 helix 1.82 pae 0.65 i_pae 0.68 con 3.20 i_con 4.18 plddt 0.45 ptm 0.72 i_ptm 0.20 rg -0.15

33 models [2] recycles 1 hard 0 soft 0.59 temp 1 loss 4.24 helix 1.41 pae 0.23 i_pae 0.21 con 2.26 i_con 2.06 plddt 0.78 ptm 0.88 i_ptm 0.83 rg 0.68
32 models [0] recycles 1 hard 0 soft 0.58 temp 1 loss 7.54 helix 0.91 pae 0.62 i_pae 0.67 con 3.19 i_con 4.19 plddt 0.51 ptm 0.70 i_ptm 0.22 rg 0.12
41 models [4] recycles 1 hard 0 soft 0.74 temp 1 loss 4.24 helix 1.47 pae 0.18 i_pae 0.15 con 1.99 i_con 1.83 plddt 0.88 ptm 0.90 i_ptm 0.82 rg 2.46
37 models [2] recycles 1 hard 0 soft 0.67 temp 1 loss 6.88 helix 1.42 pae 0.52 i_pae 0.51 con 3.28 i_con 3.66 plddt 0.53 ptm 0.73 i_ptm 0.33 rg 0.10
38 models [0] recycles 1 hard 0 soft 0.68 temp 1 loss 4.15 helix 0.89 pae 0.17 i_pae 0.14 con 1.76 i_con 2.18 plddt 0.89 ptm 0.89 i_ptm 0.80 rg 1.25
32 models [2] recycles 1 hard 0 soft 0.58 temp 1 loss 6.70 helix 1.07 pae 0.61 i_pae 0.63 con 2.87 i_con 3.91 plddt 0.54 ptm 0.69 i_ptm 0.22 rg -0.52
39 models [2] recycles 1 hard 0 soft 0.70 temp 1 loss 5.37 helix 1.50 pae 0.39 i_pae 0.34 con 2.45 i_con 2.66 plddt 0.70 ptm 0.81 i_ptm 0.51 rg 1.54
45 models [3] recycles 1 hard 0 soft 0.81 temp 1 loss 3.28 helix 2.00 pae 0.16 i_pae 0.13 con 1.70 i_con 1.86 plddt 0.90 ptm 0.91 i_ptm 0.86 rg 0.75
44 models [0] recycles 1 hard 0 soft 0.79 temp 1 loss 6.97 helix 1.99 pae 0.63 i_pae 0.69 con 2.94 i_con 4.16 plddt 0.48 ptm 0.71 i_ptm 0.18 rg 0.15
41 models [2] recycles 1 hard 0 soft 0.74 temp 1 loss 2.53 helix 5.25 pae 0.21 i_pae 0.17 con 1.60 i_con 2.23 plddt 0.89 ptm 0.87 i_ptm 0.73 rg 0.50
42 models [3] recycles 1 hard 0 soft 0.76 temp 1 loss 3.87 helix 1.53 pae 0.16 i_pae 0.13 con 1.79 i_con 1.69 plddt 0.90 ptm 0.91 i_ptm 0.86 rg 2.49
34 models [1] recycles 1 hard 0 soft 0.61 temp 1 loss 4.72 helix 1.24 pae 0.27 i_pae 0.26 con 2.40 i_con 2.34 plddt 0.73 ptm 0.86 i_ptm 0.77 rg 0.61
38 models [3] recycles 1 hard 0 soft 0.68 temp 1 loss 6.62 helix 1.47 pae 0.50 i_pae 0.50 con 2.98 i_con 3.70 plddt 0.58 ptm 0.73 i_ptm 0.33 rg 0.17
39 models [0] recycles 1 hard 0 soft 0.70 temp 1 loss 4.44 helix 1.00 pae 0.20 i_pae 0.19 con 1.70 i_con 2.53 plddt 0.87 ptm 0.86 i_ptm 0.70 rg 1.30
33 models [4] recycles 1 hard 0 soft 0.59 temp 1 loss 4.14 helix 1.22 pae 0.20 i_pae 0.17 con 2.17 i_con 2.13 plddt 0.83 ptm 0.89 i_ptm 0.81 rg 0.28
33 models [2] recycles 1 hard 0 soft 0.59 temp 1 loss 6.83 helix 1.15 pae 0.63 i_pae 0.66 con 2.94 i_con 4.03 plddt 0.51 ptm 0.68 i_ptm 0.21 rg -0.66
40 models [1] recycles 1 hard 0 soft 0.72 temp 1 loss 5.88 helix 1.37 pae 0.52 i_pae 0.54 con 2.35 i_con 3.54 plddt 0.66 ptm 0.76 i_ptm 0.30 rg 0.22
46 models [1] recycles 1 hard 0 soft 0.83 temp 1 loss 3.06 helix 2.08 pae 0.14 i_pae 0.12 con 1.65 i_con 1.76 plddt 0.91 ptm 0.92 i_ptm 0.87 rg 0.62
45 models [3] recycles 1 hard 0 soft 0.81 temp 1 loss 6.82 helix 2.21 pae 0.63 i_pae 0.66 con 3.07 i_con 4.02 plddt 0.47 ptm 0.72 i_ptm 0.20 rg -0.04
42 models [4] recycles 1 hard 0 soft 0.76 temp 1 loss 2.02 helix 5.44 pae 0.17 i_pae 0.13 con 1.55 i_con 1.87 plddt 0.91 ptm 0.90 i_ptm 0.81 rg 0.45
43 models [2] recycles 1 hard 0 soft 0.77 temp 1 loss 4.29 helix 1.40 pae 0.19 i_pae 0.15 con 1.97 i_con 1.89 plddt 0.88 ptm 0.90 i_ptm 0.83 rg 2.46
39 models [0] recycles 1 hard 0 soft 0.70 temp 1 loss 6.81 helix 1.44 pae 0.48 i_pae 0.49 con 3.11 i_con 3.72 plddt 0.56 ptm 0.74 i_ptm 0.36 rg 0.3340 models [2] recycles 1 hard 0 soft 0.72 temp 1 loss 4.29 helix 0.97 pae 0.17 i_pae 0.15 con 1.67 i_con 2.40 plddt 0.90 ptm 0.88 i_ptm 0.78 rg 1.34

35 models [1] recycles 1 hard 0 soft 0.63 temp 1 loss 4.82 helix 1.16 pae 0.35 i_pae 0.31 con 2.70 i_con 2.06 plddt 0.67 ptm 0.85 i_ptm 0.79 rg 0.65
34 models [0] recycles 1 hard 0 soft 0.61 temp 1 loss 4.93 helix 1.17 pae 0.22 i_pae 0.22 con 2.25 i_con 2.82 plddt 0.80 ptm 0.86 i_ptm 0.71 rg 0.19
47 models [2] recycles 1 hard 0 soft 0.85 temp 1 loss 5.55 helix 1.66 pae 0.49 i_pae 0.52 con 2.06 i_con 3.58 plddt 0.73 ptm 0.76 i_ptm 0.27 rg 0.31
41 models [2] recycles 1 hard 0 soft 0.74 temp 1 loss 6.14 helix 1.36 pae 0.59 i_pae 0.64 con 2.43 i_con 3.90 plddt 0.65 ptm 0.73 i_ptm 0.22 rg -0.50
46 models [1] recycles 1 hard 0 soft 0.83 temp 1 loss 6.75 helix 2.17 pae 0.61 i_pae 0.66 con 2.87 i_con 4.07 plddt 0.51 ptm 0.73 i_ptm 0.20 rg 0.17
34 models [4] recycles 1 hard 0 soft 0.61 temp 1 loss 6.67 helix 1.16 pae 0.63 i_pae 0.65 con 2.80 i_con 4.01 plddt 0.52 ptm 0.68 i_ptm 0.21 rg -0.68
43 models [2] recycles 1 hard 0 soft 0.77 temp 1 loss 2.09 helix 5.50 pae 0.18 i_pae 0.14 con 1.57 i_con 1.92 plddt 0.91 ptm 0.89 i_ptm 0.81 rg 0.48
44 models [4] recycles 1 hard 0 soft 0.79 temp 1 loss 5.31 helix 1.23 pae 0.25 i_pae 0.22 con 2.31 i_con 2.42 plddt 0.80 ptm 0.87 i_ptm 0.69 rg 2.66
41 models [0] recycles 1 hard 0 soft 0.74 temp 1 loss 4.16 helix 0.94 pae 0.16 i_pae 0.13 con 1.74 i_con 2.25 plddt 0.89 ptm 0.89 i_ptm 0.81 rg 1.18
40 models [3] recycles 1 hard 0 soft 0.72 temp 1 loss 7.00 helix 1.36 pae 0.50 i_pae 0.50 con 3.16 i_con 3.79 plddt 0.56 ptm 0.74 i_ptm 0.35 rg 0.43
48 models [0] recycles 1 hard 0 soft 0.86 temp 1 loss 2.91 helix 2.10 pae 0.14 i_pae 0.11 con 1.63 i_con 1.63 plddt 0.92 ptm 0.91 i_ptm 0.88 rg 0.65
36 models [4] recycles 1 hard 0 soft 0.65 temp 1 loss 4.68 helix 1.38 pae 0.25 i_pae 0.23 con 2.46 i_con 2.32 plddt 0.73 ptm 0.87 i_ptm 0.75 rg 0.49
42 models [4] recycles 1 hard 0 soft 0.76 temp 1 loss 6.02 helix 1.45 pae 0.56 i_pae 0.58 con 2.25 i_con 3.69 plddt 0.65 ptm 0.73 i_ptm 0.23 rg 0.51
47 models [2] recycles 1 hard 0 soft 0.85 temp 1 loss 6.92 helix 2.13 pae 0.64 i_pae 0.66 con 3.25 i_con 3.97 plddt 0.45 ptm 0.72 i_ptm 0.20 rg -0.25
35 models [0] recycles 1 hard 0 soft 0.63 temp 1 loss 6.50 helix 0.94 pae 0.49 i_pae 0.55 con 2.66 i_con 3.85 plddt 0.60 ptm 0.72 i_ptm 0.32 rg -0.17
44 models [2] recycles 1 hard 0 soft 0.79 temp 1 loss 2.19 helix 5.56 pae 0.18 i_pae 0.15 con 1.57 i_con 2.05 plddt 0.90 ptm 0.89 i_ptm 0.80 rg 0.44
45 models [1] recycles 1 hard 0 soft 0.81 temp 1 loss 4.24 helix 1.47 pae 0.18 i_pae 0.16 con 1.85 i_con 2.01 plddt 0.88 ptm 0.89 i_ptm 0.81 rg 2.38
35 models [1] recycles 1 hard 0 soft 0.63 temp 1 loss 7.00 helix 1.18 pae 0.63 i_pae 0.67 con 2.85 i_con 4.06 plddt 0.54 ptm 0.69 i_ptm 0.20 rg 0.12
42 models [4] recycles 1 hard 0 soft 0.76 temp 1 loss 4.55 helix 0.89 pae 0.19 i_pae 0.18 con 1.73 i_con 2.54 plddt 0.88 ptm 0.88 i_ptm 0.74 rg 1.40
49 models [2] recycles 1 hard 0 soft 0.88 temp 1 loss 3.31 helix 2.01 pae 0.16 i_pae 0.13 con 1.77 i_con 1.82 plddt 0.90 ptm 0.91 i_ptm 0.86 rg 0.77
41 models [1] recycles 1 hard 0 soft 0.74 temp 1 loss 6.72 helix 1.67 pae 0.49 i_pae 0.53 con 2.91 i_con 3.82 plddt 0.61 ptm 0.73 i_ptm 0.32 rg 0.55
48 models [0] recycles 1 hard 0 soft 0.86 temp 1 loss 6.60 helix 2.34 pae 0.60 i_pae 0.64 con 2.89 i_con 3.95 plddt 0.51 ptm 0.72 i_ptm 0.22 rg 0.22
43 models [4] recycles 1 hard 0 soft 0.77 temp 1 loss 4.66 helix 1.55 pae 0.32 i_pae 0.28 con 2.14 i_con 2.46 plddt 0.76 ptm 0.83 i_ptm 0.59 rg 1.07
37 models [4] recycles 1 hard 0 soft 0.67 temp 1 loss 4.29 helix 1.48 pae 0.20 i_pae 0.19 con 2.13 i_con 2.31 plddt 0.81 ptm 0.89 i_ptm 0.80 rg 0.56
45 models [3] recycles 1 hard 0 soft 0.81 temp 1 loss 2.03 helix 5.98 pae 0.17 i_pae 0.15 con 1.50 i_con 2.09 plddt 0.91 ptm 0.89 i_ptm 0.79 rg 0.44
46 models [2] recycles 1 hard 0 soft 0.83 temp 1 loss 4.33 helix 1.43 pae 0.19 i_pae 0.16 con 1.92 i_con 2.01 plddt 0.89 ptm 0.89 i_ptm 0.81 rg 2.39
36 models [1] recycles 1 hard 0 soft 0.65 temp 1 loss 7.32 helix 0.92 pae 0.60 i_pae 0.63 con 3.26 i_con 4.00 plddt 0.50 ptm 0.71 i_ptm 0.27 rg -0.20
50 models [4] recycles 1 hard 0 soft 0.90 temp 1 loss 3.82 helix 2.01 pae 0.18 i_pae 0.16 con 1.97 i_con 2.13 plddt 0.86 ptm 0.90 i_ptm 0.83 rg 0.7036 models [3] recycles 1 hard 0 soft 0.65 temp 1 loss 6.67 helix 1.22 pae 0.61 i_pae 0.63 con 2.71 i_con 3.93 plddt 0.57 ptm 0.69 i_ptm 0.21 rg -0.01

Initial trajectory pLDDT good, continuing: 0.92
Stage 1: Additional Logits Optimisation
43 models [0] recycles 1 hard 0 soft 0.77 temp 1 loss 4.30 helix 0.90 pae 0.17 i_pae 0.14 con 1.90 i_con 2.20 plddt 0.87 ptm 0.89 i_ptm 0.81 rg 1.23
42 models [3] recycles 1 hard 0 soft 0.76 temp 1 loss 6.57 helix 1.52 pae 0.50 i_pae 0.52 con 2.79 i_con 3.80 plddt 0.61 ptm 0.72 i_ptm 0.28 rg 0.35
49 models [4] recycles 1 hard 0 soft 0.88 temp 1 loss 6.97 helix 2.45 pae 0.64 i_pae 0.64 con 3.12 i_con 3.95 plddt 0.46 ptm 0.72 i_ptm 0.21 rg 0.76
44 models [2] recycles 1 hard 0 soft 0.79 temp 1 loss 5.61 helix 1.42 pae 0.54 i_pae 0.55 con 2.20 i_con 3.54 plddt 0.69 ptm 0.74 i_ptm 0.27 rg -0.15
46 models [3] recycles 1 hard 0 soft 0.83 temp 1 loss 1.35 helix 6.15 pae 0.14 i_pae 0.10 con 1.43 i_con 1.55 plddt 0.93 ptm 0.91 i_ptm 0.87 rg 0.45
47 models [0] recycles 1 hard 0 soft 0.85 temp 1 loss 4.12 helix 1.42 pae 0.17 i_pae 0.15 con 1.83 i_con 1.90 plddt 0.89 ptm 0.89 i_ptm 0.82 rg 2.37
38 models [0] recycles 1 hard 0 soft 0.68 temp 1 loss 4.26 helix 1.32 pae 0.25 i_pae 0.22 con 2.30 i_con 2.05 plddt 0.74 ptm 0.87 i_ptm 0.81 rg 0.49
51 models [3] recycles 1 hard 0 soft 0.04 temp 1 loss 2.74 helix 2.14 pae 0.14 i_pae 0.10 con 1.57 i_con 1.56 plddt 0.93 ptm 0.92 i_ptm 0.89 rg 0.60
37 models [2] recycles 1 hard 0 soft 0.67 temp 1 loss 6.69 helix 0.98 pae 0.52 i_pae 0.53 con 2.90 i_con 3.78 plddt 0.57 ptm 0.73 i_ptm 0.32 rg -0.12
50 models [0] recycles 1 hard 0 soft 0.90 temp 1 loss 7.00 helix 2.29 pae 0.64 i_pae 0.69 con 3.01 i_con 4.27 plddt 0.48 ptm 0.71 i_ptm 0.19 rg -0.02
Initial trajectory pLDDT good, continuing: 0.93
Stage 1: Additional Logits Optimisation
44 models [2] recycles 1 hard 0 soft 0.79 temp 1 loss 4.27 helix 0.92 pae 0.17 i_pae 0.14 con 1.80 i_con 2.24 plddt 0.89 ptm 0.89 i_ptm 0.79 rg 1.35
43 models [2] recycles 1 hard 0 soft 0.77 temp 1 loss 6.74 helix 1.53 pae 0.52 i_pae 0.53 con 2.98 i_con 3.76 plddt 0.59 ptm 0.72 i_ptm 0.29 rg 0.38
37 models [1] recycles 1 hard 0 soft 0.67 temp 1 loss 6.59 helix 1.25 pae 0.60 i_pae 0.63 con 2.77 i_con 3.89 plddt 0.56 ptm 0.69 i_ptm 0.23 rg -0.29
45 models [2] recycles 1 hard 0 soft 0.81 temp 1 loss 5.67 helix 1.45 pae 0.56 i_pae 0.60 con 2.15 i_con 3.78 plddt 0.69 ptm 0.73 i_ptm 0.23 rg -0.60
47 models [2] recycles 1 hard 0 soft 0.85 temp 1 loss 1.95 helix 5.72 pae 0.17 i_pae 0.13 con 1.55 i_con 1.89 plddt 0.92 ptm 0.90 i_ptm 0.83 rg 0.43
48 models [3] recycles 1 hard 0 soft 0.86 temp 1 loss 6.54 helix 1.01 pae 0.38 i_pae 0.34 con 3.09 i_con 2.84 plddt 0.67 ptm 0.82 i_ptm 0.53 rg 2.24
52 models [4] recycles 1 hard 0 soft 0.08 temp 1 loss 3.11 helix 2.26 pae 0.14 i_pae 0.12 con 1.64 i_con 1.86 plddt 0.92 ptm 0.91 i_ptm 0.88 rg 0.68
39 models [2] recycles 1 hard 0 soft 0.70 temp 1 loss 3.92 helix 1.47 pae 0.24 i_pae 0.20 con 2.14 i_con 1.90 plddt 0.78 ptm 0.89 i_ptm 0.84 rg 0.61
51 models [2] recycles 1 hard 0 soft 0.04 temp 1 loss 8.33 helix 2.04 pae 0.81 i_pae 0.78 con 4.55 i_con 4.15 plddt 0.21 ptm 0.65 i_ptm 0.15 rg -0.93
38 models [4] recycles 1 hard 0 soft 0.68 temp 1 loss 5.14 helix 1.12 pae 0.26 i_pae 0.24 con 2.47 i_con 2.81 plddt 0.74 ptm 0.84 i_ptm 0.66 rg 0.07
45 models [1] recycles 1 hard 0 soft 0.81 temp 1 loss 3.95 helix 0.96 pae 0.15 i_pae 0.12 con 1.71 i_con 2.07 plddt 0.90 ptm 0.90 i_ptm 0.83 rg 1.21
44 models [3] recycles 1 hard 0 soft 0.79 temp 1 loss 6.59 helix 1.51 pae 0.52 i_pae 0.54 con 2.80 i_con 3.83 plddt 0.62 ptm 0.72 i_ptm 0.27 rg 0.25
46 models [3] recycles 1 hard 0 soft 0.83 temp 1 loss 5.71 helix 1.42 pae 0.54 i_pae 0.58 con 2.13 i_con 3.78 plddt 0.69 ptm 0.73 i_ptm 0.24 rg -0.39
49 models [3] recycles 1 hard 0 soft 0.88 temp 1 loss 5.26 helix 1.22 pae 0.22 i_pae 0.19 con 2.46 i_con 2.26 plddt 0.82 ptm 0.88 i_ptm 0.77 rg 2.56
48 models [3] recycles 1 hard 0 soft 0.86 temp 1 loss 1.47 helix 6.20 pae 0.15 i_pae 0.11 con 1.42 i_con 1.67 plddt 0.93 ptm 0.90 i_ptm 0.85 rg 0.51
38 models [2] recycles 1 hard 0 soft 0.68 temp 1 loss 6.31 helix 1.23 pae 0.60 i_pae 0.63 con 2.63 i_con 3.84 plddt 0.57 ptm 0.69 i_ptm 0.23 rg -0.60
53 models [4] recycles 1 hard 0 soft 0.12 temp 1 loss 2.87 helix 2.27 pae 0.13 i_pae 0.11 con 1.53 i_con 1.76 plddt 0.93 ptm 0.92 i_ptm 0.89 rg 0.64
52 models [4] recycles 1 hard 0 soft 0.08 temp 1 loss 6.37 helix 2.53 pae 0.59 i_pae 0.61 con 2.94 i_con 3.85 plddt 0.51 ptm 0.73 i_ptm 0.23 rg -0.13
40 models [2] recycles 1 hard 0 soft 0.72 temp 1 loss 3.98 helix 1.40 pae 0.23 i_pae 0.20 con 2.18 i_con 1.87 plddt 0.79 ptm 0.89 i_ptm 0.83 rg 0.68
46 models [0] recycles 1 hard 0 soft 0.83 temp 1 loss 4.41 helix 0.99 pae 0.19 i_pae 0.17 con 1.81 i_con 2.39 plddt 0.87 ptm 0.87 i_ptm 0.75 rg 1.28
47 models [3] recycles 1 hard 0 soft 0.85 temp 1 loss 4.80 helix 1.58 pae 0.33 i_pae 0.30 con 2.09 i_con 2.62 plddt 0.77 ptm 0.83 i_ptm 0.58 rg 1.24
50 models [2] recycles 1 hard 0 soft 0.90 temp 1 loss 8.01 helix 1.06 pae 0.66 i_pae 0.65 con 3.94 i_con 4.01 plddt 0.41 ptm 0.74 i_ptm 0.21 rg -0.17
Initial trajectory pLDDT good, continuing: 0.9
45 models [3] recycles 1 hard 0 soft 0.81 temp 1 loss 6.56 helix 1.46 pae 0.45 i_pae 0.44 con 2.97 i_con 3.56 plddt 0.61 ptm 0.76 i_ptm 0.40 rg 0.55
39 models [2] recycles 1 hard 0 soft 0.70 temp 1 loss 4.45 helix 1.13 pae 0.23 i_pae 0.19 con 2.34 i_con 2.23 plddt 0.79 ptm 0.87 i_ptm 0.76 rg 0.22
Stage 1: Additional Logits Optimisation
49 models [2] recycles 1 hard 0 soft 0.88 temp 1 loss 1.93 helix 5.47 pae 0.16 i_pae 0.12 con 1.60 i_con 1.75 plddt 0.91 ptm 0.90 i_ptm 0.85 rg 0.40
54 models [2] recycles 1 hard 0 soft 0.16 temp 1 loss 2.97 helix 2.12 pae 0.14 i_pae 0.11 con 1.58 i_con 1.74 plddt 0.93 ptm 0.91 i_ptm 0.88 rg 0.67
39 models [3] recycles 1 hard 0 soft 0.70 temp 1 loss 6.66 helix 1.25 pae 0.60 i_pae 0.66 con 2.62 i_con 4.17 plddt 0.57 ptm 0.68 i_ptm 0.22 rg -0.47
53 models [3] recycles 1 hard 0 soft 0.12 temp 1 loss 5.54 helix 2.89 pae 0.49 i_pae 0.50 con 2.46 i_con 3.57 plddt 0.64 ptm 0.75 i_ptm 0.29 rg 0.21
41 models [4] recycles 1 hard 0 soft 0.74 temp 1 loss 4.08 helix 1.41 pae 0.24 i_pae 0.21 con 2.20 i_con 1.99 plddt 0.76 ptm 0.88 i_ptm 0.83 rg 0.53
47 models [4] recycles 1 hard 0 soft 0.85 temp 1 loss 4.08 helix 0.95 pae 0.17 i_pae 0.14 con 1.68 i_con 2.20 plddt 0.90 ptm 0.89 i_ptm 0.79 rg 1.30
51 models [0] recycles 1 hard 0 soft 0.04 temp 1 loss 7.97 helix 1.00 pae 0.60 i_pae 0.58 con 3.85 i_con 3.89 plddt 0.46 ptm 0.75 i_ptm 0.27 rg 0.49
48 models [4] recycles 1 hard 0 soft 0.86 temp 1 loss 4.83 helix 1.66 pae 0.31 i_pae 0.27 con 2.06 i_con 2.50 plddt 0.79 ptm 0.85 i_ptm 0.65 rg 1.91
50 models [0] recycles 1 hard 0 soft 0.90 temp 1 loss 2.20 helix 5.20 pae 0.17 i_pae 0.14 con 1.56 i_con 1.95 plddt 0.90 ptm 0.90 i_ptm 0.82 rg 0.49
Initial trajectory pLDDT good, continuing: 0.93
46 models [4] recycles 1 hard 0 soft 0.83 temp 1 loss 7.27 helix 1.33 pae 0.58 i_pae 0.58 con 3.31 i_con 3.90 plddt 0.49 ptm 0.71 i_ptm 0.27 rg 0.25Beta sheeted trajectory detected, optimising settings
Stage 1: Additional Logits Optimisation

55 models [4] recycles 1 hard 0 soft 0.20 temp 1 loss 3.15 helix 2.19 pae 0.15 i_pae 0.13 con 1.67 i_con 1.84 plddt 0.91 ptm 0.91 i_ptm 0.86 rg 0.67
40 models [2] recycles 1 hard 0 soft 0.72 temp 1 loss 4.64 helix 1.08 pae 0.23 i_pae 0.19 con 2.33 i_con 2.45 plddt 0.80 ptm 0.87 i_ptm 0.76 rg 0.16
54 models [3] recycles 1 hard 0 soft 0.16 temp 1 loss 5.05 helix 3.53 pae 0.45 i_pae 0.48 con 2.17 i_con 3.58 plddt 0.71 ptm 0.75 i_ptm 0.32 rg 0.21
40 models [4] recycles 1 hard 0 soft 0.72 temp 1 loss 6.46 helix 1.22 pae 0.59 i_pae 0.62 con 2.36 i_con 3.93 plddt 0.61 ptm 0.69 i_ptm 0.22 rg 0.55
52 models [3] recycles 1 hard 0 soft 0.08 temp 1 loss 3.92 helix 1.43 pae 0.16 i_pae 0.13 con 1.91 i_con 1.61 plddt 0.90 ptm 0.91 i_ptm 0.86 rg 2.44
49 models [0] recycles 1 hard 0 soft 0.88 temp 1 loss 4.33 helix 1.65 pae 0.27 i_pae 0.23 con 2.06 i_con 2.18 plddt 0.80 ptm 0.86 i_ptm 0.73 rg 1.41
48 models [0] recycles 1 hard 0 soft 0.86 temp 1 loss 7.96 helix 0.73 pae 0.62 i_pae 0.61 con 3.72 i_con 3.94 plddt 0.45 ptm 0.74 i_ptm 0.26 rg 0.42
56 models [3] recycles 1 hard 0 soft 0.24 temp 1 loss 2.56 helix 2.39 pae 0.13 i_pae 0.10 con 1.48 i_con 1.54 plddt 0.94 ptm 0.92 i_ptm 0.90 rg 0.62
42 models [2] recycles 1 hard 0 soft 0.76 temp 1 loss 3.76 helix 1.50 pae 0.22 i_pae 0.18 con 2.07 i_con 1.79 plddt 0.80 ptm 0.89 i_ptm 0.86 rg 0.72
47 models [2] recycles 1 hard 0 soft 0.85 temp 1 loss 7.00 helix 1.46 pae 0.56 i_pae 0.59 con 3.07 i_con 3.91 plddt 0.56 ptm 0.71 i_ptm 0.25 rg 0.32
55 models [2] recycles 1 hard 0 soft 0.20 temp 1 loss 5.84 helix 2.41 pae 0.52 i_pae 0.54 con 2.65 i_con 3.61 plddt 0.59 ptm 0.75 i_ptm 0.31 rg -0.08
51 models [4] recycles 3 hard 0 soft 0.04 temp 1 loss 4.41 helix 3.86 pae 0.29 i_pae 0.27 con 2.28 i_con 2.99 plddt 0.75 ptm 0.85 i_ptm 0.63 rg 0.3741 models [4] recycles 1 hard 0 soft 0.74 temp 1 loss 4.27 helix 1.27 pae 0.20 i_pae 0.18 con 2.05 i_con 2.43 plddt 0.84 ptm 0.87 i_ptm 0.76 rg 0.12

53 models [0] recycles 1 hard 0 soft 0.12 temp 1 loss 3.68 helix 1.48 pae 0.16 i_pae 0.13 con 1.80 i_con 1.52 plddt 0.90 ptm 0.91 i_ptm 0.85 rg 2.38
41 models [3] recycles 1 hard 0 soft 0.74 temp 1 loss 6.45 helix 1.27 pae 0.60 i_pae 0.63 con 2.56 i_con 3.99 plddt 0.58 ptm 0.69 i_ptm 0.22 rg -0.32
57 models [2] recycles 1 hard 0 soft 0.28 temp 1 loss 2.81 helix 2.31 pae 0.13 i_pae 0.11 con 1.52 i_con 1.71 plddt 0.94 ptm 0.91 i_ptm 0.89 rg 0.65
50 models [1] recycles 1 hard 0 soft 0.90 temp 1 loss 6.01 helix 1.17 pae 0.43 i_pae 0.46 con 2.41 i_con 3.45 plddt 0.70 ptm 0.78 i_ptm 0.43 rg 0.74
Initial trajectory pLDDT good, continuing: 0.8
Stage 1: Additional Logits Optimisation
49 models [0] recycles 1 hard 0 soft 0.88 temp 1 loss 7.89 helix 0.77 pae 0.62 i_pae 0.62 con 3.51 i_con 3.95 plddt 0.49 ptm 0.73 i_ptm 0.24 rg 0.89
48 models [1] recycles 1 hard 0 soft 0.86 temp 1 loss 7.52 helix 1.46 pae 0.60 i_pae 0.63 con 3.42 i_con 4.04 plddt 0.50 ptm 0.71 i_ptm 0.26 rg 0.37
43 models [0] recycles 1 hard 0 soft 0.77 temp 1 loss 3.94 helix 1.43 pae 0.23 i_pae 0.21 con 2.12 i_con 1.94 plddt 0.78 ptm 0.88 i_ptm 0.83 rg 0.55
56 models [0] recycles 1 hard 0 soft 0.24 temp 1 loss 6.89 helix 2.17 pae 0.57 i_pae 0.59 con 3.02 i_con 3.87 plddt 0.51 ptm 0.74 i_ptm 0.25 rg 0.90
42 models [1] recycles 1 hard 0 soft 0.76 temp 1 loss 3.70 helix 1.30 pae 0.18 i_pae 0.15 con 1.99 i_con 1.94 plddt 0.86 ptm 0.90 i_ptm 0.83 rg 0.16
58 models [1] recycles 1 hard 0 soft 0.32 temp 1 loss 2.71 helix 2.30 pae 0.13 i_pae 0.10 con 1.55 i_con 1.59 plddt 0.93 ptm 0.92 i_ptm 0.90 rg 0.61
54 models [2] recycles 1 hard 0 soft 0.16 temp 1 loss 9.03 helix 1.44 pae 0.72 i_pae 0.70 con 4.21 i_con 3.82 plddt 0.32 ptm 0.72 i_ptm 0.19 rg 3.21
52 models [3] recycles 3 hard 0 soft 0.08 temp 1 loss 1.98 helix 5.27 pae 0.16 i_pae 0.12 con 1.53 i_con 1.80 plddt 0.92 ptm 0.91 i_ptm 0.84 rg 0.46
51 models [3] recycles 1 hard 0 soft 0.04 temp 1 loss 4.90 helix 1.46 pae 0.34 i_pae 0.31 con 2.06 i_con 2.89 plddt 0.77 ptm 0.82 i_ptm 0.54 rg 0.60
50 models [3] recycles 1 hard 0 soft 0.90 temp 1 loss 7.72 helix 0.92 pae 0.59 i_pae 0.60 con 3.22 i_con 3.91 plddt 0.55 ptm 0.74 i_ptm 0.26 rg 1.64
Initial trajectory pLDDT good, continuing: 0.9
Stage 1: Additional Logits Optimisation
42 models [4] recycles 1 hard 0 soft 0.76 temp 1 loss 6.70 helix 1.17 pae 0.62 i_pae 0.63 con 2.81 i_con 3.89 plddt 0.52 ptm 0.69 i_ptm 0.21 rg -0.19
57 models [4] recycles 1 hard 0 soft 0.28 temp 1 loss 5.25 helix 3.18 pae 0.48 i_pae 0.51 con 2.28 i_con 3.55 plddt 0.67 ptm 0.75 i_ptm 0.29 rg 0.20
49 models [1] recycles 1 hard 0 soft 0.88 temp 1 loss 6.72 helix 1.54 pae 0.51 i_pae 0.54 con 2.89 i_con 3.80 plddt 0.59 ptm 0.72 i_ptm 0.32 rg 0.52
44 models [0] recycles 1 hard 0 soft 0.79 temp 1 loss 4.10 helix 1.45 pae 0.23 i_pae 0.20 con 2.27 i_con 1.98 plddt 0.78 ptm 0.89 i_ptm 0.82 rg 0.49
59 models [1] recycles 1 hard 0 soft 0.36 temp 1 loss 4.33 helix 1.87 pae 0.22 i_pae 0.19 con 2.40 i_con 2.16 plddt 0.78 ptm 0.89 i_ptm 0.77 rg 0.65
55 models [2] recycles 1 hard 0 soft 0.20 temp 1 loss 5.10 helix 4.24 pae 0.70 i_pae 0.72 con 3.12 i_con 3.09 plddt 0.28 ptm 0.31 i_ptm 0.35 rg -0.99
43 models [4] recycles 1 hard 0 soft 0.77 temp 1 loss 3.85 helix 1.30 pae 0.18 i_pae 0.17 con 1.82 i_con 2.28 plddt 0.89 ptm 0.89 i_ptm 0.81 rg 0.08
52 models [0] recycles 1 hard 0 soft 0.08 temp 1 loss 4.24 helix 1.56 pae 0.25 i_pae 0.20 con 2.00 i_con 2.30 plddt 0.80 ptm 0.86 i_ptm 0.74 rg 0.83
58 models [3] recycles 1 hard 0 soft 0.32 temp 1 loss 4.66 helix 3.73 pae 0.39 i_pae 0.43 con 2.05 i_con 3.39 plddt 0.76 ptm 0.77 i_ptm 0.41 rg 0.3051 models [0] recycles 1 hard 0 soft 0.04 temp 1 loss 7.33 helix 0.90 pae 0.54 i_pae 0.56 con 3.09 i_con 3.79 plddt 0.57 ptm 0.75 i_ptm 0.31 rg 1.21

53 models [3] recycles 3 hard 0 soft 0.12 temp 1 loss 1.88 helix 5.40 pae 0.16 i_pae 0.12 con 1.51 i_con 1.76 plddt 0.92 ptm 0.91 i_ptm 0.83 rg 0.43
50 models [4] recycles 1 hard 0 soft 0.90 temp 1 loss 6.92 helix 1.37 pae 0.53 i_pae 0.55 con 3.05 i_con 3.82 plddt 0.56 ptm 0.71 i_ptm 0.27 rg 0.35
Initial trajectory pLDDT too low to continue: 0.65
Trajectory starting confidence low, skipping analysis and MPNN optimisation

Starting trajectory took: 0 hours, 5 minutes, 18 seconds

43 models [4] recycles 1 hard 0 soft 0.77 temp 1 loss 6.45 helix 1.19 pae 0.64 i_pae 0.68 con 2.56 i_con 4.02 plddt 0.57 ptm 0.68 i_ptm 0.18 rg -0.61
Starting trajectory: egfr_l78_s644042
60 models [4] recycles 1 hard 0 soft 0.40 temp 1 loss 6.88 helix 1.46 pae 0.59 i_pae 0.58 con 3.18 i_con 3.80 plddt 0.50 ptm 0.76 i_ptm 0.24 rg -0.15
45 models [2] recycles 1 hard 0 soft 0.81 temp 1 loss 3.82 helix 1.46 pae 0.21 i_pae 0.18 con 2.08 i_con 1.85 plddt 0.81 ptm 0.89 i_ptm 0.85 rg 0.66
56 models [2] recycles 1 hard 0 soft 0.24 temp 1 loss 5.34 helix 3.77 pae 0.74 i_pae 0.77 con 3.07 i_con 3.23 plddt 0.31 ptm 0.26 i_ptm 0.26 rg -1.00
53 models [0] recycles 1 hard 0 soft 0.12 temp 1 loss 4.51 helix 1.56 pae 0.27 i_pae 0.24 con 2.01 i_con 2.66 plddt 0.80 ptm 0.85 i_ptm 0.67 rg 0.47
59 models [1] recycles 1 hard 0 soft 0.36 temp 1 loss 7.18 helix 3.25 pae 0.71 i_pae 0.75 con 3.16 i_con 4.42 plddt 0.42 ptm 0.71 i_ptm 0.15 rg 0.38
44 models [1] recycles 1 hard 0 soft 0.79 temp 1 loss 3.51 helix 1.31 pae 0.16 i_pae 0.14 con 1.76 i_con 2.02 plddt 0.89 ptm 0.91 i_ptm 0.85 rg 0.06
Stage 1: Test Logits52 models [3] recycles 1 hard 0 soft 0.08 temp 1 loss 7.28 helix 0.94 pae 0.54 i_pae 0.53 con 2.98 i_con 3.74 plddt 0.57 ptm 0.75 i_ptm 0.31 rg 1.62

61 models [0] recycles 1 hard 0 soft 0.44 temp 1 loss 3.01 helix 2.42 pae 0.14 i_pae 0.12 con 1.61 i_con 1.86 plddt 0.92 ptm 0.91 i_ptm 0.87 rg 0.63
54 models [0] recycles 3 hard 0 soft 0.16 temp 1 loss 1.81 helix 5.59 pae 0.16 i_pae 0.12 con 1.47 i_con 1.80 plddt 0.92 ptm 0.90 i_ptm 0.83 rg 0.40
44 models [3] recycles 1 hard 0 soft 0.79 temp 1 loss 6.54 helix 1.22 pae 0.60 i_pae 0.63 con 2.60 i_con 4.09 plddt 0.56 ptm 0.69 i_ptm 0.22 rg -0.59
57 models [1] recycles 1 hard 0 soft 0.28 temp 1 loss 3.87 helix 1.46 pae 0.16 i_pae 0.13 con 1.83 i_con 1.68 plddt 0.90 ptm 0.91 i_ptm 0.85 rg 2.37
46 models [0] recycles 1 hard 0 soft 0.83 temp 1 loss 6.60 helix 1.16 pae 0.55 i_pae 0.59 con 2.75 i_con 3.82 plddt 0.59 ptm 0.73 i_ptm 0.30 rg 0.08
60 models [1] recycles 1 hard 0 soft 0.40 temp 1 loss 8.11 helix 2.46 pae 0.72 i_pae 0.74 con 3.79 i_con 4.31 plddt 0.36 ptm 0.72 i_ptm 0.17 rg 0.93
54 models [4] recycles 1 hard 0 soft 0.16 temp 1 loss 5.59 helix 1.36 pae 0.39 i_pae 0.39 con 2.23 i_con 3.39 plddt 0.73 ptm 0.79 i_ptm 0.44 rg 0.41
53 models [2] recycles 1 hard 0 soft 0.12 temp 1 loss 7.11 helix 0.97 pae 0.57 i_pae 0.58 con 2.99 i_con 3.77 plddt 0.56 ptm 0.74 i_ptm 0.26 rg 0.92
45 models [4] recycles 1 hard 0 soft 0.81 temp 1 loss 3.19 helix 1.41 pae 0.15 i_pae 0.11 con 1.69 i_con 1.81 plddt 0.92 ptm 0.91 i_ptm 0.87 rg 0.11
62 models [2] recycles 1 hard 0 soft 0.48 temp 1 loss 2.80 helix 2.36 pae 0.14 i_pae 0.10 con 1.56 i_con 1.67 plddt 0.94 ptm 0.91 i_ptm 0.89 rg 0.70
58 models [4] recycles 1 hard 0 soft 0.32 temp 1 loss 8.19 helix 1.55 pae 0.74 i_pae 0.70 con 4.31 i_con 4.10 plddt 0.26 ptm 0.73 i_ptm 0.18 rg -0.75
61 models [3] recycles 1 hard 0 soft 0.44 temp 1 loss 5.53 helix 2.98 pae 0.48 i_pae 0.47 con 2.70 i_con 3.40 plddt 0.59 ptm 0.77 i_ptm 0.37 rg 0.05
45 models [1] recycles 1 hard 0 soft 0.81 temp 1 loss 6.39 helix 1.23 pae 0.59 i_pae 0.62 con 2.48 i_con 3.94 plddt 0.60 ptm 0.69 i_ptm 0.22 rg -0.14
47 models [4] recycles 1 hard 0 soft 0.85 temp 1 loss 5.11 helix 1.23 pae 0.28 i_pae 0.27 con 2.62 i_con 2.51 plddt 0.71 ptm 0.86 i_ptm 0.71 rg 0.53
55 models [3] recycles 3 hard 0 soft 0.20 temp 1 loss 1.44 helix 6.03 pae 0.14 i_pae 0.10 con 1.41 i_con 1.61 plddt 0.94 ptm 0.91 i_ptm 0.86 rg 0.49
55 models [2] recycles 1 hard 0 soft 0.20 temp 1 loss 4.18 helix 1.52 pae 0.26 i_pae 0.21 con 2.02 i_con 2.30 plddt 0.81 ptm 0.85 i_ptm 0.72 rg 0.50
54 models [0] recycles 1 hard 0 soft 0.16 temp 1 loss 6.92 helix 1.12 pae 0.53 i_pae 0.52 con 2.91 i_con 3.73 plddt 0.55 ptm 0.75 i_ptm 0.32 rg 0.9163 models [4] recycles 1 hard 0 soft 0.52 temp 1 loss 7.18 helix 1.40 pae 0.61 i_pae 0.60 con 3.22 i_con 3.85 plddt 0.47 ptm 0.75 i_ptm 0.23 rg 0.45

59 models [1] recycles 1 hard 0 soft 0.36 temp 1 loss 4.00 helix 1.52 pae 0.18 i_pae 0.15 con 1.84 i_con 1.81 plddt 0.88 ptm 0.90 i_ptm 0.82 rg 2.33
46 models [0] recycles 1 hard 0 soft 0.83 temp 1 loss 3.61 helix 1.22 pae 0.17 i_pae 0.13 con 1.88 i_con 1.96 plddt 0.88 ptm 0.90 i_ptm 0.83 rg 0.13
62 models [3] recycles 1 hard 0 soft 0.48 temp 1 loss 3.77 helix 3.99 pae 0.23 i_pae 0.23 con 1.84 i_con 2.82 plddt 0.84 ptm 0.85 i_ptm 0.68 rg 0.54
56 models [2] recycles 1 hard 0 soft 0.24 temp 1 loss 4.14 helix 1.55 pae 0.25 i_pae 0.19 con 1.98 i_con 2.25 plddt 0.82 ptm 0.87 i_ptm 0.73 rg 0.72
46 models [0] recycles 1 hard 0 soft 0.83 temp 1 loss 6.52 helix 1.25 pae 0.58 i_pae 0.63 con 2.58 i_con 4.03 plddt 0.58 ptm 0.69 i_ptm 0.23 rg -0.29
48 models [2] recycles 1 hard 0 soft 0.86 temp 1 loss 4.20 helix 1.36 pae 0.23 i_pae 0.20 con 2.24 i_con 2.01 plddt 0.79 ptm 0.88 i_ptm 0.83 rg 0.7064 models [2] recycles 1 hard 0 soft 0.56 temp 1 loss 2.88 helix 2.36 pae 0.14 i_pae 0.11 con 1.58 i_con 1.73 plddt 0.93 ptm 0.91 i_ptm 0.89 rg 0.70

55 models [0] recycles 1 hard 0 soft 0.20 temp 1 loss 6.99 helix 1.09 pae 0.49 i_pae 0.49 con 2.86 i_con 3.73 plddt 0.58 ptm 0.76 i_ptm 0.36 rg 1.35
56 models [4] recycles 3 hard 0 soft 0.24 temp 1 loss 1.37 helix 6.15 pae 0.13 i_pae 0.10 con 1.40 i_con 1.60 plddt 0.94 ptm 0.91 i_ptm 0.87 rg 0.47
60 models [3] recycles 1 hard 0 soft 0.40 temp 1 loss 3.78 helix 1.53 pae 0.17 i_pae 0.13 con 1.79 i_con 1.64 plddt 0.90 ptm 0.91 i_ptm 0.85 rg 2.37
63 models [3] recycles 1 hard 0 soft 0.52 temp 1 loss 4.20 helix 3.63 pae 0.31 i_pae 0.31 con 1.91 i_con 3.06 plddt 0.81 ptm 0.81 i_ptm 0.53 rg 0.40
47 models [2] recycles 1 hard 0 soft 0.85 temp 1 loss 3.32 helix 1.32 pae 0.16 i_pae 0.12 con 1.84 i_con 1.73 plddt 0.90 ptm 0.91 i_ptm 0.87 rg 0.18
57 models [3] recycles 1 hard 0 soft 0.28 temp 1 loss 4.45 helix 1.56 pae 0.28 i_pae 0.24 con 2.00 i_con 2.56 plddt 0.80 ptm 0.85 i_ptm 0.65 rg 0.59
65 models [2] recycles 1 hard 0 soft 0.60 temp 1 loss 3.36 helix 2.05 pae 0.17 i_pae 0.13 con 1.91 i_con 1.76 plddt 0.88 ptm 0.91 i_ptm 0.86 rg 0.67
49 models [4] recycles 1 hard 0 soft 0.88 temp 1 loss 4.24 helix 1.30 pae 0.25 i_pae 0.22 con 2.28 i_con 2.00 plddt 0.76 ptm 0.88 i_ptm 0.84 rg 0.67
56 models [4] recycles 1 hard 0 soft 0.24 temp 1 loss 6.92 helix 1.07 pae 0.53 i_pae 0.53 con 2.87 i_con 3.71 plddt 0.57 ptm 0.76 i_ptm 0.32 rg 1.05
47 models [2] recycles 1 hard 0 soft 0.85 temp 1 loss 6.36 helix 1.23 pae 0.60 i_pae 0.62 con 2.61 i_con 3.88 plddt 0.58 ptm 0.69 i_ptm 0.23 rg -0.49
61 models [0] recycles 1 hard 0 soft 0.44 temp 1 loss 3.72 helix 1.59 pae 0.17 i_pae 0.14 con 1.77 i_con 1.65 plddt 0.90 ptm 0.90 i_ptm 0.85 rg 2.31
64 models [3] recycles 1 hard 0 soft 0.56 temp 1 loss 4.40 helix 3.48 pae 0.32 i_pae 0.31 con 2.02 i_con 3.12 plddt 0.80 ptm 0.81 i_ptm 0.55 rg 0.33
57 models [3] recycles 3 hard 0 soft 0.28 temp 1 loss 1.15 helix 6.27 pae 0.13 i_pae 0.09 con 1.35 i_con 1.46 plddt 0.95 ptm 0.92 i_ptm 0.87 rg 0.47
66 models [2] recycles 1 hard 0 soft 0.64 temp 1 loss 2.96 helix 2.26 pae 0.14 i_pae 0.11 con 1.61 i_con 1.77 plddt 0.93 ptm 0.91 i_ptm 0.88 rg 0.59
48 models [0] recycles 1 hard 0 soft 0.86 temp 1 loss 3.28 helix 1.50 pae 0.15 i_pae 0.12 con 1.72 i_con 1.88 plddt 0.91 ptm 0.91 i_ptm 0.85 rg 0.1458 models [0] recycles 1 hard 0 soft 0.32 temp 1 loss 3.98 helix 1.66 pae 0.24 i_pae 0.20 con 1.94 i_con 2.23 plddt 0.81 ptm 0.87 i_ptm 0.74 rg 0.53

62 models [0] recycles 1 hard 0 soft 0.48 temp 1 loss 3.51 helix 1.71 pae 0.16 i_pae 0.13 con 1.70 i_con 1.55 plddt 0.91 ptm 0.91 i_ptm 0.85 rg 2.28
57 models [0] recycles 1 hard 0 soft 0.28 temp 1 loss 6.67 helix 1.16 pae 0.44 i_pae 0.43 con 2.72 i_con 3.54 plddt 0.62 ptm 0.78 i_ptm 0.40 rg 1.57
50 models [1] recycles 1 hard 0 soft 0.90 temp 1 loss 5.31 helix 1.15 pae 0.41 i_pae 0.36 con 3.03 i_con 2.06 plddt 0.65 ptm 0.83 i_ptm 0.79 rg 1.08
65 models [2] recycles 1 hard 0 soft 0.60 temp 1 loss 4.38 helix 3.71 pae 0.33 i_pae 0.33 con 2.10 i_con 3.08 plddt 0.77 ptm 0.80 i_ptm 0.51 rg 0.35
Initial trajectory pLDDT good, continuing: 0.8
Stage 1: Additional Logits Optimisation
48 models [2] recycles 1 hard 0 soft 0.86 temp 1 loss 6.08 helix 1.29 pae 0.57 i_pae 0.60 con 2.46 i_con 3.79 plddt 0.61 ptm 0.69 i_ptm 0.24 rg -0.49
67 models [0] recycles 1 hard 0 soft 0.68 temp 1 loss 2.90 helix 2.27 pae 0.14 i_pae 0.11 con 1.58 i_con 1.74 plddt 0.92 ptm 0.91 i_ptm 0.88 rg 0.59
59 models [0] recycles 1 hard 0 soft 0.36 temp 1 loss 4.00 helix 1.70 pae 0.24 i_pae 0.19 con 1.96 i_con 2.28 plddt 0.82 ptm 0.87 i_ptm 0.72 rg 0.42
58 models [3] recycles 3 hard 0 soft 0.32 temp 1 loss 1.16 helix 6.28 pae 0.13 i_pae 0.09 con 1.33 i_con 1.50 plddt 0.95 ptm 0.92 i_ptm 0.87 rg 0.47
49 models [1] recycles 1 hard 0 soft 0.88 temp 1 loss 3.99 helix 1.18 pae 0.18 i_pae 0.15 con 2.08 i_con 2.11 plddt 0.85 ptm 0.90 i_ptm 0.83 rg 0.16
63 models [1] recycles 1 hard 0 soft 0.52 temp 1 loss 3.79 helix 1.59 pae 0.16 i_pae 0.13 con 1.74 i_con 1.74 plddt 0.90 ptm 0.91 i_ptm 0.84 rg 2.31
58 models [1] recycles 1 hard 0 soft 0.32 temp 1 loss 6.79 helix 0.93 pae 0.43 i_pae 0.43 con 2.87 i_con 3.46 plddt 0.63 ptm 0.79 i_ptm 0.43 rg 1.53
66 models [2] recycles 1 hard 0 soft 0.64 temp 1 loss 4.84 helix 3.59 pae 0.44 i_pae 0.46 con 2.10 i_con 3.48 plddt 0.74 ptm 0.75 i_ptm 0.34 rg 0.15
68 models [1] recycles 1 hard 0 soft 0.72 temp 1 loss 2.79 helix 2.18 pae 0.14 i_pae 0.11 con 1.61 i_con 1.57 plddt 0.92 ptm 0.92 i_ptm 0.89 rg 0.64
51 models [3] recycles 1 hard 0 soft 0.04 temp 1 loss 7.45 helix 1.33 pae 0.60 i_pae 0.58 con 3.41 i_con 3.77 plddt 0.45 ptm 0.73 i_ptm 0.28 rg 0.92
49 models [4] recycles 1 hard 0 soft 0.88 temp 1 loss 6.13 helix 1.27 pae 0.58 i_pae 0.60 con 2.50 i_con 3.78 plddt 0.58 ptm 0.69 i_ptm 0.23 rg -0.49
60 models [0] recycles 1 hard 0 soft 0.40 temp 1 loss 3.59 helix 1.73 pae 0.22 i_pae 0.17 con 1.89 i_con 2.02 plddt 0.84 ptm 0.88 i_ptm 0.77 rg 0.24
64 models [1] recycles 1 hard 0 soft 0.56 temp 1 loss 3.50 helix 1.65 pae 0.15 i_pae 0.12 con 1.65 i_con 1.58 plddt 0.91 ptm 0.91 i_ptm 0.86 rg 2.25
67 models [2] recycles 1 hard 0 soft 0.68 temp 1 loss 4.77 helix 3.38 pae 0.41 i_pae 0.44 con 2.12 i_con 3.37 plddt 0.75 ptm 0.77 i_ptm 0.39 rg 0.08
59 models [4] recycles 1 hard 0 soft 0.36 temp 1 loss 5.95 helix 1.01 pae 0.30 i_pae 0.27 con 2.72 i_con 2.88 plddt 0.72 ptm 0.84 i_ptm 0.62 rg 1.52
50 models [0] recycles 1 hard 0 soft 0.90 temp 1 loss 3.32 helix 1.32 pae 0.15 i_pae 0.12 con 1.79 i_con 1.78 plddt 0.90 ptm 0.91 i_ptm 0.85 rg 0.15
Initial trajectory pLDDT good, continuing: 0.92
Stage 1: Additional Logits Optimisation
59 models [0] recycles 3 hard 0 soft 0.36 temp 1 loss 1.40 helix 5.85 pae 0.14 i_pae 0.11 con 1.38 i_con 1.58 plddt 0.94 ptm 0.91 i_ptm 0.86 rg 0.40
69 models [2] recycles 1 hard 0 soft 0.76 temp 1 loss 3.26 helix 2.26 pae 0.16 i_pae 0.13 con 1.81 i_con 1.84 plddt 0.90 ptm 0.91 i_ptm 0.86 rg 0.67
52 models [3] recycles 1 hard 0 soft 0.08 temp 1 loss 8.14 helix 1.31 pae 0.70 i_pae 0.67 con 3.97 i_con 4.04 plddt 0.36 ptm 0.70 i_ptm 0.20 rg 0.26
61 models [1] recycles 1 hard 0 soft 0.44 temp 1 loss 4.24 helix 1.52 pae 0.26 i_pae 0.21 con 2.17 i_con 2.24 plddt 0.78 ptm 0.87 i_ptm 0.72 rg 0.42
50 models [3] recycles 1 hard 0 soft 0.90 temp 1 loss 6.61 helix 1.19 pae 0.60 i_pae 0.63 con 2.73 i_con 3.93 plddt 0.56 ptm 0.69 i_ptm 0.22 rg -0.27
Initial trajectory pLDDT too low to continue: 0.61
Severe clashes detected, skipping analysis and MPNN optimisation

Starting trajectory took: 0 hours, 6 minutes, 0 seconds

65 models [3] recycles 1 hard 0 soft 0.60 temp 1 loss 3.60 helix 1.78 pae 0.16 i_pae 0.12 con 1.82 i_con 1.50 plddt 0.91 ptm 0.91 i_ptm 0.86 rg 2.42
Starting trajectory: egfr_l68_s507673
68 models [3] recycles 1 hard 0 soft 0.72 temp 1 loss 6.78 helix 3.12 pae 0.65 i_pae 0.68 con 3.10 i_con 4.33 plddt 0.44 ptm 0.72 i_ptm 0.20 rg -0.44
60 models [4] recycles 1 hard 0 soft 0.40 temp 1 loss 5.86 helix 1.06 pae 0.31 i_pae 0.28 con 2.55 i_con 2.93 plddt 0.73 ptm 0.83 i_ptm 0.58 rg 1.6670 models [4] recycles 1 hard 0 soft 0.80 temp 1 loss 3.31 helix 2.50 pae 0.15 i_pae 0.13 con 1.66 i_con 2.10 plddt 0.91 ptm 0.91 i_ptm 0.85 rg 0.72

51 models [1] recycles 1 hard 0 soft 0.04 temp 1 loss 5.32 helix 1.19 pae 0.33 i_pae 0.31 con 2.27 i_con 3.09 plddt 0.73 ptm 0.80 i_ptm 0.54 rg 0.35
Stage 1: Test Logits
60 models [2] recycles 3 hard 0 soft 0.40 temp 1 loss 1.02 helix 6.37 pae 0.13 i_pae 0.09 con 1.31 i_con 1.42 plddt 0.96 ptm 0.92 i_ptm 0.88 rg 0.44
62 models [4] recycles 1 hard 0 soft 0.48 temp 1 loss 4.15 helix 1.55 pae 0.24 i_pae 0.19 con 2.08 i_con 2.23 plddt 0.81 ptm 0.88 i_ptm 0.73 rg 0.51
53 models [0] recycles 1 hard 0 soft 0.12 temp 1 loss 7.38 helix 1.44 pae 0.68 i_pae 0.75 con 3.11 i_con 4.38 plddt 0.46 ptm 0.68 i_ptm 0.15 rg -0.40
66 models [4] recycles 1 hard 0 soft 0.64 temp 1 loss 3.76 helix 1.77 pae 0.16 i_pae 0.13 con 1.77 i_con 1.69 plddt 0.90 ptm 0.90 i_ptm 0.83 rg 2.41
69 models [4] recycles 1 hard 0 soft 0.76 temp 1 loss 7.01 helix 2.98 pae 0.67 i_pae 0.69 con 3.23 i_con 4.30 plddt 0.41 ptm 0.72 i_ptm 0.18 rg -0.19
71 models [1] recycles 1 hard 0 soft 0.84 temp 1 loss 2.88 helix 2.37 pae 0.14 i_pae 0.11 con 1.61 i_con 1.71 plddt 0.92 ptm 0.92 i_ptm 0.89 rg 0.62
61 models [3] recycles 1 hard 0 soft 0.44 temp 1 loss 4.99 helix 1.16 pae 0.22 i_pae 0.18 con 2.25 i_con 2.41 plddt 0.81 ptm 0.87 i_ptm 0.73 rg 1.80
52 models [1] recycles 1 hard 0 soft 0.08 temp 1 loss 4.66 helix 1.28 pae 0.23 i_pae 0.22 con 2.03 i_con 2.83 plddt 0.81 ptm 0.85 i_ptm 0.68 rg 0.16
63 models [2] recycles 1 hard 0 soft 0.52 temp 1 loss 3.72 helix 1.63 pae 0.23 i_pae 0.17 con 1.93 i_con 2.03 plddt 0.83 ptm 0.88 i_ptm 0.76 rg 0.38
67 models [0] recycles 1 hard 0 soft 0.68 temp 1 loss 3.77 helix 1.80 pae 0.16 i_pae 0.13 con 1.87 i_con 1.66 plddt 0.89 ptm 0.90 i_ptm 0.84 rg 2.31
70 models [1] recycles 1 hard 0 soft 0.80 temp 1 loss 6.34 helix 3.58 pae 0.64 i_pae 0.69 con 2.84 i_con 4.28 plddt 0.51 ptm 0.72 i_ptm 0.19 rg -0.43
54 models [2] recycles 1 hard 0 soft 0.16 temp 1 loss 6.62 helix 1.35 pae 0.58 i_pae 0.59 con 3.04 i_con 3.57 plddt 0.51 ptm 0.73 i_ptm 0.31 rg 0.15
72 models [0] recycles 1 hard 0 soft 0.88 temp 1 loss 7.48 helix 1.38 pae 0.62 i_pae 0.61 con 3.47 i_con 4.02 plddt 0.40 ptm 0.75 i_ptm 0.23 rg -0.00
61 models [2] recycles 3 hard 0 soft 0.44 temp 1 loss 1.30 helix 6.09 pae 0.14 i_pae 0.10 con 1.37 i_con 1.54 plddt 0.95 ptm 0.91 i_ptm 0.86 rg 0.45
62 models [0] recycles 1 hard 0 soft 0.48 temp 1 loss 4.90 helix 1.16 pae 0.22 i_pae 0.18 con 2.28 i_con 2.32 plddt 0.80 ptm 0.88 i_ptm 0.75 rg 1.69
64 models [0] recycles 1 hard 0 soft 0.56 temp 1 loss 3.24 helix 1.78 pae 0.19 i_pae 0.15 con 1.78 i_con 1.86 plddt 0.86 ptm 0.89 i_ptm 0.82 rg 0.0771 models [3] recycles 1 hard 0 soft 0.84 temp 1 loss 6.44 helix 3.24 pae 0.62 i_pae 0.64 con 2.97 i_con 4.19 plddt 0.49 ptm 0.73 i_ptm 0.21 rg -0.54
68 models [3] recycles 1 hard 0 soft 0.72 temp 1 loss 3.69 helix 1.95 pae 0.16 i_pae 0.12 con 1.83 i_con 1.66 plddt 0.91 ptm 0.91 i_ptm 0.86 rg 2.30

73 models [4] recycles 1 hard 0 soft 0.92 temp 1 loss 3.49 helix 1.98 pae 0.17 i_pae 0.14 con 1.87 i_con 1.93 plddt 0.88 ptm 0.91 i_ptm 0.85 rg 0.63
53 models [0] recycles 1 hard 0 soft 0.12 temp 1 loss 3.15 helix 1.51 pae 0.15 i_pae 0.12 con 1.74 i_con 1.71 plddt 0.91 ptm 0.91 i_ptm 0.87 rg 0.22
55 models [1] recycles 1 hard 0 soft 0.20 temp 1 loss 7.17 helix 1.42 pae 0.61 i_pae 0.65 con 3.07 i_con 3.80 plddt 0.48 ptm 0.72 i_ptm 0.26 rg 1.05
63 models [1] recycles 1 hard 0 soft 0.52 temp 1 loss 4.12 helix 1.32 pae 0.18 i_pae 0.14 con 2.07 i_con 1.84 plddt 0.85 ptm 0.90 i_ptm 0.81 rg 1.65
62 models [3] recycles 3 hard 0 soft 0.48 temp 1 loss 1.14 helix 6.20 pae 0.13 i_pae 0.09 con 1.36 i_con 1.42 plddt 0.95 ptm 0.92 i_ptm 0.87 rg 0.47
72 models [0] recycles 1 hard 0 soft 0.88 temp 1 loss 7.23 helix 2.74 pae 0.71 i_pae 0.76 con 3.38 i_con 4.44 plddt 0.39 ptm 0.71 i_ptm 0.15 rg -0.76
69 models [3] recycles 1 hard 0 soft 0.76 temp 1 loss 3.89 helix 1.86 pae 0.21 i_pae 0.17 con 2.05 i_con 1.62 plddt 0.85 ptm 0.90 i_ptm 0.81 rg 2.19
65 models [4] recycles 1 hard 0 soft 0.60 temp 1 loss 3.37 helix 1.78 pae 0.20 i_pae 0.16 con 1.80 i_con 1.93 plddt 0.86 ptm 0.89 i_ptm 0.83 rg 0.20
74 models [3] recycles 1 hard 0 soft 0.96 temp 1 loss 2.96 helix 2.05 pae 0.15 i_pae 0.11 con 1.73 i_con 1.57 plddt 0.90 ptm 0.92 i_ptm 0.88 rg 0.64
54 models [1] recycles 1 hard 0 soft 0.16 temp 1 loss 3.00 helix 1.51 pae 0.15 i_pae 0.12 con 1.78 i_con 1.54 plddt 0.90 ptm 0.92 i_ptm 0.87 rg 0.17
56 models [3] recycles 1 hard 0 soft 0.24 temp 1 loss 4.00 helix 1.48 pae 0.23 i_pae 0.19 con 2.19 i_con 1.90 plddt 0.77 ptm 0.89 i_ptm 0.84 rg 0.68
64 models [2] recycles 1 hard 0 soft 0.56 temp 1 loss 4.03 helix 1.36 pae 0.18 i_pae 0.13 con 2.03 i_con 1.80 plddt 0.87 ptm 0.89 i_ptm 0.81 rg 1.70
73 models [2] recycles 1 hard 0 soft 0.92 temp 1 loss 6.15 helix 3.24 pae 0.59 i_pae 0.61 con 2.89 i_con 3.98 plddt 0.52 ptm 0.73 i_ptm 0.25 rg -0.43
70 models [4] recycles 1 hard 0 soft 0.80 temp 1 loss 5.27 helix 1.61 pae 0.31 i_pae 0.28 con 2.44 i_con 2.51 plddt 0.75 ptm 0.84 i_ptm 0.62 rg 2.03
75 models [3] recycles 1 hard 0 soft 1 temp 1 loss 3.34 helix 2.13 pae 0.16 i_pae 0.13 con 1.76 i_con 1.91 plddt 0.89 ptm 0.91 i_ptm 0.85 rg 0.70
Optimised logit trajectory pLDDT: 0.94
Stage 2: Softmax Optimisation
66 models [0] recycles 1 hard 0 soft 0.64 temp 1 loss 3.74 helix 1.65 pae 0.22 i_pae 0.19 con 1.84 i_con 2.19 plddt 0.85 ptm 0.87 i_ptm 0.73 rg 0.23
63 models [0] recycles 3 hard 0 soft 0.52 temp 1 loss 1.30 helix 5.95 pae 0.14 i_pae 0.10 con 1.40 i_con 1.48 plddt 0.94 ptm 0.92 i_ptm 0.87 rg 0.42
55 models [3] recycles 1 hard 0 soft 0.20 temp 1 loss 2.96 helix 1.44 pae 0.17 i_pae 0.12 con 1.77 i_con 1.49 plddt 0.90 ptm 0.91 i_ptm 0.86 rg 0.13
65 models [1] recycles 1 hard 0 soft 0.60 temp 1 loss 4.62 helix 1.24 pae 0.21 i_pae 0.17 con 2.19 i_con 2.17 plddt 0.80 ptm 0.88 i_ptm 0.75 rg 1.67
74 models [0] recycles 1 hard 0 soft 0.96 temp 1 loss 6.81 helix 3.08 pae 0.68 i_pae 0.73 con 3.10 i_con 4.39 plddt 0.43 ptm 0.71 i_ptm 0.17 rg -0.67
57 models [0] recycles 1 hard 0 soft 0.28 temp 1 loss 4.00 helix 1.52 pae 0.22 i_pae 0.19 con 2.23 i_con 1.93 plddt 0.78 ptm 0.89 i_ptm 0.85 rg 0.53
76 models [2] recycles 1 hard 0 soft 1 temp 0.96 loss 4.80 helix 1.52 pae 0.28 i_pae 0.25 con 2.20 i_con 2.72 plddt 0.78 ptm 0.86 i_ptm 0.69 rg 0.52
71 models [4] recycles 1 hard 0 soft 0.84 temp 1 loss 4.11 helix 1.85 pae 0.21 i_pae 0.17 con 2.10 i_con 1.75 plddt 0.84 ptm 0.89 i_ptm 0.79 rg 2.30
67 models [0] recycles 1 hard 0 soft 0.68 temp 1 loss 4.12 helix 1.57 pae 0.26 i_pae 0.23 con 2.00 i_con 2.31 plddt 0.81 ptm 0.85 i_ptm 0.67 rg 0.39
64 models [2] recycles 3 hard 0 soft 0.56 temp 1 loss 1.25 helix 6.16 pae 0.14 i_pae 0.10 con 1.40 i_con 1.49 plddt 0.94 ptm 0.91 i_ptm 0.87 rg 0.44
75 models [2] recycles 1 hard 0 soft 1 temp 1 loss 6.67 helix 3.00 pae 0.65 i_pae 0.66 con 3.11 i_con 4.19 plddt 0.44 ptm 0.72 i_ptm 0.20 rg -0.5266 models [4] recycles 1 hard 0 soft 0.64 temp 1 loss 4.02 helix 1.36 pae 0.17 i_pae 0.13 con 1.97 i_con 1.83 plddt 0.87 ptm 0.90 i_ptm 0.82 rg 1.74
Optimised logit trajectory pLDDT: 0.84
Stage 2: Softmax Optimisation
77 models [3] recycles 1 hard 0 soft 1 temp 0.91 loss 2.97 helix 2.24 pae 0.15 i_pae 0.11 con 1.66 i_con 1.70 plddt 0.91 ptm 0.91 i_ptm 0.87 rg 0.68

72 models [4] recycles 1 hard 0 soft 0.88 temp 1 loss 7.47 helix 1.28 pae 0.64 i_pae 0.65 con 3.21 i_con 4.03 plddt 0.49 ptm 0.73 i_ptm 0.19 rg 0.66
56 models [2] recycles 1 hard 0 soft 0.24 temp 1 loss 1.35 helix 4.22 pae 0.60 i_pae 0.58 con 1.29 i_con 1.24 plddt 0.34 ptm 0.41 i_ptm 0.44 rg -1.00
58 models [2] recycles 1 hard 0 soft 0.32 temp 1 loss 3.77 helix 1.63 pae 0.22 i_pae 0.19 con 2.16 i_con 1.81 plddt 0.79 ptm 0.89 i_ptm 0.86 rg 0.53
68 models [4] recycles 1 hard 0 soft 0.72 temp 1 loss 3.93 helix 1.59 pae 0.22 i_pae 0.19 con 1.93 i_con 2.28 plddt 0.85 ptm 0.88 i_ptm 0.75 rg 0.23
76 models [4] recycles 1 hard 0 soft 1 temp 0.96 loss 6.23 helix 3.28 pae 0.62 i_pae 0.63 con 2.90 i_con 4.06 plddt 0.50 ptm 0.73 i_ptm 0.21 rg -0.4878 models [1] recycles 1 hard 0 soft 1 temp 0.87 loss 3.71 helix 2.11 pae 0.18 i_pae 0.17 con 1.78 i_con 2.28 plddt 0.87 ptm 0.89 i_ptm 0.79 rg 0.58

67 models [4] recycles 1 hard 0 soft 0.68 temp 1 loss 4.35 helix 1.22 pae 0.19 i_pae 0.15 con 2.06 i_con 1.98 plddt 0.86 ptm 0.89 i_ptm 0.78 rg 1.8773 models [0] recycles 1 hard 0 soft 0.92 temp 1 loss 4.32 helix 1.77 pae 0.23 i_pae 0.20 con 2.01 i_con 2.06 plddt 0.82 ptm 0.87 i_ptm 0.73 rg 2.09

65 models [0] recycles 3 hard 0 soft 0.60 temp 1 loss 5.53 helix 4.34 pae 0.58 i_pae 0.64 con 2.35 i_con 4.15 plddt 0.60 ptm 0.75 i_ptm 0.23 rg -0.13
69 models [2] recycles 1 hard 0 soft 0.76 temp 1 loss 3.67 helix 1.68 pae 0.20 i_pae 0.16 con 1.88 i_con 2.08 plddt 0.86 ptm 0.88 i_ptm 0.77 rg 0.29
57 models [1] recycles 1 hard 0 soft 0.28 temp 1 loss 2.77 helix 1.62 pae 0.14 i_pae 0.10 con 1.68 i_con 1.47 plddt 0.92 ptm 0.92 i_ptm 0.88 rg 0.08
59 models [2] recycles 1 hard 0 soft 0.36 temp 1 loss 3.47 helix 1.62 pae 0.21 i_pae 0.18 con 2.02 i_con 1.62 plddt 0.81 ptm 0.89 i_ptm 0.87 rg 0.64
79 models [2] recycles 1 hard 0 soft 1 temp 0.83 loss 3.29 helix 1.94 pae 0.16 i_pae 0.12 con 1.83 i_con 1.76 plddt 0.89 ptm 0.91 i_ptm 0.87 rg 0.64
77 models [0] recycles 1 hard 0 soft 1 temp 0.91 loss 8.11 helix 2.46 pae 0.70 i_pae 0.71 con 3.80 i_con 4.30 plddt 0.35 ptm 0.72 i_ptm 0.19 rg 0.97
74 models [0] recycles 1 hard 0 soft 0.96 temp 1 loss 6.91 helix 1.35 pae 0.48 i_pae 0.49 con 2.99 i_con 3.58 plddt 0.59 ptm 0.78 i_ptm 0.37 rg 1.45
68 models [1] recycles 1 hard 0 soft 0.72 temp 1 loss 3.89 helix 1.22 pae 0.17 i_pae 0.12 con 1.98 i_con 1.68 plddt 0.86 ptm 0.90 i_ptm 0.82 rg 1.65
70 models [1] recycles 1 hard 0 soft 0.80 temp 1 loss 4.03 helix 1.62 pae 0.23 i_pae 0.20 con 1.95 i_con 2.37 plddt 0.84 ptm 0.87 i_ptm 0.72 rg 0.17
58 models [1] recycles 1 hard 0 soft 0.32 temp 1 loss 2.62 helix 1.62 pae 0.13 i_pae 0.09 con 1.53 i_con 1.48 plddt 0.94 ptm 0.92 i_ptm 0.89 rg 0.11
1 models [3] recycles 1 hard 0 soft 0.02 temp 1 loss 11.47 helix 1.61 pae 0.81 i_pae 0.79 con 4.59 i_con 4.14 plddt 0.29 ptm 0.71 i_ptm 0.14 rg 9.0366 models [3] recycles 3 hard 0 soft 0.64 temp 1 loss 1.32 helix 6.24 pae 0.13 i_pae 0.10 con 1.38 i_con 1.58 plddt 0.94 ptm 0.92 i_ptm 0.87 rg 0.50
60 models [2] recycles 1 hard 0 soft 0.40 temp 1 loss 3.40 helix 1.68 pae 0.18 i_pae 0.15 con 1.91 i_con 1.72 plddt 0.86 ptm 0.91 i_ptm 0.86 rg 0.59
80 models [3] recycles 1 hard 0 soft 1 temp 0.79 loss 3.66 helix 1.70 pae 0.21 i_pae 0.16 con 2.09 i_con 1.75 plddt 0.81 ptm 0.90 i_ptm 0.81 rg 0.68
78 models [0] recycles 1 hard 0 soft 1 temp 0.87 loss 7.81 helix 2.56 pae 0.70 i_pae 0.72 con 3.74 i_con 4.38 plddt 0.36 ptm 0.71 i_ptm 0.17 rg 0.01
75 models [3] recycles 1 hard 0 soft 1 temp 1 loss 4.18 helix 1.74 pae 0.21 i_pae 0.18 con 2.06 i_con 1.86 plddt 0.84 ptm 0.90 i_ptm 0.80 rg 2.18

Optimised logit trajectory pLDDT: 0.91
Stage 2: Softmax Optimisation
69 models [3] recycles 1 hard 0 soft 0.76 temp 1 loss 3.89 helix 1.42 pae 0.17 i_pae 0.12 con 1.89 i_con 1.83 plddt 0.88 ptm 0.90 i_ptm 0.81 rg 1.67
71 models [2] recycles 1 hard 0 soft 0.84 temp 1 loss 3.81 helix 1.65 pae 0.21 i_pae 0.18 con 1.93 i_con 2.16 plddt 0.85 ptm 0.88 i_ptm 0.76 rg 0.28
81 models [1] recycles 1 hard 0 soft 1 temp 0.75 loss 3.01 helix 2.14 pae 0.15 i_pae 0.12 con 1.72 i_con 1.63 plddt 0.90 ptm 0.91 i_ptm 0.87 rg 0.67
2 models [3] recycles 1 hard 0 soft 0.04 temp 1 loss 13.30 helix 0.79 pae 0.75 i_pae 0.76 con 4.79 i_con 4.02 plddt 0.49 ptm 0.71 i_ptm 0.16 rg 14.21
79 models [2] recycles 1 hard 0 soft 1 temp 0.83 loss 5.74 helix 3.56 pae 0.55 i_pae 0.55 con 2.70 i_con 3.85 plddt 0.58 ptm 0.74 i_ptm 0.28 rg -0.33
59 models [1] recycles 1 hard 0 soft 0.36 temp 1 loss 2.39 helix 1.82 pae 0.12 i_pae 0.09 con 1.44 i_con 1.39 plddt 0.95 ptm 0.92 i_ptm 0.89 rg 0.15
61 models [4] recycles 1 hard 0 soft 0.44 temp 1 loss 3.63 helix 1.56 pae 0.22 i_pae 0.19 con 2.03 i_con 1.79 plddt 0.79 ptm 0.89 i_ptm 0.87 rg 0.49
76 models [3] recycles 1 hard 0 soft 1 temp 0.96 loss 7.19 helix 1.28 pae 0.53 i_pae 0.51 con 3.44 i_con 3.53 plddt 0.53 ptm 0.78 i_ptm 0.36 rg 0.92
67 models [2] recycles 3 hard 0 soft 0.68 temp 1 loss 1.58 helix 5.84 pae 0.15 i_pae 0.11 con 1.46 i_con 1.66 plddt 0.93 ptm 0.90 i_ptm 0.85 rg 0.41
70 models [2] recycles 1 hard 0 soft 0.80 temp 1 loss 7.06 helix 1.03 pae 0.53 i_pae 0.51 con 3.13 i_con 3.52 plddt 0.56 ptm 0.76 i_ptm 0.36 rg 1.27
72 models [4] recycles 1 hard 0 soft 0.88 temp 1 loss 3.78 helix 1.70 pae 0.21 i_pae 0.18 con 1.86 i_con 2.23 plddt 0.85 ptm 0.88 i_ptm 0.74 rg 0.22
82 models [0] recycles 1 hard 0 soft 1 temp 0.72 loss 5.30 helix 1.89 pae 0.37 i_pae 0.41 con 2.04 i_con 3.44 plddt 0.75 ptm 0.80 i_ptm 0.44 rg 0.51
80 models [0] recycles 1 hard 0 soft 1 temp 0.79 loss 7.67 helix 2.66 pae 0.70 i_pae 0.72 con 3.60 i_con 4.34 plddt 0.38 ptm 0.71 i_ptm 0.17 rg 0.27
3 models [0] recycles 1 hard 0 soft 0.05 temp 1 loss 9.51 helix 1.08 pae 0.72 i_pae 0.71 con 4.23 i_con 3.98 plddt 0.38 ptm 0.72 i_ptm 0.19 rg 3.88
77 models [0] recycles 1 hard 0 soft 1 temp 0.91 loss 4.02 helix 1.74 pae 0.22 i_pae 0.19 con 1.99 i_con 1.84 plddt 0.83 ptm 0.88 i_ptm 0.78 rg 1.94
60 models [1] recycles 1 hard 0 soft 0.40 temp 1 loss 2.48 helix 1.64 pae 0.12 i_pae 0.09 con 1.43 i_con 1.46 plddt 0.94 ptm 0.92 i_ptm 0.89 rg 0.06
62 models [0] recycles 1 hard 0 soft 0.48 temp 1 loss 7.33 helix 1.22 pae 0.66 i_pae 0.69 con 3.15 i_con 4.20 plddt 0.49 ptm 0.69 i_ptm 0.18 rg -0.27
71 models [4] recycles 1 hard 0 soft 0.84 temp 1 loss 5.61 helix 0.97 pae 0.26 i_pae 0.23 con 2.44 i_con 2.74 plddt 0.78 ptm 0.86 i_ptm 0.69 rg 1.88
73 models [3] recycles 1 hard 0 soft 0.92 temp 1 loss 4.34 helix 1.37 pae 0.27 i_pae 0.24 con 2.04 i_con 2.49 plddt 0.80 ptm 0.85 i_ptm 0.64 rg 0.18
83 models [2] recycles 1 hard 0 soft 1 temp 0.68 loss 3.15 helix 2.21 pae 0.15 i_pae 0.12 con 1.70 i_con 1.81 plddt 0.92 ptm 0.91 i_ptm 0.86 rg 0.70
68 models [0] recycles 3 hard 0 soft 0.72 temp 1 loss 1.76 helix 5.57 pae 0.15 i_pae 0.12 con 1.47 i_con 1.73 plddt 0.92 ptm 0.91 i_ptm 0.84 rg 0.44
81 models [2] recycles 1 hard 0 soft 1 temp 0.75 loss 5.88 helix 3.62 pae 0.56 i_pae 0.59 con 2.73 i_con 3.98 plddt 0.55 ptm 0.73 i_ptm 0.26 rg -0.34
4 models [0] recycles 1 hard 0 soft 0.07 temp 1 loss 8.49 helix 0.65 pae 0.63 i_pae 0.64 con 3.92 i_con 4.09 plddt 0.44 ptm 0.72 i_ptm 0.23 rg 0.88
78 models [2] recycles 1 hard 0 soft 1 temp 0.87 loss 4.52 helix 1.54 pae 0.24 i_pae 0.20 con 2.17 i_con 2.06 plddt 0.82 ptm 0.88 i_ptm 0.77 rg 2.05
63 models [0] recycles 1 hard 0 soft 0.52 temp 1 loss 3.61 helix 1.59 pae 0.22 i_pae 0.19 con 2.08 i_con 1.68 plddt 0.80 ptm 0.89 i_ptm 0.86 rg 0.63
61 models [0] recycles 1 hard 0 soft 0.44 temp 1 loss 2.35 helix 1.71 pae 0.13 i_pae 0.09 con 1.45 i_con 1.33 plddt 0.95 ptm 0.92 i_ptm 0.90 rg 0.07
72 models [0] recycles 1 hard 0 soft 0.88 temp 1 loss 5.27 helix 1.12 pae 0.24 i_pae 0.21 con 2.32 i_con 2.63 plddt 0.78 ptm 0.86 i_ptm 0.70 rg 1.67
84 models [3] recycles 1 hard 0 soft 1 temp 0.64 loss 2.80 helix 2.34 pae 0.13 i_pae 0.10 con 1.61 i_con 1.62 plddt 0.92 ptm 0.92 i_ptm 0.89 rg 0.65
74 models [1] recycles 1 hard 0 soft 0.96 temp 1 loss 3.82 helix 1.49 pae 0.21 i_pae 0.17 con 2.06 i_con 1.96 plddt 0.83 ptm 0.89 i_ptm 0.79 rg 0.41
82 models [3] recycles 1 hard 0 soft 1 temp 0.72 loss 5.68 helix 3.93 pae 0.58 i_pae 0.62 con 2.55 i_con 4.03 plddt 0.60 ptm 0.73 i_ptm 0.22 rg -0.36
5 models [0] recycles 1 hard 0 soft 0.09 temp 1 loss 8.20 helix 0.77 pae 0.64 i_pae 0.66 con 3.75 i_con 4.13 plddt 0.46 ptm 0.72 i_ptm 0.22 rg 0.47
79 models [2] recycles 1 hard 0 soft 1 temp 0.83 loss 4.34 helix 1.66 pae 0.24 i_pae 0.21 con 2.01 i_con 2.06 plddt 0.83 ptm 0.88 i_ptm 0.76 rg 2.08
69 models [4] recycles 3 hard 0 soft 0.76 temp 1 loss 1.45 helix 5.81 pae 0.14 i_pae 0.10 con 1.43 i_con 1.54 plddt 0.94 ptm 0.92 i_ptm 0.87 rg 0.50
85 models [2] recycles 1 hard 0 soft 1 temp 0.61 loss 3.41 helix 2.16 pae 0.16 i_pae 0.13 con 1.78 i_con 1.97 plddt 0.90 ptm 0.90 i_ptm 0.84 rg 0.70
73 models [4] recycles 1 hard 0 soft 0.92 temp 1 loss 4.95 helix 1.12 pae 0.22 i_pae 0.18 con 2.22 i_con 2.38 plddt 0.82 ptm 0.87 i_ptm 0.74 rg 1.84
75 models [1] recycles 1 hard 0 soft 1 temp 1 loss 5.68 helix 1.29 pae 0.42 i_pae 0.42 con 2.49 i_con 3.27 plddt 0.68 ptm 0.79 i_ptm 0.46 rg 0.11
83 models [1] recycles 1 hard 0 soft 1 temp 0.68 loss 7.47 helix 2.67 pae 0.70 i_pae 0.72 con 3.58 i_con 4.33 plddt 0.38 ptm 0.72 i_ptm 0.18 rg -0.29
Optimised logit trajectory pLDDT: 0.86
Stage 2: Softmax Optimisation
64 models [4] recycles 1 hard 0 soft 0.56 temp 1 loss 3.40 helix 1.66 pae 0.21 i_pae 0.18 con 1.97 i_con 1.66 plddt 0.80 ptm 0.90 i_ptm 0.88 rg 0.50
62 models [3] recycles 1 hard 0 soft 0.48 temp 1 loss 2.35 helix 1.62 pae 0.13 i_pae 0.09 con 1.41 i_con 1.32 plddt 0.95 ptm 0.92 i_ptm 0.90 rg 0.11
80 models [2] recycles 1 hard 0 soft 1 temp 0.79 loss 4.25 helix 1.67 pae 0.23 i_pae 0.19 con 2.00 i_con 2.01 plddt 0.84 ptm 0.88 i_ptm 0.78 rg 2.00
6 models [3] recycles 1 hard 0 soft 0.11 temp 1 loss 7.65 helix 0.84 pae 0.59 i_pae 0.59 con 3.53 i_con 3.90 plddt 0.46 ptm 0.73 i_ptm 0.26 rg 0.30
86 models [4] recycles 1 hard 0 soft 1 temp 0.58 loss 3.93 helix 1.85 pae 0.19 i_pae 0.17 con 2.02 i_con 2.14 plddt 0.84 ptm 0.90 i_ptm 0.82 rg 0.72
70 models [2] recycles 3 hard 0 soft 0.80 temp 1 loss 1.65 helix 5.66 pae 0.15 i_pae 0.11 con 1.48 i_con 1.64 plddt 0.94 ptm 0.91 i_ptm 0.86 rg 0.46
84 models [4] recycles 1 hard 0 soft 1 temp 0.64 loss 7.25 helix 2.59 pae 0.68 i_pae 0.67 con 3.65 i_con 4.04 plddt 0.35 ptm 0.72 i_ptm 0.20 rg -0.35
76 models [3] recycles 1 hard 0 soft 1 temp 0.96 loss 4.37 helix 1.40 pae 0.25 i_pae 0.22 con 2.24 i_con 2.43 plddt 0.78 ptm 0.86 i_ptm 0.70 rg -0.1374 models [4] recycles 1 hard 0 soft 0.96 temp 1 loss 4.79 helix 1.13 pae 0.22 i_pae 0.17 con 2.27 i_con 2.19 plddt 0.81 ptm 0.88 i_ptm 0.74 rg 1.74

65 models [0] recycles 1 hard 0 soft 0.60 temp 1 loss 3.46 helix 1.62 pae 0.22 i_pae 0.18 con 2.00 i_con 1.64 plddt 0.81 ptm 0.89 i_ptm 0.87 rg 0.58
81 models [3] recycles 1 hard 0 soft 1 temp 0.75 loss 3.71 helix 1.85 pae 0.20 i_pae 0.17 con 1.84 i_con 1.76 plddt 0.86 ptm 0.91 i_ptm 0.83 rg 1.85
63 models [3] recycles 1 hard 0 soft 0.52 temp 1 loss 2.39 helix 1.68 pae 0.13 i_pae 0.09 con 1.43 i_con 1.37 plddt 0.94 ptm 0.92 i_ptm 0.90 rg 0.10
7 models [2] recycles 1 hard 0 soft 0.13 temp 1 loss 7.74 helix 0.83 pae 0.60 i_pae 0.64 con 3.46 i_con 4.03 plddt 0.48 ptm 0.72 i_ptm 0.24 rg 0.36
87 models [1] recycles 1 hard 0 soft 1 temp 0.54 loss 2.83 helix 2.39 pae 0.14 i_pae 0.11 con 1.60 i_con 1.71 plddt 0.92 ptm 0.92 i_ptm 0.88 rg 0.56
85 models [0] recycles 1 hard 0 soft 1 temp 0.61 loss 7.45 helix 2.86 pae 0.68 i_pae 0.70 con 3.51 i_con 4.30 plddt 0.40 ptm 0.72 i_ptm 0.19 rg 0.22
77 models [3] recycles 1 hard 0 soft 1 temp 0.91 loss 3.64 helix 1.48 pae 0.22 i_pae 0.17 con 2.02 i_con 1.91 plddt 0.83 ptm 0.88 i_ptm 0.78 rg 0.06
75 models [0] recycles 1 hard 0 soft 1 temp 1 loss 6.77 helix 1.05 pae 0.45 i_pae 0.45 con 2.88 i_con 3.54 plddt 0.60 ptm 0.78 i_ptm 0.43 rg 1.23
Optimised logit trajectory pLDDT: 0.88
Stage 2: Softmax Optimisation
82 models [3] recycles 1 hard 0 soft 1 temp 0.72 loss 3.90 helix 1.80 pae 0.21 i_pae 0.18 con 1.89 i_con 1.83 plddt 0.85 ptm 0.90 i_ptm 0.81 rg 1.97
71 models [0] recycles 3 hard 0 soft 0.84 temp 1 loss 1.72 helix 5.61 pae 0.15 i_pae 0.12 con 1.46 i_con 1.73 plddt 0.93 ptm 0.91 i_ptm 0.84 rg 0.40
8 models [1] recycles 1 hard 0 soft 0.14 temp 1 loss 7.67 helix 0.80 pae 0.59 i_pae 0.61 con 3.42 i_con 3.95 plddt 0.51 ptm 0.73 i_ptm 0.23 rg 0.52
66 models [0] recycles 1 hard 0 soft 0.64 temp 1 loss 3.48 helix 1.63 pae 0.22 i_pae 0.19 con 2.02 i_con 1.67 plddt 0.79 ptm 0.89 i_ptm 0.87 rg 0.52
88 models [2] recycles 1 hard 0 soft 1 temp 0.51 loss 4.85 helix 1.76 pae 0.30 i_pae 0.29 con 2.07 i_con 2.95 plddt 0.79 ptm 0.84 i_ptm 0.59 rg 0.55
64 models [2] recycles 1 hard 0 soft 0.56 temp 1 loss 2.38 helix 1.72 pae 0.13 i_pae 0.09 con 1.41 i_con 1.38 plddt 0.95 ptm 0.91 i_ptm 0.89 rg 0.08
86 models [0] recycles 1 hard 0 soft 1 temp 0.58 loss 7.56 helix 2.78 pae 0.69 i_pae 0.72 con 3.55 i_con 4.36 plddt 0.40 ptm 0.71 i_ptm 0.17 rg 0.12
78 models [3] recycles 1 hard 0 soft 1 temp 0.87 loss 3.42 helix 1.71 pae 0.22 i_pae 0.17 con 1.91 i_con 1.83 plddt 0.83 ptm 0.88 i_ptm 0.80 rg 0.18
76 models [1] recycles 1 hard 0 soft 1 temp 0.96 loss 7.05 helix 0.98 pae 0.52 i_pae 0.51 con 2.89 i_con 3.80 plddt 0.58 ptm 0.76 i_ptm 0.33 rg 1.08
83 models [3] recycles 1 hard 0 soft 1 temp 0.68 loss 3.69 helix 1.81 pae 0.21 i_pae 0.17 con 1.88 i_con 1.65 plddt 0.85 ptm 0.90 i_ptm 0.81 rg 1.92
1 models [3] recycles 1 hard 0 soft 0.02 temp 1 loss 11.05 helix 1.56 pae 0.76 i_pae 0.70 con 4.49 i_con 4.12 plddt 0.26 ptm 0.74 i_ptm 0.17 rg 8.05
9 models [4] recycles 1 hard 0 soft 0.16 temp 1 loss 6.98 helix 0.88 pae 0.53 i_pae 0.57 con 2.97 i_con 3.76 plddt 0.55 ptm 0.73 i_ptm 0.25 rg 0.5689 models [4] recycles 1 hard 0 soft 1 temp 0.48 loss 3.24 helix 2.26 pae 0.14 i_pae 0.12 con 1.66 i_con 1.95 plddt 0.92 ptm 0.91 i_ptm 0.87 rg 0.74

67 models [1] recycles 1 hard 0 soft 0.68 temp 1 loss 3.51 helix 1.74 pae 0.20 i_pae 0.18 con 1.88 i_con 1.86 plddt 0.82 ptm 0.90 i_ptm 0.87 rg 0.55
72 models [3] recycles 3 hard 0 soft 0.88 temp 1 loss 1.49 helix 6.00 pae 0.14 i_pae 0.10 con 1.45 i_con 1.62 plddt 0.94 ptm 0.92 i_ptm 0.87 rg 0.47
87 models [4] recycles 1 hard 0 soft 1 temp 0.54 loss 6.99 helix 2.74 pae 0.65 i_pae 0.64 con 3.48 i_con 3.98 plddt 0.40 ptm 0.73 i_ptm 0.22 rg -0.24
65 models [2] recycles 1 hard 0 soft 0.60 temp 1 loss 2.30 helix 1.83 pae 0.13 i_pae 0.08 con 1.40 i_con 1.35 plddt 0.95 ptm 0.92 i_ptm 0.90 rg 0.07
79 models [3] recycles 1 hard 0 soft 1 temp 0.83 loss 4.05 helix 1.37 pae 0.24 i_pae 0.19 con 2.09 i_con 2.17 plddt 0.81 ptm 0.87 i_ptm 0.73 rg 0.16
77 models [1] recycles 1 hard 0 soft 1 temp 0.91 loss 4.15 helix 1.20 pae 0.18 i_pae 0.13 con 2.19 i_con 1.71 plddt 0.85 ptm 0.90 i_ptm 0.80 rg 1.6684 models [2] recycles 1 hard 0 soft 1 temp 0.64 loss 4.08 helix 1.67 pae 0.22 i_pae 0.19 con 1.97 i_con 1.91 plddt 0.84 ptm 0.89 i_ptm 0.80 rg 1.90

2 models [2] recycles 1 hard 0 soft 0.04 temp 1 loss 9.75 helix 0.92 pae 0.72 i_pae 0.70 con 4.35 i_con 3.99 plddt 0.35 ptm 0.73 i_ptm 0.19 rg 4.08
90 models [0] recycles 1 hard 0 soft 1 temp 0.45 loss 3.79 helix 2.09 pae 0.18 i_pae 0.18 con 1.72 i_con 2.40 plddt 0.87 ptm 0.89 i_ptm 0.79 rg 0.60
10 models [2] recycles 1 hard 0 soft 0.18 temp 1 loss 6.99 helix 0.91 pae 0.55 i_pae 0.57 con 3.14 i_con 3.68 plddt 0.54 ptm 0.73 i_ptm 0.28 rg 0.26
88 models [0] recycles 1 hard 0 soft 1 temp 0.51 loss 7.07 helix 2.91 pae 0.65 i_pae 0.68 con 3.37 i_con 4.21 plddt 0.42 ptm 0.72 i_ptm 0.21 rg -0.19
68 models [2] recycles 1 hard 0 soft 0.72 temp 1 loss 3.40 helix 1.68 pae 0.21 i_pae 0.18 con 1.95 i_con 1.64 plddt 0.82 ptm 0.89 i_ptm 0.88 rg 0.62
3 models [4] recycles 1 hard 0 soft 0.05 temp 1 loss 9.38 helix 0.67 pae 0.69 i_pae 0.68 con 4.19 i_con 3.94 plddt 0.42 ptm 0.73 i_ptm 0.20 rg 3.36
80 models [4] recycles 1 hard 0 soft 1 temp 0.79 loss 4.16 helix 1.42 pae 0.25 i_pae 0.23 con 2.02 i_con 2.46 plddt 0.81 ptm 0.86 i_ptm 0.68 rg -0.16
66 models [1] recycles 1 hard 0 soft 0.64 temp 1 loss 2.20 helix 1.82 pae 0.12 i_pae 0.08 con 1.38 i_con 1.28 plddt 0.95 ptm 0.93 i_ptm 0.91 rg 0.05
85 models [0] recycles 1 hard 0 soft 1 temp 0.61 loss 6.04 helix 1.58 pae 0.44 i_pae 0.51 con 2.12 i_con 3.62 plddt 0.71 ptm 0.78 i_ptm 0.39 rg 1.63
73 models [0] recycles 3 hard 0 soft 0.92 temp 1 loss 1.97 helix 5.45 pae 0.16 i_pae 0.13 con 1.48 i_con 1.92 plddt 0.92 ptm 0.90 i_ptm 0.83 rg 0.38
78 models [1] recycles 1 hard 0 soft 1 temp 0.87 loss 4.06 helix 1.25 pae 0.17 i_pae 0.12 con 1.99 i_con 1.81 plddt 0.87 ptm 0.90 i_ptm 0.81 rg 1.7791 models [1] recycles 1 hard 0 soft 1 temp 0.42 loss 2.81 helix 2.21 pae 0.14 i_pae 0.11 con 1.60 i_con 1.62 plddt 0.92 ptm 0.92 i_ptm 0.89 rg 0.57

11 models [4] recycles 1 hard 0 soft 0.20 temp 1 loss 7.72 helix 0.88 pae 0.63 i_pae 0.66 con 3.53 i_con 4.09 plddt 0.45 ptm 0.72 i_ptm 0.21 rg -0.17
89 models [3] recycles 1 hard 0 soft 1 temp 0.48 loss 6.86 helix 2.96 pae 0.63 i_pae 0.63 con 3.26 i_con 4.01 plddt 0.43 ptm 0.73 i_ptm 0.23 rg 0.24
4 models [3] recycles 1 hard 0 soft 0.07 temp 1 loss 8.79 helix 1.01 pae 0.69 i_pae 0.65 con 4.06 i_con 3.93 plddt 0.37 ptm 0.74 i_ptm 0.22 rg 2.20
69 models [4] recycles 1 hard 0 soft 0.76 temp 1 loss 3.54 helix 1.65 pae 0.21 i_pae 0.18 con 1.98 i_con 1.80 plddt 0.81 ptm 0.90 i_ptm 0.87 rg 0.4481 models [3] recycles 1 hard 0 soft 1 temp 0.75 loss 3.45 helix 1.53 pae 0.20 i_pae 0.16 con 1.93 i_con 1.87 plddt 0.85 ptm 0.89 i_ptm 0.79 rg -0.02

86 models [0] recycles 1 hard 0 soft 1 temp 0.58 loss 5.41 helix 1.65 pae 0.34 i_pae 0.37 con 2.08 i_con 3.08 plddt 0.76 ptm 0.82 i_ptm 0.56 rg 1.76
92 models [2] recycles 1 hard 0 soft 1 temp 0.39 loss 3.38 helix 2.04 pae 0.16 i_pae 0.13 con 1.80 i_con 1.91 plddt 0.90 ptm 0.90 i_ptm 0.85 rg 0.61
79 models [2] recycles 1 hard 0 soft 1 temp 0.83 loss 3.84 helix 1.34 pae 0.16 i_pae 0.12 con 1.99 i_con 1.65 plddt 0.88 ptm 0.90 i_ptm 0.83 rg 1.69
67 models [0] recycles 1 hard 0 soft 0.68 temp 1 loss 2.20 helix 1.80 pae 0.12 i_pae 0.08 con 1.36 i_con 1.31 plddt 0.95 ptm 0.92 i_ptm 0.90 rg 0.02
90 models [4] recycles 1 hard 0 soft 1 temp 0.45 loss 7.07 helix 2.54 pae 0.66 i_pae 0.65 con 3.51 i_con 4.01 plddt 0.39 ptm 0.73 i_ptm 0.22 rg -0.3812 models [1] recycles 1 hard 0 soft 0.22 temp 1 loss 7.50 helix 0.86 pae 0.60 i_pae 0.63 con 3.47 i_con 3.93 plddt 0.49 ptm 0.73 i_ptm 0.25 rg -0.10
74 models [2] recycles 3 hard 0 soft 0.96 temp 1 loss 2.23 helix 5.00 pae 0.17 i_pae 0.13 con 1.61 i_con 1.91 plddt 0.91 ptm 0.90 i_ptm 0.83 rg 0.41

5 models [3] recycles 1 hard 0 soft 0.09 temp 1 loss 9.21 helix 1.32 pae 0.71 i_pae 0.67 con 4.24 i_con 3.98 plddt 0.33 ptm 0.74 i_ptm 0.21 rg 3.08
93 models [2] recycles 1 hard 0 soft 1 temp 0.37 loss 3.17 helix 2.08 pae 0.15 i_pae 0.12 con 1.70 i_con 1.80 plddt 0.91 ptm 0.91 i_ptm 0.87 rg 0.6787 models [4] recycles 1 hard 0 soft 1 temp 0.54 loss 4.29 helix 1.71 pae 0.23 i_pae 0.20 con 1.99 i_con 2.09 plddt 0.83 ptm 0.88 i_ptm 0.75 rg 1.93
82 models [2] recycles 1 hard 0 soft 1 temp 0.72 loss 3.69 helix 1.50 pae 0.21 i_pae 0.17 con 1.98 i_con 1.99 plddt 0.84 ptm 0.88 i_ptm 0.79 rg 0.13

70 models [0] recycles 1 hard 0 soft 0.80 temp 1 loss 3.78 helix 1.48 pae 0.21 i_pae 0.19 con 2.09 i_con 1.86 plddt 0.80 ptm 0.89 i_ptm 0.85 rg 0.46
80 models [3] recycles 1 hard 0 soft 1 temp 0.79 loss 4.00 helix 1.34 pae 0.16 i_pae 0.12 con 2.03 i_con 1.74 plddt 0.88 ptm 0.90 i_ptm 0.82 rg 1.78
91 models [2] recycles 1 hard 0 soft 1 temp 0.42 loss 6.94 helix 2.79 pae 0.66 i_pae 0.67 con 3.42 i_con 4.09 plddt 0.41 ptm 0.72 i_ptm 0.21 rg -0.57
6 models [1] recycles 1 hard 0 soft 0.11 temp 1 loss 9.43 helix 0.62 pae 0.66 i_pae 0.68 con 3.92 i_con 4.15 plddt 0.49 ptm 0.74 i_ptm 0.20 rg 3.7468 models [1] recycles 1 hard 0 soft 0.72 temp 1 loss 2.17 helix 1.85 pae 0.12 i_pae 0.08 con 1.35 i_con 1.30 plddt 0.95 ptm 0.93 i_ptm 0.90 rg 0.01

13 models [2] recycles 1 hard 0 soft 0.23 temp 1 loss 6.38 helix 1.00 pae 0.51 i_pae 0.55 con 2.66 i_con 3.67 plddt 0.64 ptm 0.73 i_ptm 0.27 rg 0.06
94 models [1] recycles 1 hard 0 soft 1 temp 0.34 loss 7.42 helix 1.39 pae 0.62 i_pae 0.63 con 3.42 i_con 4.06 plddt 0.45 ptm 0.76 i_ptm 0.24 rg -0.12
75 models [4] recycles 3 hard 0 soft 1 temp 1 loss 1.90 helix 5.53 pae 0.16 i_pae 0.13 con 1.51 i_con 1.83 plddt 0.92 ptm 0.90 i_ptm 0.82 rg 0.42
Optimised logit trajectory pLDDT: 0.96
Stage 2: Softmax Optimisation
88 models [4] recycles 1 hard 0 soft 1 temp 0.51 loss 4.11 helix 1.71 pae 0.22 i_pae 0.18 con 2.00 i_con 1.92 plddt 0.84 ptm 0.89 i_ptm 0.78 rg 1.87
83 models [4] recycles 1 hard 0 soft 1 temp 0.68 loss 3.42 helix 1.70 pae 0.19 i_pae 0.15 con 1.81 i_con 1.99 plddt 0.87 ptm 0.89 i_ptm 0.79 rg 0.03
7 models [1] recycles 1 hard 0 soft 0.13 temp 1 loss 7.90 helix 0.83 pae 0.64 i_pae 0.67 con 3.53 i_con 4.20 plddt 0.45 ptm 0.74 i_ptm 0.22 rg 0.02
81 models [3] recycles 1 hard 0 soft 1 temp 0.75 loss 4.18 helix 1.26 pae 0.18 i_pae 0.14 con 2.10 i_con 1.81 plddt 0.86 ptm 0.89 i_ptm 0.80 rg 1.7692 models [3] recycles 1 hard 0 soft 1 temp 0.39 loss 6.70 helix 2.91 pae 0.62 i_pae 0.62 con 3.24 i_con 3.99 plddt 0.44 ptm 0.74 i_ptm 0.25 rg -0.21

71 models [3] recycles 1 hard 0 soft 0.84 temp 1 loss 3.33 helix 1.67 pae 0.19 i_pae 0.16 con 1.86 i_con 1.73 plddt 0.85 ptm 0.90 i_ptm 0.86 rg 0.46
14 models [0] recycles 1 hard 0 soft 0.25 temp 1 loss 7.46 helix 0.94 pae 0.61 i_pae 0.67 con 3.21 i_con 4.16 plddt 0.52 ptm 0.72 i_ptm 0.21 rg -0.09
69 models [3] recycles 1 hard 0 soft 0.76 temp 1 loss 2.20 helix 1.86 pae 0.12 i_pae 0.08 con 1.38 i_con 1.30 plddt 0.95 ptm 0.93 i_ptm 0.90 rg 0.05
95 models [0] recycles 1 hard 0 soft 1 temp 0.32 loss 2.89 helix 2.40 pae 0.14 i_pae 0.11 con 1.54 i_con 1.79 plddt 0.93 ptm 0.91 i_ptm 0.87 rg 0.65
89 models [1] recycles 1 hard 0 soft 1 temp 0.48 loss 3.63 helix 1.88 pae 0.18 i_pae 0.15 con 1.79 i_con 1.73 plddt 0.87 ptm 0.90 i_ptm 0.83 rg 1.86
84 models [4] recycles 1 hard 0 soft 1 temp 0.64 loss 4.37 helix 1.52 pae 0.26 i_pae 0.23 con 1.99 i_con 2.67 plddt 0.81 ptm 0.85 i_ptm 0.65 rg 0.02
8 models [1] recycles 1 hard 0 soft 0.14 temp 1 loss 7.68 helix 0.82 pae 0.61 i_pae 0.64 con 3.49 i_con 4.09 plddt 0.47 ptm 0.74 i_ptm 0.23 rg -0.16
93 models [1] recycles 1 hard 0 soft 1 temp 0.37 loss 6.46 helix 2.86 pae 0.56 i_pae 0.55 con 3.23 i_con 3.77 plddt 0.48 ptm 0.76 i_ptm 0.33 rg -0.18
76 models [1] recycles 3 hard 0 soft 1 temp 0.96 loss 2.34 helix 5.14 pae 0.18 i_pae 0.15 con 1.60 i_con 2.07 plddt 0.90 ptm 0.90 i_ptm 0.81 rg 0.38
82 models [0] recycles 1 hard 0 soft 1 temp 0.72 loss 4.25 helix 1.20 pae 0.19 i_pae 0.14 con 2.24 i_con 1.75 plddt 0.84 ptm 0.89 i_ptm 0.79 rg 1.69
15 models [2] recycles 1 hard 0 soft 0.27 temp 1 loss 6.39 helix 0.96 pae 0.47 i_pae 0.50 con 2.75 i_con 3.50 plddt 0.65 ptm 0.75 i_ptm 0.32 rg 0.39
72 models [0] recycles 1 hard 0 soft 0.88 temp 1 loss 3.88 helix 1.40 pae 0.22 i_pae 0.19 con 2.20 i_con 1.81 plddt 0.79 ptm 0.89 i_ptm 0.85 rg 0.53
96 models [4] recycles 1 hard 0 soft 1 temp 0.29 loss 3.38 helix 2.32 pae 0.15 i_pae 0.14 con 1.63 i_con 2.16 plddt 0.91 ptm 0.90 i_ptm 0.84 rg 0.65
90 models [1] recycles 1 hard 0 soft 1 temp 0.45 loss 3.76 helix 1.75 pae 0.18 i_pae 0.15 con 1.86 i_con 1.74 plddt 0.86 ptm 0.91 i_ptm 0.83 rg 1.93
70 models [3] recycles 1 hard 0 soft 0.80 temp 1 loss 2.96 helix 1.57 pae 0.14 i_pae 0.10 con 1.62 i_con 1.72 plddt 0.92 ptm 0.92 i_ptm 0.88 rg 0.06
9 models [4] recycles 1 hard 0 soft 0.16 temp 1 loss 7.24 helix 0.95 pae 0.58 i_pae 0.60 con 3.12 i_con 3.85 plddt 0.53 ptm 0.75 i_ptm 0.25 rg 0.58
85 models [0] recycles 1 hard 0 soft 1 temp 0.61 loss 3.31 helix 1.61 pae 0.21 i_pae 0.16 con 1.88 i_con 1.80 plddt 0.84 ptm 0.89 i_ptm 0.80 rg -0.04
94 models [1] recycles 1 hard 0 soft 1 temp 0.34 loss 6.52 helix 2.82 pae 0.59 i_pae 0.59 con 3.28 i_con 3.80 plddt 0.46 ptm 0.75 i_ptm 0.30 rg -0.34
83 models [0] recycles 1 hard 0 soft 1 temp 0.68 loss 3.97 helix 1.24 pae 0.17 i_pae 0.13 con 2.09 i_con 1.62 plddt 0.86 ptm 0.89 i_ptm 0.80 rg 1.75
97 models [0] recycles 1 hard 0 soft 1 temp 0.27 loss 3.08 helix 2.35 pae 0.14 i_pae 0.13 con 1.57 i_con 1.97 plddt 0.92 ptm 0.91 i_ptm 0.86 rg 0.5616 models [0] recycles 1 hard 0 soft 0.29 temp 1 loss 7.12 helix 0.95 pae 0.59 i_pae 0.65 con 2.97 i_con 4.03 plddt 0.55 ptm 0.72 i_ptm 0.22 rg 0.03

77 models [0] recycles 3 hard 0 soft 1 temp 0.91 loss 2.03 helix 5.39 pae 0.17 i_pae 0.14 con 1.50 i_con 1.94 plddt 0.91 ptm 0.90 i_ptm 0.82 rg 0.38
73 models [0] recycles 1 hard 0 soft 0.92 temp 1 loss 3.72 helix 1.50 pae 0.20 i_pae 0.17 con 2.03 i_con 1.87 plddt 0.83 ptm 0.90 i_ptm 0.85 rg 0.51
10 models [3] recycles 1 hard 0 soft 0.18 temp 1 loss 6.93 helix 1.02 pae 0.58 i_pae 0.62 con 2.89 i_con 3.93 plddt 0.53 ptm 0.74 i_ptm 0.22 rg 0.13
91 models [0] recycles 1 hard 0 soft 1 temp 0.42 loss 4.08 helix 1.70 pae 0.21 i_pae 0.18 con 1.96 i_con 1.90 plddt 0.84 ptm 0.89 i_ptm 0.80 rg 2.02
86 models [0] recycles 1 hard 0 soft 1 temp 0.58 loss 3.29 helix 1.64 pae 0.20 i_pae 0.16 con 1.84 i_con 1.82 plddt 0.85 ptm 0.89 i_ptm 0.81 rg 0.01
95 models [2] recycles 1 hard 0 soft 1 temp 0.32 loss 6.94 helix 2.75 pae 0.65 i_pae 0.66 con 3.41 i_con 4.03 plddt 0.43 ptm 0.73 i_ptm 0.21 rg -0.33
71 models [2] recycles 1 hard 0 soft 0.84 temp 1 loss 2.31 helix 1.77 pae 0.13 i_pae 0.08 con 1.42 i_con 1.34 plddt 0.95 ptm 0.92 i_ptm 0.90 rg 0.06
84 models [4] recycles 1 hard 0 soft 1 temp 0.64 loss 3.98 helix 1.28 pae 0.16 i_pae 0.12 con 2.01 i_con 1.75 plddt 0.88 ptm 0.90 i_ptm 0.82 rg 1.70
98 models [3] recycles 1 hard 0 soft 1 temp 0.25 loss 2.79 helix 2.40 pae 0.13 i_pae 0.10 con 1.54 i_con 1.72 plddt 0.93 ptm 0.92 i_ptm 0.89 rg 0.57
17 models [4] recycles 1 hard 0 soft 0.31 temp 1 loss 6.85 helix 1.00 pae 0.56 i_pae 0.60 con 2.87 i_con 3.88 plddt 0.58 ptm 0.73 i_ptm 0.25 rg 0.11
11 models [2] recycles 1 hard 0 soft 0.20 temp 1 loss 6.83 helix 1.07 pae 0.56 i_pae 0.58 con 2.91 i_con 3.82 plddt 0.56 ptm 0.75 i_ptm 0.24 rg 0.22
92 models [1] recycles 1 hard 0 soft 1 temp 0.39 loss 4.60 helix 1.69 pae 0.24 i_pae 0.25 con 1.90 i_con 2.58 plddt 0.81 ptm 0.87 i_ptm 0.71 rg 1.58
74 models [4] recycles 1 hard 0 soft 0.96 temp 1 loss 7.88 helix 0.96 pae 0.65 i_pae 0.64 con 3.60 i_con 3.95 plddt 0.43 ptm 0.70 i_ptm 0.22 rg 0.65
96 models [2] recycles 1 hard 0 soft 1 temp 0.29 loss 6.79 helix 2.89 pae 0.65 i_pae 0.66 con 3.26 i_con 4.07 plddt 0.45 ptm 0.72 i_ptm 0.20 rg -0.3287 models [0] recycles 1 hard 0 soft 1 temp 0.54 loss 3.48 helix 1.67 pae 0.20 i_pae 0.16 con 1.84 i_con 2.03 plddt 0.86 ptm 0.88 i_ptm 0.78 rg -0.02

78 models [0] recycles 3 hard 0 soft 1 temp 0.87 loss 1.90 helix 5.55 pae 0.16 i_pae 0.13 con 1.47 i_con 1.89 plddt 0.92 ptm 0.90 i_ptm 0.82 rg 0.37
99 models [3] recycles 1 hard 0 soft 1 temp 0.23 loss 2.86 helix 2.44 pae 0.14 i_pae 0.11 con 1.50 i_con 1.83 plddt 0.93 ptm 0.91 i_ptm 0.87 rg 0.61
72 models [4] recycles 1 hard 0 soft 0.88 temp 1 loss 2.56 helix 1.63 pae 0.13 i_pae 0.09 con 1.45 i_con 1.49 plddt 0.94 ptm 0.92 i_ptm 0.89 rg 0.11
12 models [0] recycles 1 hard 0 soft 0.22 temp 1 loss 7.11 helix 1.13 pae 0.57 i_pae 0.60 con 3.07 i_con 3.96 plddt 0.53 ptm 0.74 i_ptm 0.24 rg 0.1285 models [1] recycles 1 hard 0 soft 1 temp 0.61 loss 3.73 helix 1.27 pae 0.16 i_pae 0.11 con 1.97 i_con 1.55 plddt 0.88 ptm 0.90 i_ptm 0.83 rg 1.67

18 models [3] recycles 1 hard 0 soft 0.32 temp 1 loss 6.31 helix 1.12 pae 0.50 i_pae 0.55 con 2.57 i_con 3.74 plddt 0.63 ptm 0.74 i_ptm 0.29 rg 0.03
93 models [1] recycles 1 hard 0 soft 1 temp 0.37 loss 4.34 helix 1.71 pae 0.20 i_pae 0.18 con 1.99 i_con 2.18 plddt 0.84 ptm 0.90 i_ptm 0.80 rg 1.90
97 models [3] recycles 1 hard 0 soft 1 temp 0.27 loss 6.23 helix 3.36 pae 0.62 i_pae 0.65 con 2.87 i_con 4.01 plddt 0.53 ptm 0.73 i_ptm 0.21 rg -0.17
88 models [4] recycles 1 hard 0 soft 1 temp 0.51 loss 3.49 helix 1.66 pae 0.19 i_pae 0.16 con 1.80 i_con 2.11 plddt 0.87 ptm 0.89 i_ptm 0.80 rg -0.11
75 models [2] recycles 1 hard 0 soft 1 temp 1 loss 5.93 helix 1.01 pae 0.39 i_pae 0.38 con 2.86 i_con 3.04 plddt 0.64 ptm 0.81 i_ptm 0.55 rg 0.30
Optimised logit trajectory pLDDT: 0.85
Stage 2: Softmax Optimisation
100 models [3] recycles 1 hard 0 soft 1 temp 0.21 loss 2.76 helix 2.39 pae 0.13 i_pae 0.10 con 1.51 i_con 1.70 plddt 0.93 ptm 0.92 i_ptm 0.88 rg 0.64
13 models [3] recycles 1 hard 0 soft 0.23 temp 1 loss 6.21 helix 1.02 pae 0.48 i_pae 0.52 con 2.49 i_con 3.67 plddt 0.59 ptm 0.76 i_ptm 0.30 rg 0.14
79 models [1] recycles 3 hard 0 soft 1 temp 0.83 loss 4.14 helix 4.20 pae 0.30 i_pae 0.29 con 2.03 i_con 3.06 plddt 0.79 ptm 0.85 i_ptm 0.61 rg 0.39
86 models [1] recycles 1 hard 0 soft 1 temp 0.58 loss 3.74 helix 1.28 pae 0.16 i_pae 0.11 con 2.03 i_con 1.50 plddt 0.88 ptm 0.90 i_ptm 0.82 rg 1.69
73 models [0] recycles 1 hard 0 soft 0.92 temp 1 loss 2.54 helix 1.66 pae 0.13 i_pae 0.09 con 1.52 i_con 1.42 plddt 0.94 ptm 0.92 i_ptm 0.89 rg 0.06
19 models [0] recycles 1 hard 0 soft 0.34 temp 1 loss 6.45 helix 1.03 pae 0.50 i_pae 0.56 con 2.55 i_con 3.81 plddt 0.64 ptm 0.74 i_ptm 0.29 rg 0.24
94 models [3] recycles 1 hard 0 soft 1 temp 0.34 loss 3.85 helix 1.75 pae 0.20 i_pae 0.16 con 1.88 i_con 1.76 plddt 0.87 ptm 0.90 i_ptm 0.83 rg 2.07
98 models [1] recycles 1 hard 0 soft 1 temp 0.25 loss 6.68 helix 2.86 pae 0.62 i_pae 0.62 con 3.36 i_con 3.90 plddt 0.45 ptm 0.74 i_ptm 0.25 rg -0.44
89 models [1] recycles 1 hard 0 soft 1 temp 0.48 loss 3.13 helix 1.69 pae 0.18 i_pae 0.14 con 1.76 i_con 1.78 plddt 0.87 ptm 0.90 i_ptm 0.83 rg -0.04
14 models [2] recycles 1 hard 0 soft 0.25 temp 1 loss 6.28 helix 1.16 pae 0.49 i_pae 0.53 con 2.38 i_con 3.77 plddt 0.63 ptm 0.75 i_ptm 0.28 rg 0.53101 models [0] recycles 1 hard 0 soft 1 temp 0.19 loss 2.77 helix 2.32 pae 0.13 i_pae 0.11 con 1.54 i_con 1.66 plddt 0.93 ptm 0.91 i_ptm 0.88 rg 0.62

76 models [3] recycles 1 hard 0 soft 1 temp 0.96 loss 4.28 helix 1.26 pae 0.23 i_pae 0.19 con 2.37 i_con 1.97 plddt 0.77 ptm 0.89 i_ptm 0.83 rg 0.59
87 models [4] recycles 1 hard 0 soft 1 temp 0.54 loss 3.81 helix 1.26 pae 0.17 i_pae 0.12 con 2.03 i_con 1.58 plddt 0.88 ptm 0.90 i_ptm 0.84 rg 1.59
95 models [1] recycles 1 hard 0 soft 1 temp 0.32 loss 3.87 helix 1.77 pae 0.19 i_pae 0.16 con 1.84 i_con 1.85 plddt 0.86 ptm 0.90 i_ptm 0.82 rg 1.97
20 models [0] recycles 1 hard 0 soft 0.36 temp 1 loss 5.79 helix 1.10 pae 0.38 i_pae 0.40 con 2.43 i_con 3.33 plddt 0.70 ptm 0.79 i_ptm 0.46 rg 0.39
99 models [1] recycles 1 hard 0 soft 1 temp 0.23 loss 7.04 helix 2.71 pae 0.65 i_pae 0.64 con 3.56 i_con 3.99 plddt 0.38 ptm 0.74 i_ptm 0.23 rg -0.40
74 models [1] recycles 1 hard 0 soft 0.96 temp 1 loss 4.22 helix 1.20 pae 0.20 i_pae 0.17 con 2.10 i_con 2.34 plddt 0.82 ptm 0.89 i_ptm 0.79 rg 0.07
80 models [4] recycles 3 hard 0 soft 1 temp 0.79 loss 5.85 helix 3.75 pae 0.59 i_pae 0.59 con 2.69 i_con 3.93 plddt 0.50 ptm 0.75 i_ptm 0.25 rg -0.12
15 models [4] recycles 1 hard 0 soft 0.27 temp 1 loss 6.29 helix 1.00 pae 0.48 i_pae 0.51 con 2.49 i_con 3.63 plddt 0.61 ptm 0.76 i_ptm 0.32 rg 0.52
102 models [1] recycles 1 hard 0 soft 1 temp 0.17 loss 2.95 helix 2.31 pae 0.14 i_pae 0.12 con 1.57 i_con 1.82 plddt 0.92 ptm 0.91 i_ptm 0.87 rg 0.5590 models [3] recycles 1 hard 0 soft 1 temp 0.45 loss 2.95 helix 1.71 pae 0.17 i_pae 0.12 con 1.72 i_con 1.67 plddt 0.89 ptm 0.90 i_ptm 0.84 rg -0.11

77 models [1] recycles 1 hard 0 soft 1 temp 0.91 loss 4.18 helix 1.35 pae 0.22 i_pae 0.21 con 2.16 i_con 2.15 plddt 0.80 ptm 0.89 i_ptm 0.83 rg 0.49
96 models [1] recycles 1 hard 0 soft 1 temp 0.29 loss 5.85 helix 1.55 pae 0.43 i_pae 0.48 con 2.17 i_con 3.44 plddt 0.72 ptm 0.79 i_ptm 0.41 rg 1.43
88 models [2] recycles 1 hard 0 soft 1 temp 0.51 loss 4.35 helix 1.18 pae 0.19 i_pae 0.14 con 2.07 i_con 2.03 plddt 0.86 ptm 0.89 i_ptm 0.80 rg 1.66
21 models [2] recycles 1 hard 0 soft 0.38 temp 1 loss 5.50 helix 1.18 pae 0.35 i_pae 0.34 con 2.53 i_con 2.92 plddt 0.71 ptm 0.81 i_ptm 0.54 rg 0.58
100 models [4] recycles 1 hard 0 soft 1 temp 0.21 loss 6.44 helix 3.03 pae 0.62 i_pae 0.61 con 3.23 i_con 3.86 plddt 0.46 ptm 0.74 i_ptm 0.24 rg -0.46
16 models [0] recycles 1 hard 0 soft 0.29 temp 1 loss 5.70 helix 1.34 pae 0.42 i_pae 0.47 con 2.05 i_con 3.57 plddt 0.72 ptm 0.77 i_ptm 0.34 rg 0.70
103 models [3] recycles 1 hard 0 soft 1 temp 0.15 loss 2.73 helix 2.26 pae 0.13 i_pae 0.10 con 1.53 i_con 1.62 plddt 0.93 ptm 0.92 i_ptm 0.88 rg 0.62
91 models [3] recycles 1 hard 0 soft 1 temp 0.42 loss 3.05 helix 1.67 pae 0.17 i_pae 0.13 con 1.70 i_con 1.80 plddt 0.90 ptm 0.90 i_ptm 0.82 rg -0.16
75 models [0] recycles 1 hard 0 soft 1 temp 1 loss 3.51 helix 1.33 pae 0.16 i_pae 0.12 con 1.83 i_con 2.00 plddt 0.88 ptm 0.90 i_ptm 0.83 rg -0.03
Optimised logit trajectory pLDDT: 0.34
Stage 2: Softmax Optimisation
81 models [3] recycles 3 hard 0 soft 1 temp 0.75 loss 1.71 helix 5.99 pae 0.15 i_pae 0.12 con 1.45 i_con 1.83 plddt 0.92 ptm 0.91 i_ptm 0.85 rg 0.44
97 models [4] recycles 1 hard 0 soft 1 temp 0.27 loss 4.16 helix 1.74 pae 0.20 i_pae 0.17 con 1.98 i_con 2.03 plddt 0.85 ptm 0.89 i_ptm 0.80 rg 1.83
17 models [3] recycles 1 hard 0 soft 0.31 temp 1 loss 5.83 helix 1.14 pae 0.41 i_pae 0.43 con 2.60 i_con 3.42 plddt 0.54 ptm 0.79 i_ptm 0.43 rg -0.46
101 models [3] recycles 1 hard 0 soft 1 temp 0.19 loss 6.32 helix 3.23 pae 0.60 i_pae 0.59 con 3.08 i_con 3.91 plddt 0.49 ptm 0.74 i_ptm 0.25 rg -0.31
89 models [1] recycles 1 hard 0 soft 1 temp 0.48 loss 3.79 helix 1.27 pae 0.16 i_pae 0.12 con 2.05 i_con 1.54 plddt 0.88 ptm 0.90 i_ptm 0.83 rg 1.60
78 models [4] recycles 1 hard 0 soft 1 temp 0.87 loss 3.71 helix 1.47 pae 0.21 i_pae 0.18 con 2.03 i_con 1.84 plddt 0.81 ptm 0.90 i_ptm 0.86 rg 0.51
22 models [2] recycles 1 hard 0 soft 0.40 temp 1 loss 5.38 helix 1.17 pae 0.34 i_pae 0.33 con 2.46 i_con 2.89 plddt 0.72 ptm 0.82 i_ptm 0.55 rg 0.54
104 models [3] recycles 1 hard 0 soft 1 temp 0.14 loss 2.59 helix 2.39 pae 0.13 i_pae 0.10 con 1.48 i_con 1.57 plddt 0.93 ptm 0.92 i_ptm 0.89 rg 0.61
92 models [2] recycles 1 hard 0 soft 1 temp 0.39 loss 3.62 helix 1.53 pae 0.21 i_pae 0.16 con 1.95 i_con 2.03 plddt 0.84 ptm 0.88 i_ptm 0.77 rg -0.10
76 models [4] recycles 1 hard 0 soft 1 temp 0.96 loss 2.72 helix 1.50 pae 0.13 i_pae 0.09 con 1.59 i_con 1.48 plddt 0.93 ptm 0.92 i_ptm 0.89 rg 0.07
98 models [0] recycles 1 hard 0 soft 1 temp 0.25 loss 3.98 helix 1.76 pae 0.19 i_pae 0.17 con 1.87 i_con 1.94 plddt 0.86 ptm 0.89 i_ptm 0.80 rg 1.94
18 models [2] recycles 1 hard 0 soft 0.32 temp 1 loss 5.96 helix 0.95 pae 0.32 i_pae 0.31 con 2.93 i_con 3.03 plddt 0.53 ptm 0.84 i_ptm 0.61 rg 0.21
102 models [1] recycles 1 hard 0 soft 1 temp 0.17 loss 6.79 helix 2.99 pae 0.63 i_pae 0.62 con 3.39 i_con 3.93 plddt 0.44 ptm 0.74 i_ptm 0.25 rg -0.17
82 models [4] recycles 3 hard 0 soft 1 temp 0.72 loss 2.52 helix 5.01 pae 0.19 i_pae 0.15 con 1.62 i_con 2.16 plddt 0.90 ptm 0.89 i_ptm 0.78 rg 0.4290 models [1] recycles 1 hard 0 soft 1 temp 0.45 loss 3.68 helix 1.23 pae 0.17 i_pae 0.12 con 1.99 i_con 1.44 plddt 0.87 ptm 0.90 i_ptm 0.84 rg 1.71
105 models [3] recycles 1 hard 0 soft 1 temp 0.12 loss 2.84 helix 2.34 pae 0.14 i_pae 0.11 con 1.56 i_con 1.72 plddt 0.92 ptm 0.92 i_ptm 0.88 rg 0.60
23 models [2] recycles 1 hard 0 soft 0.41 temp 1 loss 5.36 helix 1.12 pae 0.34 i_pae 0.33 con 2.40 i_con 2.93 plddt 0.73 ptm 0.82 i_ptm 0.55 rg 0.51

79 models [4] recycles 1 hard 0 soft 1 temp 0.83 loss 7.76 helix 0.99 pae 0.67 i_pae 0.67 con 3.59 i_con 4.06 plddt 0.42 ptm 0.70 i_ptm 0.20 rg -0.07
93 models [2] recycles 1 hard 0 soft 1 temp 0.37 loss 3.31 helix 1.71 pae 0.20 i_pae 0.15 con 1.83 i_con 1.81 plddt 0.86 ptm 0.89 i_ptm 0.82 rg 0.20
19 models [4] recycles 1 hard 0 soft 0.34 temp 1 loss 5.20 helix 1.13 pae 0.35 i_pae 0.39 con 2.03 i_con 3.19 plddt 0.62 ptm 0.81 i_ptm 0.48 rg 0.27
99 models [3] recycles 1 hard 0 soft 1 temp 0.23 loss 4.06 helix 1.85 pae 0.20 i_pae 0.17 con 1.91 i_con 1.99 plddt 0.86 ptm 0.89 i_ptm 0.78 rg 1.97
103 models [2] recycles 1 hard 0 soft 1 temp 0.15 loss 6.82 helix 2.91 pae 0.66 i_pae 0.67 con 3.42 i_con 4.04 plddt 0.39 ptm 0.72 i_ptm 0.20 rg -0.66
77 models [0] recycles 1 hard 0 soft 1 temp 0.91 loss 2.37 helix 1.65 pae 0.12 i_pae 0.09 con 1.42 i_con 1.37 plddt 0.95 ptm 0.92 i_ptm 0.90 rg 0.04
106 models [4] recycles 1 hard 0 soft 1 temp 0.11 loss 3.12 helix 2.34 pae 0.14 i_pae 0.12 con 1.62 i_con 1.93 plddt 0.92 ptm 0.91 i_ptm 0.87 rg 0.62
91 models [3] recycles 1 hard 0 soft 1 temp 0.42 loss 4.09 helix 1.24 pae 0.20 i_pae 0.14 con 2.16 i_con 1.65 plddt 0.84 ptm 0.89 i_ptm 0.79 rg 1.77
24 models [3] recycles 1 hard 0 soft 0.43 temp 1 loss 4.60 helix 1.20 pae 0.25 i_pae 0.22 con 2.34 i_con 2.26 plddt 0.76 ptm 0.87 i_ptm 0.71 rg 0.67
80 models [4] recycles 1 hard 0 soft 1 temp 0.79 loss 7.62 helix 0.98 pae 0.65 i_pae 0.65 con 3.24 i_con 4.02 plddt 0.48 ptm 0.70 i_ptm 0.20 rg 0.77
94 models [3] recycles 1 hard 0 soft 1 temp 0.34 loss 3.32 helix 1.57 pae 0.20 i_pae 0.15 con 1.97 i_con 1.71 plddt 0.85 ptm 0.90 i_ptm 0.83 rg -0.03
83 models [2] recycles 3 hard 0 soft 1 temp 0.68 loss 2.65 helix 4.89 pae 0.20 i_pae 0.16 con 1.68 i_con 2.21 plddt 0.89 ptm 0.88 i_ptm 0.76 rg 0.3720 models [2] recycles 1 hard 0 soft 0.36 temp 1 loss 4.99 helix 1.07 pae 0.26 i_pae 0.24 con 2.39 i_con 2.63 plddt 0.54 ptm 0.86 i_ptm 0.71 rg 0.35

100 models [3] recycles 1 hard 0 soft 1 temp 0.21 loss 6.86 helix 1.56 pae 0.49 i_pae 0.48 con 3.09 i_con 3.42 plddt 0.59 ptm 0.78 i_ptm 0.41 rg 1.69
104 models [0] recycles 1 hard 0 soft 1 temp 0.14 loss 6.76 helix 3.12 pae 0.64 i_pae 0.65 con 3.27 i_con 4.11 plddt 0.46 ptm 0.73 i_ptm 0.22 rg -0.32
107 models [3] recycles 1 hard 0 soft 1 temp 0.09 loss 3.02 helix 2.30 pae 0.14 i_pae 0.11 con 1.67 i_con 1.77 plddt 0.92 ptm 0.92 i_ptm 0.88 rg 0.63
78 models [3] recycles 1 hard 0 soft 1 temp 0.87 loss 3.26 helix 1.40 pae 0.15 i_pae 0.12 con 1.66 i_con 1.90 plddt 0.91 ptm 0.91 i_ptm 0.86 rg 0.10
25 models [1] recycles 1 hard 0 soft 0.45 temp 1 loss 5.99 helix 0.95 pae 0.37 i_pae 0.35 con 3.09 i_con 2.87 plddt 0.62 ptm 0.83 i_ptm 0.57 rg 0.2192 models [4] recycles 1 hard 0 soft 1 temp 0.39 loss 3.96 helix 1.24 pae 0.18 i_pae 0.14 con 2.08 i_con 1.63 plddt 0.85 ptm 0.89 i_ptm 0.80 rg 1.69

21 models [2] recycles 1 hard 0 soft 0.38 temp 1 loss 5.07 helix 1.13 pae 0.29 i_pae 0.29 con 2.22 i_con 2.90 plddt 0.56 ptm 0.84 i_ptm 0.61 rg 0.28
95 models [1] recycles 1 hard 0 soft 1 temp 0.32 loss 3.03 helix 1.70 pae 0.17 i_pae 0.13 con 1.76 i_con 1.67 plddt 0.88 ptm 0.90 i_ptm 0.83 rg 0.04
81 models [1] recycles 1 hard 0 soft 1 temp 0.75 loss 4.07 helix 1.40 pae 0.24 i_pae 0.21 con 2.23 i_con 1.92 plddt 0.78 ptm 0.89 i_ptm 0.85 rg 0.65
101 models [4] recycles 1 hard 0 soft 1 temp 0.19 loss 4.06 helix 1.76 pae 0.19 i_pae 0.16 con 1.97 i_con 1.90 plddt 0.87 ptm 0.90 i_ptm 0.81 rg 2.03
105 models [0] recycles 1 hard 0 soft 1 temp 0.12 loss 6.76 helix 3.09 pae 0.63 i_pae 0.64 con 3.28 i_con 4.07 plddt 0.46 ptm 0.73 i_ptm 0.23 rg -0.25
108 models [2] recycles 1 hard 0 soft 1 temp 0.08 loss 3.73 helix 2.03 pae 0.20 i_pae 0.16 con 2.01 i_con 1.98 plddt 0.85 ptm 0.90 i_ptm 0.82 rg 0.75
84 models [0] recycles 3 hard 0 soft 1 temp 0.64 loss 1.96 helix 5.36 pae 0.16 i_pae 0.13 con 1.49 i_con 1.87 plddt 0.92 ptm 0.90 i_ptm 0.84 rg 0.37
22 models [0] recycles 1 hard 0 soft 0.40 temp 1 loss 5.74 helix 1.30 pae 0.43 i_pae 0.48 con 2.08 i_con 3.61 plddt 0.68 ptm 0.77 i_ptm 0.34 rg 0.51
26 models [2] recycles 1 hard 0 soft 0.47 temp 1 loss 4.55 helix 1.21 pae 0.26 i_pae 0.23 con 2.31 i_con 2.24 plddt 0.77 ptm 0.86 i_ptm 0.71 rg 0.68
93 models [3] recycles 1 hard 0 soft 1 temp 0.37 loss 3.80 helix 1.25 pae 0.16 i_pae 0.11 con 2.03 i_con 1.55 plddt 0.89 ptm 0.90 i_ptm 0.83 rg 1.66
79 models [1] recycles 1 hard 0 soft 1 temp 0.83 loss 2.40 helix 1.72 pae 0.13 i_pae 0.09 con 1.46 i_con 1.37 plddt 0.94 ptm 0.92 i_ptm 0.90 rg 0.04
96 models [2] recycles 1 hard 0 soft 1 temp 0.29 loss 3.21 helix 1.73 pae 0.20 i_pae 0.14 con 1.84 i_con 1.74 plddt 0.87 ptm 0.89 i_ptm 0.83 rg 0.12
102 models [1] recycles 1 hard 0 soft 1 temp 0.17 loss 3.80 helix 1.75 pae 0.18 i_pae 0.15 con 1.82 i_con 1.80 plddt 0.88 ptm 0.91 i_ptm 0.83 rg 1.99
106 models [4] recycles 1 hard 0 soft 1 temp 0.11 loss 6.92 helix 2.72 pae 0.63 i_pae 0.62 con 3.46 i_con 3.98 plddt 0.42 ptm 0.74 i_ptm 0.25 rg -0.38
109 models [2] recycles 1 hard 0 soft 1 temp 0.07 loss 3.51 helix 2.13 pae 0.17 i_pae 0.14 con 1.85 i_con 2.00 plddt 0.88 ptm 0.90 i_ptm 0.84 rg 0.64
82 models [1] recycles 1 hard 0 soft 1 temp 0.72 loss 3.69 helix 1.55 pae 0.20 i_pae 0.17 con 1.96 i_con 1.93 plddt 0.83 ptm 0.90 i_ptm 0.85 rg 0.50
23 models [1] recycles 1 hard 0 soft 0.41 temp 1 loss 5.47 helix 1.36 pae 0.39 i_pae 0.44 con 2.00 i_con 3.44 plddt 0.74 ptm 0.79 i_ptm 0.40 rg 0.61
27 models [1] recycles 1 hard 0 soft 0.49 temp 1 loss 5.29 helix 1.27 pae 0.29 i_pae 0.31 con 2.23 i_con 3.07 plddt 0.78 ptm 0.83 i_ptm 0.59 rg 0.62
94 models [3] recycles 1 hard 0 soft 1 temp 0.34 loss 3.99 helix 1.23 pae 0.18 i_pae 0.13 con 2.08 i_con 1.67 plddt 0.86 ptm 0.89 i_ptm 0.81 rg 1.65
85 models [2] recycles 3 hard 0 soft 1 temp 0.61 loss 5.61 helix 3.92 pae 0.57 i_pae 0.58 con 2.52 i_con 3.99 plddt 0.57 ptm 0.75 i_ptm 0.26 rg -0.28
97 models [0] recycles 1 hard 0 soft 1 temp 0.27 loss 3.08 helix 1.70 pae 0.16 i_pae 0.12 con 1.73 i_con 1.76 plddt 0.89 ptm 0.90 i_ptm 0.83 rg -0.02
107 models [1] recycles 1 hard 0 soft 1 temp 0.09 loss 8.05 helix 2.10 pae 0.71 i_pae 0.72 con 3.79 i_con 4.22 plddt 0.40 ptm 0.72 i_ptm 0.18 rg 0.68110 models [1] recycles 1 hard 0 soft 1 temp 0.06 loss 2.86 helix 2.38 pae 0.14 i_pae 0.11 con 1.55 i_con 1.76 plddt 0.92 ptm 0.92 i_ptm 0.88 rg 0.60103 models [0] recycles 1 hard 0 soft 1 temp 0.15 loss 7.16 helix 1.28 pae 0.55 i_pae 0.64 con 2.64 i_con 4.13 plddt 0.64 ptm 0.74 i_ptm 0.26 rg 1.39


80 models [1] recycles 1 hard 0 soft 1 temp 0.79 loss 2.34 helix 1.71 pae 0.12 i_pae 0.09 con 1.43 i_con 1.35 plddt 0.94 ptm 0.92 i_ptm 0.90 rg -0.00
24 models [2] recycles 1 hard 0 soft 0.43 temp 1 loss 4.61 helix 1.24 pae 0.25 i_pae 0.25 con 2.04 i_con 2.75 plddt 0.57 ptm 0.85 i_ptm 0.67 rg 0.04
83 models [4] recycles 1 hard 0 soft 1 temp 0.68 loss 3.79 helix 1.56 pae 0.20 i_pae 0.17 con 1.99 i_con 2.00 plddt 0.83 ptm 0.90 i_ptm 0.84 rg 0.51
28 models [2] recycles 1 hard 0 soft 0.50 temp 1 loss 4.61 helix 1.36 pae 0.23 i_pae 0.23 con 1.97 i_con 2.72 plddt 0.85 ptm 0.85 i_ptm 0.69 rg 0.61
95 models [4] recycles 1 hard 0 soft 1 temp 0.32 loss 3.85 helix 1.28 pae 0.17 i_pae 0.12 con 1.97 i_con 1.65 plddt 0.87 ptm 0.90 i_ptm 0.83 rg 1.71
98 models [3] recycles 1 hard 0 soft 1 temp 0.25 loss 3.08 helix 1.68 pae 0.19 i_pae 0.14 con 1.81 i_con 1.65 plddt 0.87 ptm 0.90 i_ptm 0.84 rg 0.07
111 models [4] recycles 1 hard 0 soft 1 temp 0.05 loss 3.19 helix 2.29 pae 0.15 i_pae 0.12 con 1.66 i_con 1.95 plddt 0.91 ptm 0.91 i_ptm 0.87 rg 0.59
108 models [1] recycles 1 hard 0 soft 1 temp 0.08 loss 6.72 helix 3.08 pae 0.63 i_pae 0.64 con 3.26 i_con 4.05 plddt 0.47 ptm 0.73 i_ptm 0.23 rg -0.24
104 models [0] recycles 1 hard 0 soft 1 temp 0.14 loss 7.52 helix 1.37 pae 0.63 i_pae 0.72 con 2.74 i_con 4.46 plddt 0.60 ptm 0.73 i_ptm 0.17 rg 1.07
86 models [3] recycles 3 hard 0 soft 1 temp 0.58 loss 1.86 helix 5.85 pae 0.16 i_pae 0.12 con 1.47 i_con 1.92 plddt 0.92 ptm 0.90 i_ptm 0.83 rg 0.44
25 models [4] recycles 1 hard 0 soft 0.45 temp 1 loss 4.38 helix 1.09 pae 0.24 i_pae 0.25 con 2.00 i_con 2.76 plddt 0.52 ptm 0.86 i_ptm 0.71 rg -0.77
81 models [3] recycles 1 hard 0 soft 1 temp 0.75 loss 2.17 helix 1.81 pae 0.12 i_pae 0.08 con 1.36 i_con 1.27 plddt 0.95 ptm 0.92 i_ptm 0.91 rg 0.06
84 models [0] recycles 1 hard 0 soft 1 temp 0.64 loss 4.09 helix 1.44 pae 0.22 i_pae 0.20 con 2.09 i_con 2.13 plddt 0.80 ptm 0.89 i_ptm 0.82 rg 0.57
29 models [0] recycles 1 hard 0 soft 0.52 temp 1 loss 4.11 helix 1.54 pae 0.18 i_pae 0.17 con 1.86 i_con 2.42 plddt 0.87 ptm 0.89 i_ptm 0.79 rg 0.57
96 models [0] recycles 1 hard 0 soft 1 temp 0.29 loss 3.80 helix 1.29 pae 0.18 i_pae 0.13 con 1.94 i_con 1.61 plddt 0.86 ptm 0.89 i_ptm 0.80 rg 1.75
112 models [3] recycles 1 hard 0 soft 1 temp 0.04 loss 2.83 helix 2.26 pae 0.14 i_pae 0.11 con 1.61 i_con 1.64 plddt 0.92 ptm 0.92 i_ptm 0.89 rg 0.59
109 models [4] recycles 1 hard 0 soft 1 temp 0.07 loss 7.33 helix 2.60 pae 0.67 i_pae 0.67 con 3.65 i_con 4.02 plddt 0.38 ptm 0.73 i_ptm 0.22 rg 0.02
99 models [4] recycles 1 hard 0 soft 1 temp 0.23 loss 3.13 helix 1.73 pae 0.19 i_pae 0.14 con 1.82 i_con 1.72 plddt 0.86 ptm 0.90 i_ptm 0.83 rg -0.01
105 models [0] recycles 1 hard 0 soft 1 temp 0.12 loss 5.93 helix 1.50 pae 0.36 i_pae 0.40 con 2.29 i_con 3.36 plddt 0.73 ptm 0.81 i_ptm 0.49 rg 1.63
26 models [4] recycles 1 hard 0 soft 0.47 temp 1 loss 4.19 helix 1.26 pae 0.21 i_pae 0.23 con 1.69 i_con 2.62 plddt 0.56 ptm 0.87 i_ptm 0.73 rg 0.31
82 models [0] recycles 1 hard 0 soft 1 temp 0.72 loss 2.31 helix 1.73 pae 0.13 i_pae 0.09 con 1.43 i_con 1.33 plddt 0.94 ptm 0.92 i_ptm 0.90 rg 0.00
87 models [3] recycles 3 hard 0 soft 1 temp 0.54 loss 2.31 helix 5.44 pae 0.19 i_pae 0.16 con 1.55 i_con 2.14 plddt 0.90 ptm 0.89 i_ptm 0.76 rg 0.44
113 models [1] recycles 1 hard 0 soft 1 temp 0.03 loss 2.89 helix 2.31 pae 0.14 i_pae 0.11 con 1.55 i_con 1.78 plddt 0.92 ptm 0.91 i_ptm 0.87 rg 0.60
30 models [3] recycles 1 hard 0 soft 0.54 temp 1 loss 3.80 helix 1.61 pae 0.17 i_pae 0.15 con 1.80 i_con 2.19 plddt 0.89 ptm 0.90 i_ptm 0.82 rg 0.60
110 models [3] recycles 1 hard 0 soft 1 temp 0.06 loss 6.06 helix 3.34 pae 0.56 i_pae 0.56 con 2.92 i_con 3.89 plddt 0.52 ptm 0.75 i_ptm 0.28 rg -0.37
85 models [4] recycles 1 hard 0 soft 1 temp 0.61 loss 3.59 helix 1.58 pae 0.17 i_pae 0.15 con 1.84 i_con 2.00 plddt 0.87 ptm 0.90 i_ptm 0.85 rg 0.44
27 models [3] recycles 1 hard 0 soft 0.49 temp 1 loss 3.84 helix 1.33 pae 0.18 i_pae 0.19 con 1.75 i_con 2.45 plddt 0.54 ptm 0.88 i_ptm 0.80 rg -0.37
97 models [1] recycles 1 hard 0 soft 1 temp 0.27 loss 3.61 helix 1.29 pae 0.18 i_pae 0.12 con 1.98 i_con 1.40 plddt 0.86 ptm 0.90 i_ptm 0.84 rg 1.72106 models [2] recycles 1 hard 0 soft 1 temp 0.11 loss 4.04 helix 1.68 pae 0.20 i_pae 0.17 con 1.94 i_con 1.90 plddt 0.86 ptm 0.90 i_ptm 0.82 rg 1.94

100 models [3] recycles 1 hard 0 soft 1 temp 0.21 loss 3.10 helix 1.75 pae 0.19 i_pae 0.14 con 1.84 i_con 1.69 plddt 0.87 ptm 0.90 i_ptm 0.83 rg -0.03
114 models [4] recycles 1 hard 0 soft 1 temp 0.03 loss 2.92 helix 2.45 pae 0.14 i_pae 0.11 con 1.57 i_con 1.82 plddt 0.93 ptm 0.91 i_ptm 0.87 rg 0.63
28 models [4] recycles 1 hard 0 soft 0.50 temp 1 loss 5.42 helix 1.29 pae 0.43 i_pae 0.49 con 1.78 i_con 3.54 plddt 0.73 ptm 0.77 i_ptm 0.32 rg 0.69
111 models [0] recycles 1 hard 0 soft 1 temp 0.05 loss 6.95 helix 2.92 pae 0.65 i_pae 0.66 con 3.37 i_con 4.10 plddt 0.42 ptm 0.73 i_ptm 0.21 rg -0.25
83 models [1] recycles 1 hard 0 soft 1 temp 0.68 loss 2.20 helix 1.84 pae 0.12 i_pae 0.08 con 1.37 i_con 1.31 plddt 0.95 ptm 0.92 i_ptm 0.90 rg -0.00
31 models [3] recycles 1 hard 0 soft 0.56 temp 1 loss 3.91 helix 1.35 pae 0.18 i_pae 0.15 con 1.93 i_con 2.09 plddt 0.87 ptm 0.89 i_ptm 0.81 rg 0.60
107 models [3] recycles 1 hard 0 soft 1 temp 0.09 loss 4.11 helix 1.69 pae 0.20 i_pae 0.17 con 1.91 i_con 2.02 plddt 0.86 ptm 0.89 i_ptm 0.81 rg 1.89
98 models [3] recycles 1 hard 0 soft 1 temp 0.25 loss 3.80 helix 1.28 pae 0.18 i_pae 0.13 con 2.03 i_con 1.53 plddt 0.86 ptm 0.89 i_ptm 0.82 rg 1.71
101 models [4] recycles 1 hard 0 soft 1 temp 0.19 loss 3.36 helix 1.76 pae 0.18 i_pae 0.15 con 1.74 i_con 2.04 plddt 0.88 ptm 0.89 i_ptm 0.79 rg 0.01
88 models [2] recycles 3 hard 0 soft 1 temp 0.51 loss 2.32 helix 5.22 pae 0.18 i_pae 0.15 con 1.59 i_con 2.08 plddt 0.90 ptm 0.90 i_ptm 0.81 rg 0.36
86 models [4] recycles 1 hard 0 soft 1 temp 0.58 loss 7.54 helix 1.03 pae 0.64 i_pae 0.65 con 3.49 i_con 3.99 plddt 0.43 ptm 0.70 i_ptm 0.22 rg -0.19
29 models [0] recycles 1 hard 0 soft 0.52 temp 1 loss 5.46 helix 1.42 pae 0.45 i_pae 0.52 con 1.70 i_con 3.70 plddt 0.75 ptm 0.75 i_ptm 0.28 rg 0.64115 models [1] recycles 1 hard 0 soft 1 temp 0.02 loss 2.78 helix 2.51 pae 0.13 i_pae 0.11 con 1.49 i_con 1.79 plddt 0.93 ptm 0.92 i_ptm 0.88 rg 0.59

112 models [3] recycles 1 hard 0 soft 1 temp 0.04 loss 5.50 helix 3.78 pae 0.50 i_pae 0.51 con 2.61 i_con 3.77 plddt 0.62 ptm 0.76 i_ptm 0.33 rg -0.21
108 models [3] recycles 1 hard 0 soft 1 temp 0.08 loss 3.75 helix 1.76 pae 0.18 i_pae 0.14 con 1.82 i_con 1.82 plddt 0.88 ptm 0.90 i_ptm 0.84 rg 1.82
32 models [0] recycles 1 hard 0 soft 0.58 temp 1 loss 4.41 helix 1.25 pae 0.21 i_pae 0.20 con 2.03 i_con 2.45 plddt 0.81 ptm 0.88 i_ptm 0.75 rg 0.56
102 models [4] recycles 1 hard 0 soft 1 temp 0.17 loss 2.92 helix 1.80 pae 0.18 i_pae 0.13 con 1.72 i_con 1.62 plddt 0.88 ptm 0.90 i_ptm 0.85 rg 0.0599 models [0] recycles 1 hard 0 soft 1 temp 0.23 loss 3.66 helix 1.33 pae 0.17 i_pae 0.12 con 1.84 i_con 1.60 plddt 0.87 ptm 0.89 i_ptm 0.82 rg 1.69

84 models [3] recycles 1 hard 0 soft 1 temp 0.64 loss 2.17 helix 1.67 pae 0.12 i_pae 0.08 con 1.38 i_con 1.20 plddt 0.95 ptm 0.92 i_ptm 0.91 rg 0.07
87 models [1] recycles 1 hard 0 soft 1 temp 0.54 loss 3.82 helix 1.44 pae 0.20 i_pae 0.18 con 1.99 i_con 1.99 plddt 0.83 ptm 0.90 i_ptm 0.85 rg 0.51
89 models [1] recycles 3 hard 0 soft 1 temp 0.48 loss 2.31 helix 5.31 pae 0.17 i_pae 0.15 con 1.57 i_con 2.10 plddt 0.91 ptm 0.90 i_ptm 0.81 rg 0.43
30 models [0] recycles 1 hard 0 soft 0.54 temp 1 loss 5.74 helix 1.33 pae 0.44 i_pae 0.50 con 1.96 i_con 3.68 plddt 0.71 ptm 0.76 i_ptm 0.29 rg 0.70
116 models [0] recycles 1 hard 0 soft 1 temp 0.02 loss 2.85 helix 2.42 pae 0.14 i_pae 0.11 con 1.59 i_con 1.74 plddt 0.92 ptm 0.91 i_ptm 0.88 rg 0.53
113 models [3] recycles 1 hard 0 soft 1 temp 0.03 loss 6.78 helix 2.80 pae 0.62 i_pae 0.61 con 3.40 i_con 3.97 plddt 0.40 ptm 0.74 i_ptm 0.25 rg -0.51
109 models [1] recycles 1 hard 0 soft 1 temp 0.07 loss 7.63 helix 1.33 pae 0.47 i_pae 0.44 con 3.74 i_con 3.24 plddt 0.53 ptm 0.81 i_ptm 0.53 rg 2.49
33 models [2] recycles 1 hard 0 soft 0.59 temp 1 loss 3.55 helix 1.52 pae 0.17 i_pae 0.14 con 1.77 i_con 1.95 plddt 0.90 ptm 0.90 i_ptm 0.83 rg 0.60
103 models [4] recycles 1 hard 0 soft 1 temp 0.15 loss 3.01 helix 1.78 pae 0.17 i_pae 0.12 con 1.74 i_con 1.72 plddt 0.89 ptm 0.90 i_ptm 0.83 rg -0.07
100 models [1] recycles 1 hard 0 soft 1 temp 0.21 loss 4.68 helix 1.17 pae 0.21 i_pae 0.16 con 2.13 i_con 2.26 plddt 0.83 ptm 0.88 i_ptm 0.74 rg 1.72
31 models [4] recycles 1 hard 0 soft 0.56 temp 1 loss 5.33 helix 1.27 pae 0.42 i_pae 0.48 con 1.73 i_con 3.46 plddt 0.76 ptm 0.77 i_ptm 0.31 rg 0.80
85 models [1] recycles 1 hard 0 soft 1 temp 0.61 loss 2.26 helix 1.77 pae 0.13 i_pae 0.09 con 1.39 i_con 1.32 plddt 0.95 ptm 0.92 i_ptm 0.89 rg 0.03
117 models [0] recycles 1 hard 0 soft 1 temp 0.01 loss 3.21 helix 2.30 pae 0.15 i_pae 0.13 con 1.72 i_con 1.91 plddt 0.90 ptm 0.91 i_ptm 0.86 rg 0.58
88 models [1] recycles 1 hard 0 soft 1 temp 0.51 loss 3.76 helix 1.62 pae 0.18 i_pae 0.17 con 1.93 i_con 2.04 plddt 0.84 ptm 0.90 i_ptm 0.85 rg 0.51
114 models [2] recycles 1 hard 0 soft 1 temp 0.03 loss 6.79 helix 2.95 pae 0.65 i_pae 0.64 con 3.39 i_con 3.99 plddt 0.42 ptm 0.73 i_ptm 0.23 rg -0.42
110 models [0] recycles 1 hard 0 soft 1 temp 0.06 loss 4.33 helix 1.71 pae 0.21 i_pae 0.19 con 1.92 i_con 2.22 plddt 0.85 ptm 0.88 i_ptm 0.77 rg 1.92
90 models [1] recycles 3 hard 0 soft 1 temp 0.45 loss 2.74 helix 4.70 pae 0.19 i_pae 0.17 con 1.66 i_con 2.24 plddt 0.88 ptm 0.89 i_ptm 0.77 rg 0.40
34 models [1] recycles 1 hard 0 soft 0.61 temp 1 loss 3.82 helix 1.52 pae 0.18 i_pae 0.16 con 1.79 i_con 2.21 plddt 0.88 ptm 0.89 i_ptm 0.78 rg 0.53
104 models [4] recycles 1 hard 0 soft 1 temp 0.14 loss 2.89 helix 1.82 pae 0.16 i_pae 0.12 con 1.67 i_con 1.67 plddt 0.90 ptm 0.91 i_ptm 0.85 rg 0.01
32 models [2] recycles 1 hard 0 soft 0.58 temp 1 loss 5.35 helix 1.29 pae 0.40 i_pae 0.46 con 1.80 i_con 3.49 plddt 0.75 ptm 0.77 i_ptm 0.36 rg 0.62101 models [0] recycles 1 hard 0 soft 1 temp 0.19 loss 3.80 helix 1.38 pae 0.19 i_pae 0.13 con 2.00 i_con 1.60 plddt 0.85 ptm 0.89 i_ptm 0.81 rg 1.69

118 models [0] recycles 1 hard 0 soft 1 temp 0.01 loss 3.12 helix 2.31 pae 0.15 i_pae 0.13 con 1.65 i_con 1.92 plddt 0.91 ptm 0.91 i_ptm 0.86 rg 0.52
115 models [2] recycles 1 hard 0 soft 1 temp 0.02 loss 6.94 helix 2.63 pae 0.62 i_pae 0.61 con 3.50 i_con 3.93 plddt 0.43 ptm 0.74 i_ptm 0.25 rg -0.33
86 models [4] recycles 1 hard 0 soft 1 temp 0.58 loss 2.32 helix 1.79 pae 0.12 i_pae 0.08 con 1.40 i_con 1.39 plddt 0.95 ptm 0.92 i_ptm 0.90 rg 0.01
89 models [2] recycles 1 hard 0 soft 1 temp 0.48 loss 3.79 helix 1.50 pae 0.21 i_pae 0.18 con 2.10 i_con 1.84 plddt 0.81 ptm 0.89 i_ptm 0.86 rg 0.57
111 models [4] recycles 1 hard 0 soft 1 temp 0.05 loss 6.33 helix 1.33 pae 0.37 i_pae 0.37 con 2.84 i_con 3.17 plddt 0.67 ptm 0.82 i_ptm 0.53 rg 1.59
33 models [4] recycles 1 hard 0 soft 0.59 temp 1 loss 5.27 helix 1.40 pae 0.40 i_pae 0.47 con 1.64 i_con 3.50 plddt 0.78 ptm 0.77 i_ptm 0.33 rg 0.9735 models [3] recycles 1 hard 0 soft 0.63 temp 1 loss 3.84 helix 1.49 pae 0.18 i_pae 0.15 con 1.88 i_con 2.11 plddt 0.85 ptm 0.89 i_ptm 0.80 rg 0.62
105 models [3] recycles 1 hard 0 soft 1 temp 0.12 loss 2.98 helix 1.78 pae 0.17 i_pae 0.12 con 1.79 i_con 1.64 plddt 0.88 ptm 0.90 i_ptm 0.84 rg -0.06

102 models [0] recycles 1 hard 0 soft 1 temp 0.17 loss 3.89 helix 1.35 pae 0.17 i_pae 0.13 con 2.01 i_con 1.68 plddt 0.86 ptm 0.90 i_ptm 0.81 rg 1.67
119 models [1] recycles 1 hard 0 soft 1 temp 0.01 loss 2.90 helix 2.35 pae 0.14 i_pae 0.11 con 1.55 i_con 1.79 plddt 0.92 ptm 0.91 i_ptm 0.88 rg 0.59
91 models [3] recycles 3 hard 0 soft 1 temp 0.42 loss 2.23 helix 5.39 pae 0.18 i_pae 0.14 con 1.55 i_con 2.08 plddt 0.91 ptm 0.90 i_ptm 0.79 rg 0.39
116 models [2] recycles 1 hard 0 soft 1 temp 0.02 loss 6.36 helix 3.03 pae 0.60 i_pae 0.61 con 3.12 i_con 3.90 plddt 0.50 ptm 0.73 i_ptm 0.24 rg -0.48
112 models [4] recycles 1 hard 0 soft 1 temp 0.04 loss 4.10 helix 1.71 pae 0.20 i_pae 0.16 con 2.00 i_con 1.92 plddt 0.86 ptm 0.89 i_ptm 0.81 rg 1.90
87 models [2] recycles 1 hard 0 soft 1 temp 0.54 loss 2.34 helix 1.78 pae 0.13 i_pae 0.09 con 1.44 i_con 1.36 plddt 0.95 ptm 0.92 i_ptm 0.90 rg 0.01
34 models [3] recycles 1 hard 0 soft 0.61 temp 1 loss 5.35 helix 1.37 pae 0.43 i_pae 0.49 con 1.67 i_con 3.61 plddt 0.77 ptm 0.76 i_ptm 0.29 rg 0.67
90 models [3] recycles 1 hard 0 soft 1 temp 0.45 loss 3.91 helix 1.53 pae 0.20 i_pae 0.18 con 2.12 i_con 1.97 plddt 0.82 ptm 0.90 i_ptm 0.83 rg 0.51
106 models [1] recycles 1 hard 0 soft 1 temp 0.11 loss 3.01 helix 1.80 pae 0.17 i_pae 0.13 con 1.72 i_con 1.71 plddt 0.88 ptm 0.91 i_ptm 0.83 rg 0.06
36 models [1] recycles 1 hard 0 soft 0.65 temp 1 loss 4.13 helix 1.11 pae 0.20 i_pae 0.17 con 2.11 i_con 2.04 plddt 0.81 ptm 0.89 i_ptm 0.79 rg 0.65
120 models [4] recycles 1 hard 0 soft 1 temp 0.01 loss 3.93 helix 2.28 pae 0.19 i_pae 0.20 con 1.70 i_con 2.62 plddt 0.88 ptm 0.88 i_ptm 0.76 rg 0.58
Softmax trajectory pLDDT good, continuing: 0.93
Stage 3: One-hot Optimisation
103 models [1] recycles 1 hard 0 soft 1 temp 0.15 loss 3.60 helix 1.28 pae 0.17 i_pae 0.12 con 1.89 i_con 1.48 plddt 0.88 ptm 0.91 i_ptm 0.83 rg 1.71
117 models [2] recycles 1 hard 0 soft 1 temp 0.01 loss 6.97 helix 2.78 pae 0.65 i_pae 0.64 con 3.51 i_con 4.00 plddt 0.40 ptm 0.73 i_ptm 0.23 rg -0.41
113 models [2] recycles 1 hard 0 soft 1 temp 0.03 loss 4.43 helix 1.66 pae 0.22 i_pae 0.19 con 2.06 i_con 2.17 plddt 0.84 ptm 0.88 i_ptm 0.77 rg 1.92
92 models [3] recycles 3 hard 0 soft 1 temp 0.39 loss 2.10 helix 5.56 pae 0.17 i_pae 0.13 con 1.53 i_con 2.02 plddt 0.92 ptm 0.90 i_ptm 0.81 rg 0.42
35 models [1] recycles 1 hard 0 soft 0.63 temp 1 loss 5.24 helix 1.32 pae 0.42 i_pae 0.48 con 1.65 i_con 3.50 plddt 0.78 ptm 0.77 i_ptm 0.32 rg 0.70
121 models [2] recycles 1 hard 1 soft 1 temp 0.01 loss 3.02 helix 2.27 pae 0.14 i_pae 0.12 con 1.60 i_con 1.82 plddt 0.91 ptm 0.91 i_ptm 0.87 rg 0.6388 models [2] recycles 1 hard 0 soft 1 temp 0.51 loss 2.43 helix 1.86 pae 0.13 i_pae 0.09 con 1.45 i_con 1.45 plddt 0.94 ptm 0.92 i_ptm 0.89 rg 0.03

107 models [2] recycles 1 hard 0 soft 1 temp 0.09 loss 3.13 helix 1.73 pae 0.18 i_pae 0.13 con 1.87 i_con 1.69 plddt 0.87 ptm 0.90 i_ptm 0.84 rg -0.02
91 models [3] recycles 1 hard 0 soft 1 temp 0.42 loss 3.72 helix 1.72 pae 0.18 i_pae 0.16 con 1.91 i_con 2.05 plddt 0.85 ptm 0.90 i_ptm 0.84 rg 0.54
37 models [4] recycles 1 hard 0 soft 0.67 temp 1 loss 4.01 helix 1.34 pae 0.20 i_pae 0.17 con 1.95 i_con 2.17 plddt 0.84 ptm 0.88 i_ptm 0.77 rg 0.56
118 models [4] recycles 1 hard 0 soft 1 temp 0.01 loss 6.81 helix 2.88 pae 0.64 i_pae 0.63 con 3.41 i_con 3.99 plddt 0.42 ptm 0.73 i_ptm 0.23 rg -0.50
104 models [1] recycles 1 hard 0 soft 1 temp 0.14 loss 3.52 helix 1.39 pae 0.16 i_pae 0.11 con 1.88 i_con 1.46 plddt 0.89 ptm 0.91 i_ptm 0.85 rg 1.67
36 models [1] recycles 1 hard 0 soft 0.65 temp 1 loss 5.06 helix 1.42 pae 0.37 i_pae 0.44 con 1.59 i_con 3.42 plddt 0.80 ptm 0.78 i_ptm 0.37 rg 0.79
114 models [2] recycles 1 hard 0 soft 1 temp 0.03 loss 4.84 helix 1.54 pae 0.25 i_pae 0.24 con 2.11 i_con 2.46 plddt 0.82 ptm 0.87 i_ptm 0.72 rg 1.91
122 models [1] recycles 1 hard 1 soft 1 temp 0.01 loss 2.69 helix 2.50 pae 0.13 i_pae 0.11 con 1.46 i_con 1.73 plddt 0.93 ptm 0.92 i_ptm 0.89 rg 0.60
108 models [0] recycles 1 hard 0 soft 1 temp 0.08 loss 2.98 helix 1.70 pae 0.16 i_pae 0.12 con 1.74 i_con 1.66 plddt 0.89 ptm 0.91 i_ptm 0.84 rg -0.0093 models [0] recycles 3 hard 0 soft 1 temp 0.37 loss 3.06 helix 4.88 pae 0.23 i_pae 0.20 con 1.80 i_con 2.49 plddt 0.84 ptm 0.87 i_ptm 0.70 rg 0.30

38 models [2] recycles 1 hard 0 soft 0.68 temp 1 loss 3.52 helix 1.66 pae 0.15 i_pae 0.13 con 1.68 i_con 2.09 plddt 0.92 ptm 0.90 i_ptm 0.85 rg 0.54
119 models [3] recycles 1 hard 0 soft 1 temp 0.01 loss 6.61 helix 2.90 pae 0.62 i_pae 0.61 con 3.31 i_con 3.94 plddt 0.42 ptm 0.74 i_ptm 0.25 rg -0.58
89 models [3] recycles 1 hard 0 soft 1 temp 0.48 loss 7.18 helix 1.00 pae 0.59 i_pae 0.62 con 2.96 i_con 4.05 plddt 0.53 ptm 0.71 i_ptm 0.25 rg 0.30
92 models [1] recycles 1 hard 0 soft 1 temp 0.39 loss 4.08 helix 1.48 pae 0.20 i_pae 0.19 con 2.02 i_con 2.20 plddt 0.82 ptm 0.90 i_ptm 0.82 rg 0.55
105 models [2] recycles 1 hard 0 soft 1 temp 0.12 loss 3.93 helix 1.36 pae 0.17 i_pae 0.12 con 1.98 i_con 1.77 plddt 0.88 ptm 0.89 i_ptm 0.82 rg 1.62
37 models [1] recycles 1 hard 0 soft 0.67 temp 1 loss 4.88 helix 1.47 pae 0.35 i_pae 0.40 con 1.61 i_con 3.27 plddt 0.81 ptm 0.79 i_ptm 0.42 rg 0.70
115 models [3] recycles 1 hard 0 soft 1 temp 0.02 loss 3.70 helix 1.70 pae 0.18 i_pae 0.15 con 1.82 i_con 1.76 plddt 0.88 ptm 0.91 i_ptm 0.85 rg 1.77
123 models [0] recycles 1 hard 1 soft 1 temp 0.01 loss 2.65 helix 2.36 pae 0.13 i_pae 0.10 con 1.53 i_con 1.57 plddt 0.92 ptm 0.92 i_ptm 0.89 rg 0.60
109 models [1] recycles 1 hard 0 soft 1 temp 0.07 loss 3.01 helix 1.78 pae 0.17 i_pae 0.13 con 1.76 i_con 1.68 plddt 0.88 ptm 0.90 i_ptm 0.83 rg 0.01
120 models [2] recycles 1 hard 0 soft 1 temp 0.01 loss 6.70 helix 2.96 pae 0.62 i_pae 0.62 con 3.37 i_con 3.94 plddt 0.44 ptm 0.74 i_ptm 0.25 rg -0.41
39 models [0] recycles 1 hard 0 soft 0.70 temp 1 loss 3.39 helix 1.66 pae 0.15 i_pae 0.13 con 1.70 i_con 1.96 plddt 0.90 ptm 0.91 i_ptm 0.85 rg 0.46
Softmax trajectory pLDDT too low to continue: 0.62
Trajectory starting confidence low, skipping analysis and MPNN optimisation

Starting trajectory took: 0 hours, 9 minutes, 43 seconds

38 models [0] recycles 1 hard 0 soft 0.68 temp 1 loss 5.00 helix 1.43 pae 0.35 i_pae 0.40 con 1.70 i_con 3.28 plddt 0.79 ptm 0.79 i_ptm 0.42 rg 0.75
Starting trajectory: egfr_l79_s846567
106 models [2] recycles 1 hard 0 soft 1 temp 0.11 loss 4.12 helix 1.34 pae 0.19 i_pae 0.13 con 2.05 i_con 1.87 plddt 0.86 ptm 0.89 i_ptm 0.80 rg 1.66
93 models [3] recycles 1 hard 0 soft 1 temp 0.37 loss 4.06 helix 1.51 pae 0.21 i_pae 0.19 con 2.17 i_con 2.05 plddt 0.80 ptm 0.89 i_ptm 0.81 rg 0.53
90 models [1] recycles 1 hard 0 soft 1 temp 0.45 loss 5.88 helix 1.10 pae 0.49 i_pae 0.55 con 2.06 i_con 3.86 plddt 0.71 ptm 0.72 i_ptm 0.27 rg -0.10
94 models [4] recycles 3 hard 0 soft 1 temp 0.34 loss 4.33 helix 4.30 pae 0.34 i_pae 0.33 con 2.14 i_con 3.20 plddt 0.76 ptm 0.83 i_ptm 0.53 rg 0.22
116 models [2] recycles 1 hard 0 soft 1 temp 0.02 loss 4.49 helix 1.62 pae 0.22 i_pae 0.20 con 2.02 i_con 2.25 plddt 0.84 ptm 0.88 i_ptm 0.76 rg 1.87
124 models [2] recycles 1 hard 1 soft 1 temp 0.01 loss 3.05 helix 2.25 pae 0.15 i_pae 0.12 con 1.62 i_con 1.82 plddt 0.91 ptm 0.91 i_ptm 0.87 rg 0.66
Stage 1: Test Logits
39 models [3] recycles 1 hard 0 soft 0.70 temp 1 loss 5.29 helix 1.27 pae 0.38 i_pae 0.44 con 1.80 i_con 3.43 plddt 0.79 ptm 0.78 i_ptm 0.39 rg 0.65
110 models [4] recycles 1 hard 0 soft 1 temp 0.06 loss 3.01 helix 1.78 pae 0.17 i_pae 0.13 con 1.73 i_con 1.70 plddt 0.88 ptm 0.90 i_ptm 0.84 rg 0.03
40 models [3] recycles 1 hard 0 soft 0.72 temp 1 loss 4.17 helix 1.58 pae 0.21 i_pae 0.24 con 1.66 i_con 2.72 plddt 0.90 ptm 0.86 i_ptm 0.69 rg 0.44
107 models [3] recycles 1 hard 0 soft 1 temp 0.09 loss 3.97 helix 1.31 pae 0.18 i_pae 0.13 con 2.05 i_con 1.70 plddt 0.86 ptm 0.89 i_ptm 0.81 rg 1.69
117 models [0] recycles 1 hard 0 soft 1 temp 0.01 loss 3.92 helix 1.65 pae 0.18 i_pae 0.16 con 1.81 i_con 1.94 plddt 0.88 ptm 0.90 i_ptm 0.82 rg 1.89
125 models [0] recycles 1 hard 1 soft 1 temp 0.01 loss 2.65 helix 2.36 pae 0.13 i_pae 0.10 con 1.53 i_con 1.57 plddt 0.92 ptm 0.92 i_ptm 0.89 rg 0.60
One-hot trajectory pLDDT good, continuing: 0.92
Stage 4: PSSM Semigreedy Optimisation
94 models [2] recycles 1 hard 0 soft 1 temp 0.34 loss 3.50 helix 1.86 pae 0.17 i_pae 0.14 con 1.89 i_con 1.91 plddt 0.87 ptm 0.91 i_ptm 0.86 rg 0.52
91 models [3] recycles 1 hard 0 soft 1 temp 0.42 loss 2.33 helix 1.79 pae 0.13 i_pae 0.09 con 1.45 i_con 1.34 plddt 0.95 ptm 0.92 i_ptm 0.90 rg 0.02
95 models [1] recycles 3 hard 0 soft 1 temp 0.32 loss 2.99 helix 4.63 pae 0.20 i_pae 0.18 con 1.73 i_con 2.40 plddt 0.87 ptm 0.89 i_ptm 0.77 rg 0.38
40 models [2] recycles 1 hard 0 soft 0.72 temp 1 loss 5.07 helix 1.30 pae 0.39 i_pae 0.44 con 1.65 i_con 3.33 plddt 0.80 ptm 0.78 i_ptm 0.37 rg 0.79
Running semigreedy optimization...
111 models [1] recycles 1 hard 0 soft 1 temp 0.05 loss 2.90 helix 1.74 pae 0.17 i_pae 0.12 con 1.72 i_con 1.59 plddt 0.89 ptm 0.91 i_ptm 0.85 rg 0.05
41 models [0] recycles 1 hard 0 soft 0.74 temp 1 loss 3.86 helix 1.32 pae 0.18 i_pae 0.15 con 2.00 i_con 1.98 plddt 0.85 ptm 0.90 i_ptm 0.81 rg 0.52
118 models [1] recycles 1 hard 0 soft 1 temp 0.01 loss 4.15 helix 1.62 pae 0.19 i_pae 0.17 con 1.93 i_con 2.02 plddt 0.85 ptm 0.90 i_ptm 0.81 rg 1.88
126 models [0] recycles 1 hard 1 soft 0 temp 1 loss 2.64 helix 2.37 pae 0.13 i_pae 0.10 con 1.53 i_con 1.57 plddt 0.92 ptm 0.92 i_ptm 0.89 rg 0.60
108 models [4] recycles 1 hard 0 soft 1 temp 0.08 loss 3.98 helix 1.26 pae 0.18 i_pae 0.13 con 2.02 i_con 1.74 plddt 0.86 ptm 0.90 i_ptm 0.82 rg 1.66
41 models [2] recycles 1 hard 0 soft 0.74 temp 1 loss 5.02 helix 1.25 pae 0.37 i_pae 0.40 con 1.68 i_con 3.26 plddt 0.80 ptm 0.79 i_ptm 0.42 rg 0.77
95 models [2] recycles 1 hard 0 soft 1 temp 0.32 loss 3.46 helix 1.93 pae 0.17 i_pae 0.15 con 1.84 i_con 1.92 plddt 0.87 ptm 0.91 i_ptm 0.86 rg 0.59
127 models [1] recycles 1 hard 1 soft 0 temp 1 loss 2.63 helix 2.53 pae 0.13 i_pae 0.10 con 1.46 i_con 1.68 plddt 0.93 ptm 0.92 i_ptm 0.89 rg 0.60
92 models [2] recycles 1 hard 0 soft 1 temp 0.39 loss 4.78 helix 1.11 pae 0.30 i_pae 0.28 con 2.07 i_con 2.83 plddt 0.77 ptm 0.82 i_ptm 0.59 rg 0.06
112 models [2] recycles 1 hard 0 soft 1 temp 0.04 loss 3.00 helix 1.82 pae 0.17 i_pae 0.12 con 1.74 i_con 1.72 plddt 0.89 ptm 0.90 i_ptm 0.84 rg -0.02
128 models [0] recycles 1 hard 1 soft 0 temp 1 loss 2.83 helix 2.29 pae 0.13 i_pae 0.11 con 1.59 i_con 1.68 plddt 0.91 ptm 0.92 i_ptm 0.88 rg 0.59
42 models [3] recycles 1 hard 0 soft 0.76 temp 1 loss 4.05 helix 1.08 pae 0.20 i_pae 0.17 con 2.01 i_con 2.08 plddt 0.84 ptm 0.89 i_ptm 0.80 rg 0.54
96 models [1] recycles 3 hard 0 soft 1 temp 0.29 loss 2.67 helix 4.81 pae 0.18 i_pae 0.16 con 1.65 i_con 2.23 plddt 0.89 ptm 0.90 i_ptm 0.80 rg 0.41
119 models [0] recycles 1 hard 0 soft 1 temp 0.01 loss 4.18 helix 1.69 pae 0.19 i_pae 0.18 con 1.90 i_con 2.15 plddt 0.86 ptm 0.89 i_ptm 0.80 rg 1.74
109 models [2] recycles 1 hard 0 soft 1 temp 0.07 loss 3.76 helix 1.31 pae 0.18 i_pae 0.13 con 1.95 i_con 1.62 plddt 0.88 ptm 0.89 i_ptm 0.82 rg 1.61
42 models [2] recycles 1 hard 0 soft 0.76 temp 1 loss 5.07 helix 1.28 pae 0.37 i_pae 0.41 con 1.72 i_con 3.28 plddt 0.78 ptm 0.78 i_ptm 0.41 rg 0.70
129 models [3] recycles 1 hard 1 soft 0 temp 1 loss 3.28 helix 2.48 pae 0.15 i_pae 0.14 con 1.57 i_con 2.17 plddt 0.90 ptm 0.91 i_ptm 0.85 rg 0.65
96 models [1] recycles 1 hard 0 soft 1 temp 0.29 loss 3.61 helix 1.70 pae 0.17 i_pae 0.16 con 1.92 i_con 1.95 plddt 0.86 ptm 0.91 i_ptm 0.85 rg 0.48
130 models [2] recycles 1 hard 1 soft 0 temp 1 loss 3.62 helix 2.10 pae 0.16 i_pae 0.15 con 1.76 i_con 2.19 plddt 0.88 ptm 0.90 i_ptm 0.84 rg 0.67
113 models [4] recycles 1 hard 0 soft 1 temp 0.03 loss 2.87 helix 1.87 pae 0.17 i_pae 0.12 con 1.73 i_con 1.60 plddt 0.89 ptm 0.91 i_ptm 0.85 rg -0.03
93 models [3] recycles 1 hard 0 soft 1 temp 0.37 loss 2.92 helix 1.57 pae 0.14 i_pae 0.10 con 1.66 i_con 1.66 plddt 0.92 ptm 0.91 i_ptm 0.87 rg -0.03
43 models [2] recycles 1 hard 0 soft 0.77 temp 1 loss 4.14 helix 1.14 pae 0.21 i_pae 0.18 con 2.10 i_con 2.07 plddt 0.84 ptm 0.88 i_ptm 0.77 rg 0.64120 models [3] recycles 1 hard 0 soft 1 temp 0.01 loss 4.08 helix 1.72 pae 0.19 i_pae 0.16 con 1.91 i_con 2.02 plddt 0.86 ptm 0.89 i_ptm 0.80 rg 1.83
Softmax trajectory pLDDT good, continuing: 0.87

Stage 3: One-hot Optimisation
43 models [3] recycles 1 hard 0 soft 0.77 temp 1 loss 5.17 helix 1.38 pae 0.42 i_pae 0.48 con 1.65 i_con 3.46 plddt 0.79 ptm 0.76 i_ptm 0.31 rg 0.67
131 models [4] recycles 1 hard 1 soft 0 temp 1 loss 5.27 helix 1.65 pae 0.32 i_pae 0.32 con 2.25 i_con 3.18 plddt 0.68 ptm 0.84 i_ptm 0.58 rg 0.43
110 models [0] recycles 1 hard 0 soft 1 temp 0.06 loss 3.73 helix 1.36 pae 0.17 i_pae 0.12 con 1.91 i_con 1.63 plddt 0.87 ptm 0.90 i_ptm 0.82 rg 1.68
97 models [4] recycles 3 hard 0 soft 1 temp 0.27 loss 6.10 helix 3.52 pae 0.61 i_pae 0.61 con 2.84 i_con 3.97 plddt 0.48 ptm 0.75 i_ptm 0.23 rg -0.17
132 models [3] recycles 1 hard 1 soft 0 temp 1 loss 7.80 helix 1.23 pae 0.64 i_pae 0.63 con 3.58 i_con 4.11 plddt 0.38 ptm 0.76 i_ptm 0.22 rg 0.16
114 models [2] recycles 1 hard 0 soft 1 temp 0.03 loss 3.15 helix 1.79 pae 0.17 i_pae 0.13 con 1.80 i_con 1.76 plddt 0.89 ptm 0.90 i_ptm 0.83 rg 0.05
97 models [3] recycles 1 hard 0 soft 1 temp 0.27 loss 3.89 helix 1.62 pae 0.19 i_pae 0.17 con 2.09 i_con 2.02 plddt 0.83 ptm 0.90 i_ptm 0.83 rg 0.51
121 models [4] recycles 1 hard 1 soft 1 temp 0.01 loss 3.75 helix 1.76 pae 0.17 i_pae 0.15 con 1.83 i_con 1.81 plddt 0.86 ptm 0.91 i_ptm 0.84 rg 1.78
44 models [0] recycles 1 hard 0 soft 0.79 temp 1 loss 5.59 helix 1.26 pae 0.40 i_pae 0.44 con 2.02 i_con 3.49 plddt 0.74 ptm 0.78 i_ptm 0.36 rg 0.61133 models [2] recycles 1 hard 1 soft 0 temp 1 loss 4.76 helix 1.70 pae 0.25 i_pae 0.24 con 2.11 i_con 2.86 plddt 0.78 ptm 0.87 i_ptm 0.70 rg 0.45

44 models [4] recycles 1 hard 0 soft 0.79 temp 1 loss 3.70 helix 1.37 pae 0.17 i_pae 0.14 con 1.79 i_con 2.05 plddt 0.89 ptm 0.90 i_ptm 0.83 rg 0.55
94 models [3] recycles 1 hard 0 soft 1 temp 0.34 loss 2.27 helix 1.93 pae 0.13 i_pae 0.09 con 1.40 i_con 1.38 plddt 0.95 ptm 0.92 i_ptm 0.89 rg 0.01
111 models [0] recycles 1 hard 0 soft 1 temp 0.05 loss 3.74 helix 1.31 pae 0.18 i_pae 0.13 con 1.90 i_con 1.62 plddt 0.87 ptm 0.89 i_ptm 0.81 rg 1.69
134 models [1] recycles 1 hard 1 soft 0 temp 1 loss 3.46 helix 1.79 pae 0.16 i_pae 0.13 con 1.98 i_con 1.72 plddt 0.85 ptm 0.92 i_ptm 0.87 rg 0.64
115 models [4] recycles 1 hard 0 soft 1 temp 0.02 loss 3.10 helix 1.87 pae 0.18 i_pae 0.13 con 1.79 i_con 1.75 plddt 0.87 ptm 0.90 i_ptm 0.82 rg 0.03
135 models [3] recycles 1 hard 1 soft 0 temp 1 loss 4.64 helix 1.48 pae 0.22 i_pae 0.19 con 2.34 i_con 2.39 plddt 0.77 ptm 0.90 i_ptm 0.78 rg 0.7245 models [3] recycles 1 hard 0 soft 0.81 temp 1 loss 4.91 helix 1.33 pae 0.32 i_pae 0.35 con 1.75 i_con 3.14 plddt 0.83 ptm 0.81 i_ptm 0.50 rg 0.72
98 models [2] recycles 3 hard 0 soft 1 temp 0.25 loss 2.90 helix 4.80 pae 0.21 i_pae 0.17 con 1.71 i_con 2.39 plddt 0.88 ptm 0.88 i_ptm 0.74 rg 0.38

122 models [0] recycles 1 hard 1 soft 1 temp 0.01 loss 3.77 helix 1.74 pae 0.17 i_pae 0.15 con 1.82 i_con 1.82 plddt 0.86 ptm 0.90 i_ptm 0.83 rg 1.84
45 models [2] recycles 1 hard 0 soft 0.81 temp 1 loss 7.20 helix 0.78 pae 0.56 i_pae 0.56 con 3.59 i_con 3.51 plddt 0.48 ptm 0.75 i_ptm 0.32 rg -0.12
98 models [3] recycles 1 hard 0 soft 1 temp 0.25 loss 3.45 helix 1.78 pae 0.17 i_pae 0.15 con 1.83 i_con 1.88 plddt 0.87 ptm 0.91 i_ptm 0.86 rg 0.58
136 models [2] recycles 1 hard 1 soft 0 temp 1 loss 7.01 helix 1.17 pae 0.54 i_pae 0.55 con 3.19 i_con 3.79 plddt 0.50 ptm 0.77 i_ptm 0.30 rg 0.09
95 models [4] recycles 1 hard 0 soft 1 temp 0.32 loss 2.26 helix 1.91 pae 0.12 i_pae 0.09 con 1.38 i_con 1.37 plddt 0.95 ptm 0.92 i_ptm 0.90 rg 0.04
112 models [0] recycles 1 hard 0 soft 1 temp 0.04 loss 3.85 helix 1.26 pae 0.18 i_pae 0.14 con 1.94 i_con 1.63 plddt 0.85 ptm 0.89 i_ptm 0.80 rg 1.81
137 models [3] recycles 1 hard 1 soft 0 temp 1 loss 7.60 helix 1.00 pae 0.60 i_pae 0.61 con 3.38 i_con 4.01 plddt 0.44 ptm 0.76 i_ptm 0.25 rg 0.38
46 models [0] recycles 1 hard 0 soft 0.83 temp 1 loss 5.11 helix 1.34 pae 0.34 i_pae 0.38 con 1.81 i_con 3.27 plddt 0.78 ptm 0.80 i_ptm 0.44 rg 0.70
116 models [1] recycles 1 hard 0 soft 1 temp 0.02 loss 2.94 helix 1.87 pae 0.16 i_pae 0.12 con 1.73 i_con 1.66 plddt 0.89 ptm 0.91 i_ptm 0.84 rg 0.03
123 models [3] recycles 1 hard 1 soft 1 temp 0.01 loss 3.79 helix 1.70 pae 0.18 i_pae 0.15 con 1.82 i_con 1.79 plddt 0.87 ptm 0.91 i_ptm 0.84 rg 1.95
138 models [1] recycles 1 hard 1 soft 0 temp 1 loss 4.84 helix 1.21 pae 0.25 i_pae 0.22 con 2.55 i_con 2.28 plddt 0.71 ptm 0.89 i_ptm 0.76 rg 0.70
46 models [4] recycles 1 hard 0 soft 0.83 temp 1 loss 4.00 helix 1.15 pae 0.19 i_pae 0.16 con 1.93 i_con 2.11 plddt 0.86 ptm 0.90 i_ptm 0.82 rg 0.65
99 models [0] recycles 3 hard 0 soft 1 temp 0.23 loss 2.52 helix 5.22 pae 0.20 i_pae 0.18 con 1.58 i_con 2.29 plddt 0.89 ptm 0.88 i_ptm 0.75 rg 0.33
99 models [4] recycles 1 hard 0 soft 1 temp 0.23 loss 3.68 helix 1.85 pae 0.18 i_pae 0.16 con 1.92 i_con 2.03 plddt 0.85 ptm 0.90 i_ptm 0.85 rg 0.58
113 models [2] recycles 1 hard 0 soft 1 temp 0.03 loss 4.47 helix 1.16 pae 0.21 i_pae 0.16 con 2.20 i_con 1.95 plddt 0.83 ptm 0.88 i_ptm 0.77 rg 1.80
139 models [1] recycles 1 hard 1 soft 0 temp 1 loss 7.73 helix 1.18 pae 0.62 i_pae 0.62 con 3.57 i_con 4.12 plddt 0.39 ptm 0.76 i_ptm 0.25 rg -0.03
47 models [4] recycles 1 hard 0 soft 0.85 temp 1 loss 6.35 helix 0.95 pae 0.50 i_pae 0.51 con 2.64 i_con 3.54 plddt 0.61 ptm 0.75 i_ptm 0.29 rg 0.43
96 models [3] recycles 1 hard 0 soft 1 temp 0.29 loss 2.38 helix 1.85 pae 0.12 i_pae 0.09 con 1.45 i_con 1.43 plddt 0.95 ptm 0.92 i_ptm 0.90 rg -0.03
124 models [1] recycles 1 hard 1 soft 1 temp 0.01 loss 3.73 helix 1.71 pae 0.16 i_pae 0.14 con 1.78 i_con 1.81 plddt 0.87 ptm 0.91 i_ptm 0.85 rg 1.84
117 models [2] recycles 1 hard 0 soft 1 temp 0.01 loss 3.22 helix 1.79 pae 0.18 i_pae 0.13 con 1.83 i_con 1.83 plddt 0.88 ptm 0.90 i_ptm 0.83 rg -0.03
140 models [1] recycles 1 hard 1 soft 0 temp 1 loss 7.99 helix 1.13 pae 0.64 i_pae 0.65 con 3.62 i_con 4.13 plddt 0.37 ptm 0.76 i_ptm 0.23 rg 0.49
Trajectory successful, final pLDDT: 0.93
Starting trajectory took: 0 hours, 10 minutes, 20 seconds

47 models [0] recycles 1 hard 0 soft 0.85 temp 1 loss 4.11 helix 1.07 pae 0.20 i_pae 0.17 con 2.05 i_con 2.10 plddt 0.84 ptm 0.89 i_ptm 0.80 rg 0.53
48 models [3] recycles 1 hard 0 soft 0.86 temp 1 loss 5.22 helix 1.35 pae 0.43 i_pae 0.49 con 1.67 i_con 3.47 plddt 0.80 ptm 0.76 i_ptm 0.31 rg 0.72
114 models [2] recycles 1 hard 0 soft 1 temp 0.03 loss 4.58 helix 1.13 pae 0.21 i_pae 0.16 con 2.12 i_con 2.14 plddt 0.84 ptm 0.88 i_ptm 0.76 rg 1.80100 models [1] recycles 1 hard 0 soft 1 temp 0.21 loss 3.59 helix 1.70 pae 0.17 i_pae 0.16 con 1.88 i_con 1.96 plddt 0.86 ptm 0.90 i_ptm 0.84 rg 0.53

100 models [1] recycles 3 hard 0 soft 1 temp 0.21 loss 2.21 helix 5.31 pae 0.17 i_pae 0.14 con 1.60 i_con 2.00 plddt 0.90 ptm 0.91 i_ptm 0.84 rg 0.39
125 models [3] recycles 1 hard 1 soft 1 temp 0.01 loss 3.79 helix 1.70 pae 0.18 i_pae 0.15 con 1.82 i_con 1.79 plddt 0.87 ptm 0.91 i_ptm 0.84 rg 1.95
One-hot trajectory pLDDT good, continuing: 0.87
Stage 4: PSSM Semigreedy Optimisation
97 models [1] recycles 1 hard 0 soft 1 temp 0.27 loss 2.18 helix 1.81 pae 0.12 i_pae 0.08 con 1.33 i_con 1.34 plddt 0.95 ptm 0.92 i_ptm 0.90 rg -0.02
118 models [1] recycles 1 hard 0 soft 1 temp 0.01 loss 2.82 helix 1.90 pae 0.16 i_pae 0.11 con 1.66 i_con 1.63 plddt 0.90 ptm 0.91 i_ptm 0.85 rg 0.03
48 models [1] recycles 1 hard 0 soft 0.86 temp 1 loss 4.83 helix 0.89 pae 0.25 i_pae 0.22 con 2.49 i_con 2.29 plddt 0.78 ptm 0.88 i_ptm 0.75 rg 0.51
49 models [1] recycles 1 hard 0 soft 0.88 temp 1 loss 5.35 helix 1.32 pae 0.36 i_pae 0.42 con 1.86 i_con 3.41 plddt 0.80 ptm 0.80 i_ptm 0.45 rg 0.80Running semigreedy optimization...

115 models [3] recycles 1 hard 0 soft 1 temp 0.02 loss 3.93 helix 1.25 pae 0.20 i_pae 0.14 con 2.09 i_con 1.62 plddt 0.85 ptm 0.89 i_ptm 0.81 rg 1.60
126 models [0] recycles 1 hard 1 soft 0 temp 1 loss 3.75 helix 1.73 pae 0.17 i_pae 0.15 con 1.79 i_con 1.82 plddt 0.86 ptm 0.90 i_ptm 0.84 rg 1.85101 models [1] recycles 1 hard 0 soft 1 temp 0.19 loss 3.80 helix 1.67 pae 0.18 i_pae 0.17 con 1.89 i_con 2.16 plddt 0.86 ptm 0.90 i_ptm 0.84 rg 0.50

119 models [0] recycles 1 hard 0 soft 1 temp 0.01 loss 2.96 helix 1.89 pae 0.16 i_pae 0.12 con 1.68 i_con 1.74 plddt 0.89 ptm 0.90 i_ptm 0.83 rg 0.02
98 models [0] recycles 1 hard 0 soft 1 temp 0.25 loss 2.24 helix 1.80 pae 0.12 i_pae 0.09 con 1.36 i_con 1.36 plddt 0.95 ptm 0.92 i_ptm 0.89 rg -0.00
50 models [0] recycles 1 hard 0 soft 0.90 temp 1 loss 4.86 helix 1.34 pae 0.26 i_pae 0.31 con 1.83 i_con 3.02 plddt 0.82 ptm 0.84 i_ptm 0.61 rg 0.81
101 models [0] recycles 3 hard 0 soft 1 temp 0.19 loss 2.32 helix 5.37 pae 0.18 i_pae 0.16 con 1.58 i_con 2.13 plddt 0.90 ptm 0.89 i_ptm 0.80 rg 0.38
Initial trajectory pLDDT too low to continue: 0.54
Severe clashes detected, skipping analysis and MPNN optimisation

Starting trajectory took: 0 hours, 4 minutes, 30 seconds

127 models [4] recycles 1 hard 1 soft 0 temp 1 loss 3.82 helix 1.77 pae 0.17 i_pae 0.14 con 1.85 i_con 1.82 plddt 0.87 ptm 0.91 i_ptm 0.84 rg 1.94
49 models [0] recycles 1 hard 0 soft 0.88 temp 1 loss 3.79 helix 1.17 pae 0.18 i_pae 0.15 con 1.92 i_con 1.96 plddt 0.87 ptm 0.90 i_ptm 0.83 rg 0.53
Starting trajectory: egfr_l91_s124145
128 models [0] recycles 1 hard 1 soft 0 temp 1 loss 4.92 helix 1.57 pae 0.27 i_pae 0.28 con 2.05 i_con 2.59 plddt 0.77 ptm 0.86 i_ptm 0.66 rg 1.92
116 models [3] recycles 1 hard 0 soft 1 temp 0.02 loss 3.95 helix 1.28 pae 0.18 i_pae 0.13 con 2.01 i_con 1.70 plddt 0.86 ptm 0.89 i_ptm 0.80 rg 1.72
120 models [0] recycles 1 hard 0 soft 1 temp 0.01 loss 3.07 helix 1.76 pae 0.17 i_pae 0.13 con 1.77 i_con 1.74 plddt 0.88 ptm 0.90 i_ptm 0.84 rg -0.03
102 models [3] recycles 1 hard 0 soft 1 temp 0.17 loss 3.61 helix 1.68 pae 0.19 i_pae 0.16 con 1.90 i_con 1.91 plddt 0.84 ptm 0.90 i_ptm 0.85 rg 0.64
Softmax trajectory pLDDT good, continuing: 0.9
Stage 3: One-hot Optimisation
129 models [1] recycles 1 hard 1 soft 0 temp 1 loss 6.29 helix 1.58 pae 0.50 i_pae 0.60 con 2.01 i_con 3.89 plddt 0.63 ptm 0.76 i_ptm 0.26 rg 1.76
Stage 1: Test Logits
50 models [3] recycles 1 hard 0 soft 0.90 temp 1 loss 3.93 helix 1.14 pae 0.19 i_pae 0.16 con 2.06 i_con 1.94 plddt 0.85 ptm 0.90 i_ptm 0.82 rg 0.5199 models [3] recycles 1 hard 0 soft 1 temp 0.23 loss 2.48 helix 1.81 pae 0.12 i_pae 0.09 con 1.47 i_con 1.49 plddt 0.94 ptm 0.92 i_ptm 0.89 rg -0.04

Initial trajectory pLDDT good, continuing: 0.9
Stage 1: Additional Logits Optimisation
130 models [1] recycles 1 hard 1 soft 0 temp 1 loss 6.02 helix 1.53 pae 0.40 i_pae 0.46 con 2.08 i_con 3.62 plddt 0.72 ptm 0.79 i_ptm 0.42 rg 1.73
102 models [3] recycles 3 hard 0 soft 1 temp 0.17 loss 5.48 helix 4.39 pae 0.59 i_pae 0.61 con 2.46 i_con 4.03 plddt 0.58 ptm 0.75 i_ptm 0.23 rg -0.27
117 models [4] recycles 1 hard 0 soft 1 temp 0.01 loss 3.94 helix 1.26 pae 0.18 i_pae 0.13 con 1.94 i_con 1.74 plddt 0.87 ptm 0.90 i_ptm 0.82 rg 1.80
131 models [2] recycles 1 hard 1 soft 0 temp 1 loss 6.31 helix 1.34 pae 0.42 i_pae 0.44 con 2.59 i_con 3.37 plddt 0.66 ptm 0.79 i_ptm 0.41 rg 1.62
121 models [0] recycles 1 hard 1 soft 1 temp 0.01 loss 2.89 helix 1.83 pae 0.16 i_pae 0.12 con 1.72 i_con 1.61 plddt 0.88 ptm 0.91 i_ptm 0.85 rg 0.03
103 models [0] recycles 1 hard 0 soft 1 temp 0.15 loss 3.84 helix 1.52 pae 0.21 i_pae 0.18 con 2.22 i_con 1.75 plddt 0.79 ptm 0.90 i_ptm 0.84 rg 0.68
132 models [3] recycles 1 hard 1 soft 0 temp 1 loss 7.50 helix 1.20 pae 0.54 i_pae 0.57 con 3.16 i_con 3.95 plddt 0.53 ptm 0.76 i_ptm 0.28 rg 1.31
51 models [1] recycles 1 hard 0 soft 0.04 temp 1 loss 3.87 helix 1.09 pae 0.19 i_pae 0.16 con 1.95 i_con 1.98 plddt 0.85 ptm 0.90 i_ptm 0.83 rg 0.54
100 models [3] recycles 1 hard 0 soft 1 temp 0.21 loss 2.30 helix 1.86 pae 0.12 i_pae 0.09 con 1.45 i_con 1.35 plddt 0.95 ptm 0.92 i_ptm 0.90 rg -0.04
133 models [4] recycles 1 hard 1 soft 0 temp 1 loss 7.84 helix 1.21 pae 0.61 i_pae 0.64 con 3.50 i_con 4.05 plddt 0.45 ptm 0.74 i_ptm 0.21 rg 0.84
118 models [4] recycles 1 hard 0 soft 1 temp 0.01 loss 4.13 helix 1.29 pae 0.19 i_pae 0.14 con 2.11 i_con 1.81 plddt 0.85 ptm 0.89 i_ptm 0.80 rg 1.63
103 models [0] recycles 3 hard 0 soft 1 temp 0.15 loss 3.22 helix 5.36 pae 0.24 i_pae 0.23 con 1.76 i_con 2.78 plddt 0.83 ptm 0.87 i_ptm 0.68 rg 0.43
122 models [3] recycles 1 hard 1 soft 1 temp 0.01 loss 2.84 helix 1.80 pae 0.16 i_pae 0.12 con 1.69 i_con 1.60 plddt 0.88 ptm 0.91 i_ptm 0.85 rg -0.03
134 models [4] recycles 1 hard 1 soft 0 temp 1 loss 7.88 helix 1.17 pae 0.62 i_pae 0.64 con 3.59 i_con 4.02 plddt 0.43 ptm 0.74 i_ptm 0.21 rg 0.68
104 models [2] recycles 1 hard 0 soft 1 temp 0.14 loss 3.73 helix 1.53 pae 0.20 i_pae 0.17 con 2.12 i_con 1.75 plddt 0.81 ptm 0.90 i_ptm 0.85 rg 0.64
52 models [2] recycles 1 hard 0 soft 0.08 temp 1 loss 3.26 helix 1.46 pae 0.15 i_pae 0.12 con 1.67 i_con 1.77 plddt 0.93 ptm 0.91 i_ptm 0.87 rg 0.61
135 models [4] recycles 1 hard 1 soft 0 temp 1 loss 7.93 helix 1.28 pae 0.63 i_pae 0.64 con 3.65 i_con 4.07 plddt 0.43 ptm 0.75 i_ptm 0.22 rg 0.63
119 models [2] recycles 1 hard 0 soft 1 temp 0.01 loss 4.01 helix 1.35 pae 0.18 i_pae 0.13 con 2.01 i_con 1.79 plddt 0.87 ptm 0.89 i_ptm 0.82 rg 1.71
101 models [2] recycles 1 hard 0 soft 1 temp 0.19 loss 2.41 helix 1.84 pae 0.13 i_pae 0.09 con 1.42 i_con 1.46 plddt 0.95 ptm 0.92 i_ptm 0.89 rg 0.01
123 models [3] recycles 1 hard 1 soft 1 temp 0.01 loss 2.91 helix 1.78 pae 0.17 i_pae 0.12 con 1.75 i_con 1.59 plddt 0.87 ptm 0.91 i_ptm 0.85 rg 0.02
136 models [4] recycles 1 hard 1 soft 0 temp 1 loss 7.94 helix 1.28 pae 0.63 i_pae 0.65 con 3.66 i_con 4.08 plddt 0.42 ptm 0.74 i_ptm 0.21 rg 0.56
104 models [0] recycles 3 hard 0 soft 1 temp 0.14 loss 2.38 helix 5.22 pae 0.18 i_pae 0.15 con 1.59 i_con 2.13 plddt 0.90 ptm 0.90 i_ptm 0.81 rg 0.39
137 models [0] recycles 1 hard 1 soft 0 temp 1 loss 8.19 helix 1.31 pae 0.64 i_pae 0.65 con 3.60 i_con 4.20 plddt 0.43 ptm 0.74 i_ptm 0.21 rg 1.24
53 models [0] recycles 1 hard 0 soft 0.12 temp 1 loss 3.28 helix 1.44 pae 0.14 i_pae 0.12 con 1.69 i_con 1.76 plddt 0.91 ptm 0.91 i_ptm 0.87 rg 0.57
105 models [0] recycles 1 hard 0 soft 1 temp 0.12 loss 3.72 helix 1.60 pae 0.19 i_pae 0.17 con 2.09 i_con 1.81 plddt 0.82 ptm 0.90 i_ptm 0.83 rg 0.58
120 models [4] recycles 1 hard 0 soft 1 temp 0.01 loss 3.83 helix 1.34 pae 0.18 i_pae 0.13 con 1.94 i_con 1.71 plddt 0.88 ptm 0.90 i_ptm 0.82 rg 1.59
138 models [1] recycles 1 hard 1 soft 0 temp 1 loss 8.15 helix 1.34 pae 0.60 i_pae 0.59 con 3.63 i_con 3.98 plddt 0.45 ptm 0.76 i_ptm 0.26 rg 1.81
Softmax trajectory pLDDT good, continuing: 0.89
Stage 3: One-hot Optimisation
124 models [1] recycles 1 hard 1 soft 1 temp 0.01 loss 2.77 helix 1.84 pae 0.15 i_pae 0.11 con 1.67 i_con 1.55 plddt 0.89 ptm 0.92 i_ptm 0.86 rg 0.03
102 models [4] recycles 1 hard 0 soft 1 temp 0.17 loss 3.08 helix 1.72 pae 0.14 i_pae 0.11 con 1.65 i_con 1.87 plddt 0.92 ptm 0.91 i_ptm 0.86 rg -0.02
139 models [3] recycles 1 hard 1 soft 0 temp 1 loss 8.05 helix 1.26 pae 0.61 i_pae 0.61 con 3.59 i_con 4.05 plddt 0.44 ptm 0.76 i_ptm 0.24 rg 1.29
54 models [0] recycles 1 hard 0 soft 0.16 temp 1 loss 3.35 helix 1.53 pae 0.15 i_pae 0.12 con 1.79 i_con 1.77 plddt 0.90 ptm 0.91 i_ptm 0.87 rg 0.52
106 models [1] recycles 1 hard 0 soft 1 temp 0.11 loss 3.92 helix 1.46 pae 0.20 i_pae 0.18 con 2.11 i_con 1.97 plddt 0.82 ptm 0.90 i_ptm 0.82 rg 0.51140 models [0] recycles 1 hard 1 soft 0 temp 1 loss 8.09 helix 1.33 pae 0.67 i_pae 0.72 con 3.48 i_con 4.47 plddt 0.45 ptm 0.73 i_ptm 0.17 rg 0.36
Trajectory successful, final pLDDT: 0.87
Starting trajectory took: 0 hours, 10 minutes, 56 seconds


105 models [3] recycles 3 hard 0 soft 1 temp 0.12 loss 5.79 helix 4.03 pae 0.60 i_pae 0.62 con 2.64 i_con 4.07 plddt 0.54 ptm 0.75 i_ptm 0.22 rg -0.32
121 models [1] recycles 1 hard 1 soft 1 temp 0.01 loss 3.65 helix 1.31 pae 0.17 i_pae 0.12 con 1.97 i_con 1.48 plddt 0.85 ptm 0.91 i_ptm 0.84 rg 1.61
125 models [2] recycles 1 hard 1 soft 1 temp 0.01 loss 3.11 helix 1.84 pae 0.17 i_pae 0.13 con 1.74 i_con 1.79 plddt 0.88 ptm 0.90 i_ptm 0.83 rg 0.09
One-hot trajectory pLDDT good, continuing: 0.89
Stage 4: PSSM Semigreedy Optimisation
103 models [4] recycles 1 hard 0 soft 1 temp 0.15 loss 2.55 helix 1.77 pae 0.13 i_pae 0.09 con 1.49 i_con 1.52 plddt 0.94 ptm 0.92 i_ptm 0.89 rg -0.01
Running semigreedy optimization...
55 models [4] recycles 1 hard 0 soft 0.20 temp 1 loss 8.24 helix 1.16 pae 0.71 i_pae 0.67 con 4.16 i_con 4.11 plddt 0.28 ptm 0.71 i_ptm 0.19 rg -0.47
107 models [1] recycles 1 hard 0 soft 1 temp 0.09 loss 4.02 helix 1.41 pae 0.22 i_pae 0.19 con 2.25 i_con 1.89 plddt 0.80 ptm 0.90 i_ptm 0.83 rg 0.56
122 models [3] recycles 1 hard 1 soft 1 temp 0.01 loss 3.73 helix 1.30 pae 0.18 i_pae 0.13 con 2.02 i_con 1.51 plddt 0.85 ptm 0.90 i_ptm 0.82 rg 1.62
126 models [0] recycles 1 hard 1 soft 0 temp 1 loss 2.95 helix 1.81 pae 0.15 i_pae 0.12 con 1.65 i_con 1.73 plddt 0.89 ptm 0.90 i_ptm 0.84 rg 0.09
106 models [2] recycles 3 hard 0 soft 1 temp 0.11 loss 2.16 helix 5.27 pae 0.18 i_pae 0.14 con 1.58 i_con 1.95 plddt 0.91 ptm 0.90 i_ptm 0.81 rg 0.37
1 models [1] recycles 1 hard 0 soft 0.02 temp 1 loss 9.76 helix 1.33 pae 0.75 i_pae 0.72 con 4.53 i_con 3.96 plddt 0.33 ptm 0.72 i_ptm 0.18 rg 3.97
127 models [1] recycles 1 hard 1 soft 0 temp 1 loss 3.04 helix 1.80 pae 0.16 i_pae 0.12 con 1.69 i_con 1.75 plddt 0.87 ptm 0.91 i_ptm 0.83 rg 0.14
104 models [3] recycles 1 hard 0 soft 1 temp 0.14 loss 2.25 helix 1.94 pae 0.12 i_pae 0.08 con 1.40 i_con 1.36 plddt 0.95 ptm 0.92 i_ptm 0.90 rg 0.02
56 models [2] recycles 1 hard 0 soft 0.24 temp 1 loss 3.02 helix 1.75 pae 0.14 i_pae 0.11 con 1.49 i_con 1.80 plddt 0.94 ptm 0.91 i_ptm 0.87 rg 0.57
128 models [4] recycles 1 hard 1 soft 0 temp 1 loss 3.27 helix 1.78 pae 0.18 i_pae 0.14 con 1.77 i_con 1.84 plddt 0.86 ptm 0.90 i_ptm 0.82 rg 0.28
123 models [4] recycles 1 hard 1 soft 1 temp 0.01 loss 3.76 helix 1.29 pae 0.17 i_pae 0.12 con 1.96 i_con 1.62 plddt 0.86 ptm 0.90 i_ptm 0.84 rg 1.58
108 models [3] recycles 1 hard 0 soft 1 temp 0.08 loss 3.84 helix 1.56 pae 0.20 i_pae 0.18 con 2.11 i_con 1.91 plddt 0.83 ptm 0.90 i_ptm 0.83 rg 0.55
2 models [3] recycles 1 hard 0 soft 0.04 temp 1 loss 9.15 helix 1.26 pae 0.75 i_pae 0.71 con 4.27 i_con 4.07 plddt 0.32 ptm 0.71 i_ptm 0.18 rg 2.33
129 models [3] recycles 1 hard 1 soft 0 temp 1 loss 2.89 helix 1.85 pae 0.15 i_pae 0.12 con 1.70 i_con 1.68 plddt 0.89 ptm 0.91 i_ptm 0.85 rg -0.07
57 models [3] recycles 1 hard 0 soft 0.28 temp 1 loss 2.81 helix 1.82 pae 0.13 i_pae 0.10 con 1.40 i_con 1.72 plddt 0.95 ptm 0.92 i_ptm 0.88 rg 0.54Fixing interface residues: B5,B6,B9,B10,B13,B16,B17,B20,B21,B29,B30,B33,B34,B37,B38,B40,B41,B44,B45107 models [4] recycles 3 hard 0 soft 1 temp 0.09 loss 2.36 helix 5.12 pae 0.18 i_pae 0.14 con 1.62 i_con 2.07 plddt 0.91 ptm 0.89 i_ptm 0.80 rg 0.36


105 models [3] recycles 1 hard 0 soft 1 temp 0.12 loss 2.57 helix 1.68 pae 0.13 i_pae 0.09 con 1.49 i_con 1.51 plddt 0.93 ptm 0.92 i_ptm 0.88 rg 0.01
130 models [3] recycles 1 hard 1 soft 0 temp 1 loss 2.87 helix 1.85 pae 0.15 i_pae 0.12 con 1.69 i_con 1.68 plddt 0.89 ptm 0.91 i_ptm 0.85 rg -0.09
124 models [2] recycles 1 hard 1 soft 1 temp 0.01 loss 3.90 helix 1.22 pae 0.19 i_pae 0.13 con 2.03 i_con 1.62 plddt 0.85 ptm 0.90 i_ptm 0.82 rg 1.65
131 models [1] recycles 1 hard 1 soft 0 temp 1 loss 3.16 helix 1.78 pae 0.18 i_pae 0.13 con 1.82 i_con 1.72 plddt 0.85 ptm 0.90 i_ptm 0.83 rg 0.17
109 models [3] recycles 1 hard 0 soft 1 temp 0.07 loss 3.58 helix 1.68 pae 0.17 i_pae 0.15 con 1.94 i_con 1.88 plddt 0.86 ptm 0.91 i_ptm 0.86 rg 0.51
3 models [2] recycles 1 hard 0 soft 0.05 temp 1 loss 11.08 helix 1.29 pae 0.79 i_pae 0.77 con 4.65 i_con 4.11 plddt 0.29 ptm 0.70 i_ptm 0.15 rg 7.33
58 models [1] recycles 1 hard 0 soft 0.32 temp 1 loss 3.02 helix 1.79 pae 0.14 i_pae 0.11 con 1.49 i_con 1.86 plddt 0.94 ptm 0.91 i_ptm 0.85 rg 0.45
132 models [3] recycles 1 hard 1 soft 0 temp 1 loss 2.89 helix 1.80 pae 0.15 i_pae 0.11 con 1.74 i_con 1.64 plddt 0.88 ptm 0.91 i_ptm 0.86 rg -0.11
106 models [2] recycles 1 hard 0 soft 1 temp 0.11 loss 3.63 helix 1.45 pae 0.18 i_pae 0.16 con 1.60 i_con 2.37 plddt 0.90 ptm 0.87 i_ptm 0.76 rg -0.09
108 models [2] recycles 3 hard 0 soft 1 temp 0.08 loss 2.46 helix 4.99 pae 0.18 i_pae 0.14 con 1.68 i_con 2.06 plddt 0.91 ptm 0.89 i_ptm 0.80 rg 0.38125 models [1] recycles 1 hard 1 soft 1 temp 0.01 loss 3.62 helix 1.31 pae 0.17 i_pae 0.12 con 1.95 i_con 1.48 plddt 0.86 ptm 0.91 i_ptm 0.84 rg 1.60
One-hot trajectory pLDDT good, continuing: 0.86
Stage 4: PSSM Semigreedy Optimisation

133 models [0] recycles 1 hard 1 soft 0 temp 1 loss 4.37 helix 1.37 pae 0.22 i_pae 0.19 con 2.23 i_con 2.37 plddt 0.77 ptm 0.88 i_ptm 0.76 rg 0.13
4 models [4] recycles 1 hard 0 soft 0.07 temp 1 loss 9.83 helix 0.87 pae 0.74 i_pae 0.72 con 4.59 i_con 4.23 plddt 0.36 ptm 0.71 i_ptm 0.16 rg 2.67
110 models [4] recycles 1 hard 0 soft 1 temp 0.06 loss 4.17 helix 1.43 pae 0.25 i_pae 0.21 con 2.32 i_con 1.91 plddt 0.76 ptm 0.88 i_ptm 0.84 rg 0.71
Running semigreedy optimization...
134 models [2] recycles 1 hard 1 soft 0 temp 1 loss 3.13 helix 1.82 pae 0.17 i_pae 0.13 con 1.83 i_con 1.78 plddt 0.87 ptm 0.90 i_ptm 0.84 rg -0.12
59 models [0] recycles 1 hard 0 soft 0.36 temp 1 loss 2.84 helix 1.87 pae 0.13 i_pae 0.10 con 1.42 i_con 1.77 plddt 0.95 ptm 0.91 i_ptm 0.87 rg 0.47
126 models [1] recycles 1 hard 1 soft 0 temp 1 loss 3.52 helix 1.35 pae 0.16 i_pae 0.11 con 1.88 i_con 1.47 plddt 0.87 ptm 0.91 i_ptm 0.85 rg 1.61
135 models [4] recycles 1 hard 1 soft 0 temp 1 loss 3.94 helix 1.46 pae 0.22 i_pae 0.18 con 2.21 i_con 1.97 plddt 0.76 ptm 0.89 i_ptm 0.79 rg 0.16
107 models [2] recycles 1 hard 0 soft 1 temp 0.09 loss 2.42 helix 1.79 pae 0.13 i_pae 0.09 con 1.43 i_con 1.47 plddt 0.95 ptm 0.92 i_ptm 0.89 rg -0.02
5 models [3] recycles 1 hard 0 soft 0.09 temp 1 loss 8.59 helix 1.01 pae 0.69 i_pae 0.67 con 4.04 i_con 4.27 plddt 0.36 ptm 0.72 i_ptm 0.21 rg 0.47
109 models [2] recycles 3 hard 0 soft 1 temp 0.07 loss 2.00 helix 5.43 pae 0.18 i_pae 0.13 con 1.53 i_con 1.87 plddt 0.92 ptm 0.89 i_ptm 0.80 rg 0.42
127 models [0] recycles 1 hard 1 soft 0 temp 1 loss 4.67 helix 1.16 pae 0.25 i_pae 0.20 con 2.62 i_con 1.69 plddt 0.73 ptm 0.88 i_ptm 0.74 rg 1.83136 models [4] recycles 1 hard 1 soft 0 temp 1 loss 3.95 helix 1.47 pae 0.22 i_pae 0.18 con 2.21 i_con 1.95 plddt 0.77 ptm 0.89 i_ptm 0.79 rg 0.30

111 models [3] recycles 1 hard 0 soft 1 temp 0.05 loss 6.41 helix 1.27 pae 0.52 i_pae 0.60 con 2.46 i_con 3.88 plddt 0.66 ptm 0.72 i_ptm 0.28 rg 0.34
60 models [4] recycles 1 hard 0 soft 0.40 temp 1 loss 3.25 helix 1.59 pae 0.14 i_pae 0.12 con 1.68 i_con 1.79 plddt 0.91 ptm 0.91 i_ptm 0.86 rg 0.59
128 models [2] recycles 1 hard 1 soft 0 temp 1 loss 4.63 helix 1.15 pae 0.23 i_pae 0.17 con 2.52 i_con 1.77 plddt 0.77 ptm 0.88 i_ptm 0.76 rg 1.81137 models [2] recycles 1 hard 1 soft 0 temp 1 loss 4.23 helix 1.35 pae 0.25 i_pae 0.20 con 2.34 i_con 2.09 plddt 0.75 ptm 0.88 i_ptm 0.76 rg 0.17

108 models [2] recycles 1 hard 0 soft 1 temp 0.08 loss 3.84 helix 1.34 pae 0.18 i_pae 0.16 con 1.80 i_con 2.33 plddt 0.88 ptm 0.88 i_ptm 0.78 rg 0.01
6 models [2] recycles 1 hard 0 soft 0.11 temp 1 loss 7.83 helix 0.84 pae 0.66 i_pae 0.68 con 3.59 i_con 4.15 plddt 0.43 ptm 0.71 i_ptm 0.20 rg -0.30129 models [4] recycles 1 hard 1 soft 0 temp 1 loss 5.63 helix 1.05 pae 0.30 i_pae 0.25 con 2.87 i_con 2.34 plddt 0.67 ptm 0.85 i_ptm 0.64 rg 1.78
138 models [1] recycles 1 hard 1 soft 0 temp 1 loss 4.04 helix 1.31 pae 0.24 i_pae 0.19 con 2.31 i_con 1.90 plddt 0.76 ptm 0.89 i_ptm 0.78 rg 0.23

61 models [3] recycles 1 hard 0 soft 0.44 temp 1 loss 2.97 helix 1.69 pae 0.13 i_pae 0.11 con 1.53 i_con 1.72 plddt 0.93 ptm 0.92 i_ptm 0.87 rg 0.53
112 models [0] recycles 1 hard 0 soft 1 temp 0.04 loss 3.84 helix 1.50 pae 0.20 i_pae 0.17 con 2.17 i_con 1.82 plddt 0.81 ptm 0.90 i_ptm 0.84 rg 0.60
110 models [3] recycles 3 hard 0 soft 1 temp 0.06 loss 1.72 helix 5.93 pae 0.15 i_pae 0.12 con 1.46 i_con 1.81 plddt 0.93 ptm 0.91 i_ptm 0.83 rg 0.50
139 models [4] recycles 1 hard 1 soft 0 temp 1 loss 4.41 helix 1.30 pae 0.26 i_pae 0.22 con 2.47 i_con 2.12 plddt 0.70 ptm 0.88 i_ptm 0.74 rg 0.11
130 models [4] recycles 1 hard 1 soft 0 temp 1 loss 4.96 helix 1.13 pae 0.23 i_pae 0.18 con 2.52 i_con 2.07 plddt 0.75 ptm 0.88 i_ptm 0.74 rg 1.88
140 models [3] recycles 1 hard 1 soft 0 temp 1 loss 4.19 helix 1.35 pae 0.25 i_pae 0.20 con 2.39 i_con 1.98 plddt 0.74 ptm 0.88 i_ptm 0.76 rg 0.21131 models [3] recycles 1 hard 1 soft 0 temp 1 loss 5.37 helix 1.06 pae 0.26 i_pae 0.21 con 2.72 i_con 2.23 plddt 0.72 ptm 0.87 i_ptm 0.72 rg 1.90
Trajectory successful, final pLDDT: 0.89
Starting trajectory took: 0 hours, 11 minutes, 31 seconds


7 models [2] recycles 1 hard 0 soft 0.13 temp 1 loss 8.02 helix 1.05 pae 0.66 i_pae 0.66 con 3.72 i_con 4.04 plddt 0.41 ptm 0.72 i_ptm 0.22 rg 0.52
109 models [0] recycles 1 hard 0 soft 1 temp 0.07 loss 2.45 helix 1.70 pae 0.13 i_pae 0.09 con 1.48 i_con 1.43 plddt 0.94 ptm 0.92 i_ptm 0.88 rg -0.07
62 models [4] recycles 1 hard 0 soft 0.48 temp 1 loss 3.32 helix 1.62 pae 0.15 i_pae 0.12 con 1.71 i_con 1.81 plddt 0.92 ptm 0.91 i_ptm 0.86 rg 0.64
132 models [3] recycles 1 hard 1 soft 0 temp 1 loss 4.08 helix 1.20 pae 0.19 i_pae 0.14 con 2.23 i_con 1.56 plddt 0.82 ptm 0.89 i_ptm 0.79 rg 1.79
113 models [4] recycles 1 hard 0 soft 1 temp 0.03 loss 7.11 helix 1.18 pae 0.62 i_pae 0.71 con 2.84 i_con 4.24 plddt 0.58 ptm 0.70 i_ptm 0.19 rg -0.07
133 models [4] recycles 1 hard 1 soft 0 temp 1 loss 7.91 helix 1.05 pae 0.61 i_pae 0.60 con 3.57 i_con 4.00 plddt 0.41 ptm 0.74 i_ptm 0.26 rg 0.84
111 models [1] recycles 3 hard 0 soft 1 temp 0.05 loss 2.07 helix 5.23 pae 0.16 i_pae 0.13 con 1.49 i_con 1.92 plddt 0.92 ptm 0.90 i_ptm 0.82 rg 0.44
8 models [0] recycles 1 hard 0 soft 0.14 temp 1 loss 7.65 helix 1.00 pae 0.65 i_pae 0.67 con 3.47 i_con 4.03 plddt 0.44 ptm 0.71 i_ptm 0.20 rg 0.10
134 models [4] recycles 1 hard 1 soft 0 temp 1 loss 7.22 helix 1.01 pae 0.50 i_pae 0.50 con 3.12 i_con 3.66 plddt 0.52 ptm 0.77 i_ptm 0.36 rg 1.36
63 models [4] recycles 1 hard 0 soft 0.52 temp 1 loss 3.40 helix 1.63 pae 0.15 i_pae 0.13 con 1.70 i_con 1.93 plddt 0.91 ptm 0.91 i_ptm 0.85 rg 0.58
110 models [1] recycles 1 hard 0 soft 1 temp 0.06 loss 2.29 helix 1.82 pae 0.12 i_pae 0.09 con 1.39 i_con 1.38 plddt 0.95 ptm 0.92 i_ptm 0.89 rg -0.01
114 models [0] recycles 1 hard 0 soft 1 temp 0.03 loss 4.19 helix 1.35 pae 0.24 i_pae 0.21 con 2.40 i_con 1.86 plddt 0.77 ptm 0.89 i_ptm 0.82 rg 0.61
135 models [0] recycles 1 hard 1 soft 0 temp 1 loss 8.22 helix 0.95 pae 0.65 i_pae 0.67 con 3.40 i_con 4.23 plddt 0.44 ptm 0.73 i_ptm 0.22 rg 1.50
9 models [3] recycles 1 hard 0 soft 0.16 temp 1 loss 7.77 helix 0.97 pae 0.64 i_pae 0.66 con 3.56 i_con 3.95 plddt 0.43 ptm 0.72 i_ptm 0.22 rg 0.42
136 models [0] recycles 1 hard 1 soft 0 temp 1 loss 9.55 helix 0.97 pae 0.75 i_pae 0.81 con 3.51 i_con 4.92 plddt 0.42 ptm 0.71 i_ptm 0.13 rg 3.12
112 models [4] recycles 3 hard 0 soft 1 temp 0.04 loss 2.49 helix 4.96 pae 0.19 i_pae 0.15 con 1.64 i_con 2.10 plddt 0.90 ptm 0.89 i_ptm 0.77 rg 0.41
64 models [3] recycles 1 hard 0 soft 0.56 temp 1 loss 3.22 helix 1.69 pae 0.15 i_pae 0.12 con 1.67 i_con 1.80 plddt 0.91 ptm 0.91 i_ptm 0.85 rg 0.60
111 models [2] recycles 1 hard 0 soft 1 temp 0.05 loss 2.40 helix 1.84 pae 0.13 i_pae 0.09 con 1.43 i_con 1.45 plddt 0.95 ptm 0.92 i_ptm 0.89 rg 0.00
137 models [2] recycles 1 hard 1 soft 0 temp 1 loss 8.39 helix 1.00 pae 0.72 i_pae 0.76 con 3.57 i_con 4.49 plddt 0.41 ptm 0.71 i_ptm 0.16 rg 0.56
115 models [0] recycles 1 hard 0 soft 1 temp 0.02 loss 3.90 helix 1.43 pae 0.22 i_pae 0.19 con 2.23 i_con 1.78 plddt 0.79 ptm 0.89 i_ptm 0.84 rg 0.64
10 models [1] recycles 1 hard 0 soft 0.18 temp 1 loss 7.73 helix 0.98 pae 0.65 i_pae 0.66 con 3.60 i_con 4.02 plddt 0.43 ptm 0.72 i_ptm 0.22 rg -0.04
138 models [4] recycles 1 hard 1 soft 0 temp 1 loss 8.03 helix 1.00 pae 0.70 i_pae 0.72 con 3.53 i_con 4.37 plddt 0.39 ptm 0.72 i_ptm 0.17 rg -0.06
Fixing interface residues: B2,B6,B9,B10,B14,B17,B18,B20,B21,B24,B25,B26,B28,B29,B44,B45,B46,B47,B48,B49,B50,B51,B52,B54
65 models [1] recycles 1 hard 0 soft 0.60 temp 1 loss 2.99 helix 1.58 pae 0.14 i_pae 0.11 con 1.62 i_con 1.61 plddt 0.92 ptm 0.92 i_ptm 0.87 rg 0.47
139 models [2] recycles 1 hard 1 soft 0 temp 1 loss 8.36 helix 1.08 pae 0.72 i_pae 0.77 con 3.55 i_con 4.59 plddt 0.41 ptm 0.71 i_ptm 0.16 rg 0.28
113 models [2] recycles 3 hard 0 soft 1 temp 0.03 loss 3.08 helix 4.65 pae 0.22 i_pae 0.18 con 1.82 i_con 2.41 plddt 0.87 ptm 0.88 i_ptm 0.75 rg 0.37
112 models [4] recycles 1 hard 0 soft 1 temp 0.04 loss 2.78 helix 1.80 pae 0.13 i_pae 0.10 con 1.54 i_con 1.69 plddt 0.93 ptm 0.92 i_ptm 0.88 rg 0.06
140 models [3] recycles 1 hard 1 soft 0 temp 1 loss 8.89 helix 1.02 pae 0.74 i_pae 0.80 con 3.41 i_con 4.97 plddt 0.40 ptm 0.71 i_ptm 0.13 rg 1.13
116 models [1] recycles 1 hard 0 soft 1 temp 0.02 loss 4.33 helix 1.33 pae 0.23 i_pae 0.21 con 2.38 i_con 2.03 plddt 0.78 ptm 0.89 i_ptm 0.81 rg 0.59
Trajectory successful, final pLDDT: 0.87
Starting trajectory took: 0 hours, 11 minutes, 51 seconds

11 models [3] recycles 1 hard 0 soft 0.20 temp 1 loss 7.22 helix 1.03 pae 0.60 i_pae 0.60 con 3.37 i_con 3.82 plddt 0.46 ptm 0.73 i_ptm 0.27 rg -0.20
66 models [1] recycles 1 hard 0 soft 0.64 temp 1 loss 3.08 helix 1.60 pae 0.14 i_pae 0.11 con 1.66 i_con 1.67 plddt 0.92 ptm 0.92 i_ptm 0.87 rg 0.51
1 models [4] recycles 1 hard 0 soft 0.02 temp 1 loss 10.34 helix 1.52 pae 0.83 i_pae 0.79 con 4.70 i_con 4.03 plddt 0.26 ptm 0.68 i_ptm 0.13 rg 5.13
113 models [2] recycles 1 hard 0 soft 1 temp 0.03 loss 6.55 helix 0.92 pae 0.48 i_pae 0.50 con 2.79 i_con 3.75 plddt 0.60 ptm 0.73 i_ptm 0.33 rg -0.12
114 models [4] recycles 3 hard 0 soft 1 temp 0.03 loss 2.71 helix 4.91 pae 0.20 i_pae 0.17 con 1.70 i_con 2.24 plddt 0.89 ptm 0.88 i_ptm 0.75 rg 0.39
12 models [2] recycles 1 hard 0 soft 0.22 temp 1 loss 7.39 helix 0.95 pae 0.61 i_pae 0.62 con 3.42 i_con 3.79 plddt 0.47 ptm 0.73 i_ptm 0.26 rg 0.21
117 models [1] recycles 1 hard 0 soft 1 temp 0.01 loss 4.39 helix 1.28 pae 0.27 i_pae 0.23 con 2.51 i_con 1.90 plddt 0.74 ptm 0.88 i_ptm 0.82 rg 0.70
67 models [0] recycles 1 hard 0 soft 0.68 temp 1 loss 2.96 helix 1.82 pae 0.14 i_pae 0.11 con 1.59 i_con 1.71 plddt 0.93 ptm 0.91 i_ptm 0.86 rg 0.40
2 models [1] recycles 1 hard 0 soft 0.04 temp 1 loss 9.23 helix 1.12 pae 0.77 i_pae 0.75 con 4.38 i_con 4.13 plddt 0.30 ptm 0.69 i_ptm 0.16 rg 1.90
13 models [2] recycles 1 hard 0 soft 0.23 temp 1 loss 7.35 helix 0.97 pae 0.61 i_pae 0.62 con 3.42 i_con 3.86 plddt 0.47 ptm 0.72 i_ptm 0.23 rg -0.15
114 models [3] recycles 1 hard 0 soft 1 temp 0.03 loss 2.16 helix 1.92 pae 0.12 i_pae 0.08 con 1.37 i_con 1.30 plddt 0.95 ptm 0.92 i_ptm 0.90 rg 0.01
118 models [0] recycles 1 hard 0 soft 1 temp 0.01 loss 3.97 helix 1.40 pae 0.23 i_pae 0.20 con 2.24 i_con 1.82 plddt 0.78 ptm 0.89 i_ptm 0.83 rg 0.65
68 models [4] recycles 1 hard 0 soft 0.72 temp 1 loss 3.04 helix 1.82 pae 0.14 i_pae 0.11 con 1.52 i_con 1.84 plddt 0.94 ptm 0.91 i_ptm 0.86 rg 0.45
115 models [0] recycles 3 hard 0 soft 1 temp 0.02 loss 2.75 helix 4.81 pae 0.20 i_pae 0.17 con 1.71 i_con 2.24 plddt 0.88 ptm 0.89 i_ptm 0.77 rg 0.39
14 models [0] recycles 1 hard 0 soft 0.25 temp 1 loss 7.10 helix 1.06 pae 0.60 i_pae 0.62 con 3.21 i_con 3.94 plddt 0.48 ptm 0.72 i_ptm 0.24 rg -0.40
3 models [2] recycles 1 hard 0 soft 0.05 temp 1 loss 9.29 helix 1.02 pae 0.76 i_pae 0.73 con 4.47 i_con 4.15 plddt 0.32 ptm 0.69 i_ptm 0.17 rg 1.64
115 models [4] recycles 1 hard 0 soft 1 temp 0.02 loss 2.86 helix 1.72 pae 0.13 i_pae 0.10 con 1.64 i_con 1.67 plddt 0.93 ptm 0.91 i_ptm 0.87 rg -0.0169 models [3] recycles 1 hard 0 soft 0.76 temp 1 loss 2.70 helix 1.80 pae 0.13 i_pae 0.10 con 1.44 i_con 1.60 plddt 0.94 ptm 0.92 i_ptm 0.89 rg 0.41

119 models [1] recycles 1 hard 0 soft 1 temp 0.01 loss 4.16 helix 1.36 pae 0.23 i_pae 0.20 con 2.33 i_con 1.91 plddt 0.79 ptm 0.89 i_ptm 0.83 rg 0.61
116 models [1] recycles 3 hard 0 soft 1 temp 0.02 loss 4.67 helix 3.53 pae 0.33 i_pae 0.30 con 2.56 i_con 2.87 plddt 0.71 ptm 0.85 i_ptm 0.59 rg 0.29
15 models [2] recycles 1 hard 0 soft 0.27 temp 1 loss 7.29 helix 1.06 pae 0.63 i_pae 0.65 con 3.37 i_con 3.92 plddt 0.48 ptm 0.71 i_ptm 0.21 rg -0.30
4 models [0] recycles 1 hard 0 soft 0.07 temp 1 loss 8.90 helix 1.04 pae 0.75 i_pae 0.75 con 4.24 i_con 4.34 plddt 0.32 ptm 0.68 i_ptm 0.15 rg 0.45
70 models [3] recycles 1 hard 0 soft 0.80 temp 1 loss 2.93 helix 1.76 pae 0.13 i_pae 0.10 con 1.55 i_con 1.66 plddt 0.94 ptm 0.92 i_ptm 0.88 rg 0.57
116 models [0] recycles 1 hard 0 soft 1 temp 0.02 loss 2.63 helix 1.69 pae 0.13 i_pae 0.09 con 1.60 i_con 1.47 plddt 0.93 ptm 0.92 i_ptm 0.88 rg -0.00
120 models [4] recycles 1 hard 0 soft 1 temp 0.01 loss 4.16 helix 1.34 pae 0.25 i_pae 0.21 con 2.37 i_con 1.84 plddt 0.76 ptm 0.88 i_ptm 0.83 rg 0.68
Softmax trajectory pLDDT good, continuing: 0.87
Stage 3: One-hot Optimisation
16 models [1] recycles 1 hard 0 soft 0.29 temp 1 loss 7.11 helix 1.08 pae 0.56 i_pae 0.55 con 3.33 i_con 3.65 plddt 0.53 ptm 0.75 i_ptm 0.30 rg 0.32
117 models [4] recycles 3 hard 0 soft 1 temp 0.01 loss 6.87 helix 3.16 pae 0.66 i_pae 0.66 con 3.26 i_con 4.17 plddt 0.41 ptm 0.74 i_ptm 0.21 rg -0.15
71 models [4] recycles 1 hard 0 soft 0.84 temp 1 loss 3.23 helix 1.59 pae 0.14 i_pae 0.12 con 1.66 i_con 1.80 plddt 0.92 ptm 0.91 i_ptm 0.87 rg 0.54
5 models [3] recycles 1 hard 0 soft 0.09 temp 1 loss 8.31 helix 0.98 pae 0.70 i_pae 0.68 con 3.98 i_con 4.23 plddt 0.35 ptm 0.70 i_ptm 0.20 rg -0.21
117 models [4] recycles 1 hard 0 soft 1 temp 0.01 loss 2.42 helix 1.86 pae 0.12 i_pae 0.09 con 1.45 i_con 1.46 plddt 0.95 ptm 0.92 i_ptm 0.89 rg -0.04
121 models [3] recycles 1 hard 1 soft 1 temp 0.01 loss 4.04 helix 1.44 pae 0.22 i_pae 0.19 con 2.23 i_con 1.92 plddt 0.77 ptm 0.90 i_ptm 0.82 rg 0.62
17 models [2] recycles 1 hard 0 soft 0.31 temp 1 loss 6.71 helix 1.09 pae 0.49 i_pae 0.48 con 3.13 i_con 3.42 plddt 0.56 ptm 0.76 i_ptm 0.38 rg 0.58
72 models [4] recycles 1 hard 0 soft 0.88 temp 1 loss 3.58 helix 1.58 pae 0.15 i_pae 0.13 con 1.74 i_con 2.06 plddt 0.91 ptm 0.91 i_ptm 0.85 rg 0.51
118 models [3] recycles 3 hard 0 soft 1 temp 0.01 loss 2.00 helix 5.56 pae 0.17 i_pae 0.13 con 1.50 i_con 1.93 plddt 0.92 ptm 0.90 i_ptm 0.81 rg 0.46
6 models [3] recycles 1 hard 0 soft 0.11 temp 1 loss 7.55 helix 0.92 pae 0.63 i_pae 0.64 con 3.60 i_con 3.96 plddt 0.41 ptm 0.71 i_ptm 0.25 rg -0.50
118 models [3] recycles 1 hard 0 soft 1 temp 0.01 loss 2.23 helix 1.93 pae 0.12 i_pae 0.09 con 1.44 i_con 1.31 plddt 0.95 ptm 0.92 i_ptm 0.90 rg -0.00
122 models [4] recycles 1 hard 1 soft 1 temp 0.01 loss 4.05 helix 1.43 pae 0.24 i_pae 0.20 con 2.32 i_con 1.79 plddt 0.73 ptm 0.89 i_ptm 0.83 rg 0.72
18 models [0] recycles 1 hard 0 soft 0.32 temp 1 loss 4.92 helix 1.37 pae 0.25 i_pae 0.22 con 2.39 i_con 2.45 plddt 0.78 ptm 0.86 i_ptm 0.71 rg 1.12
Fixing interface residues: B12,B13,B14,B15,B16,B18,B22,B50,B51,B52,B53,B54,B56,B57,B60,B61,B64
73 models [3] recycles 1 hard 0 soft 0.92 temp 1 loss 3.77 helix 1.41 pae 0.17 i_pae 0.14 con 2.10 i_con 1.84 plddt 0.86 ptm 0.91 i_ptm 0.85 rg 0.52
7 models [4] recycles 1 hard 0 soft 0.13 temp 1 loss 7.57 helix 0.92 pae 0.65 i_pae 0.67 con 3.54 i_con 4.04 plddt 0.42 ptm 0.70 i_ptm 0.21 rg -0.55
119 models [1] recycles 3 hard 0 soft 1 temp 0.01 loss 2.34 helix 5.20 pae 0.19 i_pae 0.15 con 1.56 i_con 2.10 plddt 0.90 ptm 0.89 i_ptm 0.78 rg 0.42
123 models [4] recycles 1 hard 1 soft 1 temp 0.01 loss 4.09 helix 1.42 pae 0.24 i_pae 0.21 con 2.35 i_con 1.81 plddt 0.73 ptm 0.89 i_ptm 0.83 rg 0.70
119 models [3] recycles 1 hard 0 soft 1 temp 0.01 loss 2.45 helix 1.80 pae 0.13 i_pae 0.09 con 1.55 i_con 1.39 plddt 0.94 ptm 0.92 i_ptm 0.89 rg -0.09
19 models [3] recycles 1 hard 0 soft 0.34 temp 1 loss 4.89 helix 1.30 pae 0.26 i_pae 0.22 con 2.45 i_con 2.33 plddt 0.78 ptm 0.86 i_ptm 0.71 rg 1.13
74 models [3] recycles 1 hard 0 soft 0.96 temp 1 loss 2.97 helix 1.63 pae 0.13 i_pae 0.10 con 1.58 i_con 1.67 plddt 0.93 ptm 0.93 i_ptm 0.90 rg 0.42
8 models [1] recycles 1 hard 0 soft 0.14 temp 1 loss 7.64 helix 0.90 pae 0.63 i_pae 0.68 con 3.51 i_con 4.09 plddt 0.46 ptm 0.70 i_ptm 0.23 rg -0.36
20 models [2] recycles 1 hard 0 soft 0.36 temp 1 loss 4.51 helix 1.43 pae 0.22 i_pae 0.19 con 2.29 i_con 2.16 plddt 0.82 ptm 0.87 i_ptm 0.76 rg 1.18
124 models [3] recycles 1 hard 1 soft 1 temp 0.01 loss 3.99 helix 1.43 pae 0.23 i_pae 0.20 con 2.24 i_con 1.82 plddt 0.76 ptm 0.89 i_ptm 0.84 rg 0.70120 models [1] recycles 3 hard 0 soft 1 temp 0.01 loss 2.08 helix 5.38 pae 0.16 i_pae 0.13 con 1.54 i_con 1.94 plddt 0.91 ptm 0.90 i_ptm 0.82 rg 0.41

Softmax trajectory pLDDT good, continuing: 0.92
Stage 3: One-hot Optimisation
120 models [3] recycles 1 hard 0 soft 1 temp 0.01 loss 2.11 helix 1.97 pae 0.12 i_pae 0.08 con 1.37 i_con 1.26 plddt 0.95 ptm 0.93 i_ptm 0.91 rg 0.02
Softmax trajectory pLDDT good, continuing: 0.95
Stage 3: One-hot Optimisation
75 models [4] recycles 1 hard 0 soft 1 temp 1 loss 7.17 helix 0.86 pae 0.51 i_pae 0.51 con 3.48 i_con 3.61 plddt 0.54 ptm 0.77 i_ptm 0.40 rg 0.02
Optimised logit trajectory pLDDT: 0.94
Stage 2: Softmax Optimisation
9 models [2] recycles 1 hard 0 soft 0.16 temp 1 loss 6.42 helix 0.92 pae 0.44 i_pae 0.46 con 2.96 i_con 3.52 plddt 0.60 ptm 0.76 i_ptm 0.42 rg -0.26
21 models [1] recycles 1 hard 0 soft 0.38 temp 1 loss 4.90 helix 1.34 pae 0.25 i_pae 0.23 con 2.31 i_con 2.49 plddt 0.80 ptm 0.86 i_ptm 0.70 rg 1.15
125 models [4] recycles 1 hard 1 soft 1 temp 0.01 loss 4.05 helix 1.44 pae 0.24 i_pae 0.20 con 2.32 i_con 1.79 plddt 0.73 ptm 0.89 i_ptm 0.83 rg 0.74
76 models [2] recycles 1 hard 0 soft 1 temp 0.96 loss 3.63 helix 1.35 pae 0.18 i_pae 0.14 con 1.93 i_con 1.83 plddt 0.88 ptm 0.91 i_ptm 0.84 rg 0.60
One-hot trajectory pLDDT good, continuing: 0.76
Stage 4: PSSM Semigreedy Optimisation
121 models [4] recycles 1 hard 1 soft 1 temp 0.01 loss 3.04 helix 1.66 pae 0.14 i_pae 0.10 con 1.81 i_con 1.62 plddt 0.89 ptm 0.91 i_ptm 0.87 rg 0.08
121 models [3] recycles 3 hard 1 soft 1 temp 0.01 loss 2.30 helix 5.46 pae 0.16 i_pae 0.13 con 1.63 i_con 2.05 plddt 0.90 ptm 0.91 i_ptm 0.82 rg 0.51
Running semigreedy optimization...
10 models [3] recycles 1 hard 0 soft 0.18 temp 1 loss 6.95 helix 0.94 pae 0.58 i_pae 0.63 con 3.03 i_con 3.92 plddt 0.53 ptm 0.71 i_ptm 0.25 rg -0.31
22 models [1] recycles 1 hard 0 soft 0.40 temp 1 loss 4.20 helix 1.47 pae 0.20 i_pae 0.16 con 2.12 i_con 2.03 plddt 0.84 ptm 0.89 i_ptm 0.81 rg 1.24
77 models [1] recycles 1 hard 0 soft 1 temp 0.91 loss 7.25 helix 0.89 pae 0.51 i_pae 0.50 con 3.60 i_con 3.58 plddt 0.53 ptm 0.77 i_ptm 0.39 rg -0.00
Fixing interface residues: B1,B2,B3,B4,B5,B6,B7,B10,B11,B15,B32,B36,B39,B40,B44,B45,B46,B48,B49,B52,B53,B54,B57,B61126 models [3] recycles 1 hard 1 soft 0 temp 1 loss 3.96 helix 1.46 pae 0.22 i_pae 0.19 con 2.22 i_con 1.84 plddt 0.77 ptm 0.90 i_ptm 0.83 rg 0.67

122 models [0] recycles 1 hard 1 soft 1 temp 0.01 loss 2.24 helix 1.81 pae 0.12 i_pae 0.08 con 1.36 i_con 1.34 plddt 0.95 ptm 0.93 i_ptm 0.90 rg 0.05
122 models [3] recycles 3 hard 1 soft 1 temp 0.01 loss 6.91 helix 3.10 pae 0.65 i_pae 0.67 con 3.19 i_con 4.30 plddt 0.42 ptm 0.75 i_ptm 0.19 rg -0.25
127 models [4] recycles 1 hard 1 soft 0 temp 1 loss 4.14 helix 1.40 pae 0.24 i_pae 0.20 con 2.39 i_con 1.82 plddt 0.72 ptm 0.89 i_ptm 0.83 rg 0.66
23 models [3] recycles 1 hard 0 soft 0.41 temp 1 loss 4.37 helix 1.59 pae 0.21 i_pae 0.17 con 2.16 i_con 2.17 plddt 0.84 ptm 0.88 i_ptm 0.79 rg 1.31
11 models [4] recycles 1 hard 0 soft 0.20 temp 1 loss 6.04 helix 1.01 pae 0.41 i_pae 0.41 con 2.68 i_con 3.41 plddt 0.63 ptm 0.77 i_ptm 0.44 rg -0.04
78 models [2] recycles 1 hard 0 soft 1 temp 0.87 loss 3.69 helix 1.37 pae 0.17 i_pae 0.14 con 1.84 i_con 2.00 plddt 0.89 ptm 0.90 i_ptm 0.83 rg 0.55
128 models [3] recycles 1 hard 1 soft 0 temp 1 loss 4.10 helix 1.41 pae 0.25 i_pae 0.21 con 2.36 i_con 1.82 plddt 0.74 ptm 0.89 i_ptm 0.83 rg 0.65
123 models [3] recycles 1 hard 1 soft 1 temp 0.01 loss 2.06 helix 1.91 pae 0.12 i_pae 0.08 con 1.32 i_con 1.23 plddt 0.96 ptm 0.93 i_ptm 0.91 rg 0.05
129 models [4] recycles 1 hard 1 soft 0 temp 1 loss 5.07 helix 1.22 pae 0.33 i_pae 0.29 con 2.81 i_con 2.13 plddt 0.63 ptm 0.85 i_ptm 0.78 rg 0.95
24 models [2] recycles 1 hard 0 soft 0.43 temp 1 loss 4.51 helix 1.39 pae 0.23 i_pae 0.19 con 2.30 i_con 2.14 plddt 0.82 ptm 0.88 i_ptm 0.77 rg 1.18
123 models [2] recycles 3 hard 1 soft 1 temp 0.01 loss 7.02 helix 3.23 pae 0.65 i_pae 0.66 con 3.33 i_con 4.23 plddt 0.38 ptm 0.75 i_ptm 0.20 rg 0.00
12 models [0] recycles 1 hard 0 soft 0.22 temp 1 loss 5.72 helix 1.09 pae 0.35 i_pae 0.37 con 2.46 i_con 3.38 plddt 0.69 ptm 0.79 i_ptm 0.48 rg -0.10
79 models [4] recycles 1 hard 0 soft 1 temp 0.83 loss 3.42 helix 1.54 pae 0.15 i_pae 0.13 con 1.68 i_con 1.96 plddt 0.91 ptm 0.91 i_ptm 0.85 rg 0.51
130 models [4] recycles 1 hard 1 soft 0 temp 1 loss 5.12 helix 1.21 pae 0.33 i_pae 0.29 con 2.84 i_con 2.13 plddt 0.62 ptm 0.85 i_ptm 0.78 rg 0.99
131 models [2] recycles 1 hard 1 soft 0 temp 1 loss 7.59 helix 1.09 pae 0.64 i_pae 0.69 con 3.15 i_con 4.21 plddt 0.48 ptm 0.70 i_ptm 0.18 rg 0.45
124 models [0] recycles 1 hard 1 soft 1 temp 0.01 loss 2.24 helix 1.81 pae 0.12 i_pae 0.08 con 1.36 i_con 1.34 plddt 0.95 ptm 0.93 i_ptm 0.90 rg 0.05
25 models [0] recycles 1 hard 0 soft 0.45 temp 1 loss 4.08 helix 1.50 pae 0.20 i_pae 0.16 con 2.12 i_con 1.93 plddt 0.84 ptm 0.89 i_ptm 0.81 rg 1.19
80 models [2] recycles 1 hard 0 soft 1 temp 0.79 loss 3.41 helix 1.54 pae 0.15 i_pae 0.13 con 1.73 i_con 1.90 plddt 0.92 ptm 0.91 i_ptm 0.85 rg 0.49
13 models [1] recycles 1 hard 0 soft 0.23 temp 1 loss 5.43 helix 1.05 pae 0.28 i_pae 0.27 con 2.49 i_con 3.04 plddt 0.72 ptm 0.84 i_ptm 0.64 rg 0.11
132 models [0] recycles 1 hard 1 soft 0 temp 1 loss 8.24 helix 1.07 pae 0.68 i_pae 0.74 con 3.32 i_con 4.49 plddt 0.45 ptm 0.69 i_ptm 0.17 rg 1.04
124 models [0] recycles 3 hard 1 soft 1 temp 0.01 loss 6.49 helix 3.27 pae 0.56 i_pae 0.56 con 3.20 i_con 3.91 plddt 0.43 ptm 0.77 i_ptm 0.30 rg -0.03
133 models [2] recycles 1 hard 1 soft 0 temp 1 loss 7.57 helix 1.11 pae 0.65 i_pae 0.70 con 3.12 i_con 4.25 plddt 0.48 ptm 0.70 i_ptm 0.18 rg 0.36
26 models [1] recycles 1 hard 0 soft 0.47 temp 1 loss 4.25 helix 1.45 pae 0.20 i_pae 0.17 con 2.10 i_con 1.96 plddt 0.84 ptm 0.89 i_ptm 0.82 rg 1.66
125 models [3] recycles 1 hard 1 soft 1 temp 0.01 loss 2.66 helix 1.72 pae 0.13 i_pae 0.09 con 1.66 i_con 1.42 plddt 0.92 ptm 0.92 i_ptm 0.89 rg 0.04
One-hot trajectory pLDDT good, continuing: 0.96
Stage 4: PSSM Semigreedy Optimisation
81 models [0] recycles 1 hard 0 soft 1 temp 0.75 loss 2.90 helix 1.63 pae 0.13 i_pae 0.11 con 1.46 i_con 1.71 plddt 0.94 ptm 0.92 i_ptm 0.88 rg 0.48
134 models [2] recycles 1 hard 1 soft 0 temp 1 loss 7.61 helix 1.11 pae 0.64 i_pae 0.70 con 3.14 i_con 4.23 plddt 0.48 ptm 0.70 i_ptm 0.18 rg 0.49
14 models [1] recycles 1 hard 0 soft 0.25 temp 1 loss 5.59 helix 1.08 pae 0.34 i_pae 0.35 con 2.43 i_con 3.25 plddt 0.70 ptm 0.80 i_ptm 0.51 rg 0.05
Running semigreedy optimization...
125 models [2] recycles 3 hard 1 soft 1 temp 0.01 loss 7.02 helix 3.23 pae 0.65 i_pae 0.66 con 3.33 i_con 4.23 plddt 0.38 ptm 0.75 i_ptm 0.20 rg 0.00
One-hot trajectory pLDDT good, continuing: 0.9
Stage 4: PSSM Semigreedy Optimisation
135 models [3] recycles 1 hard 1 soft 0 temp 1 loss 4.25 helix 1.36 pae 0.27 i_pae 0.23 con 2.42 i_con 1.84 plddt 0.71 ptm 0.88 i_ptm 0.83 rg 0.75
27 models [0] recycles 1 hard 0 soft 0.49 temp 1 loss 3.88 helix 1.61 pae 0.18 i_pae 0.14 con 2.02 i_con 1.84 plddt 0.86 ptm 0.90 i_ptm 0.83 rg 1.30
126 models [2] recycles 1 hard 1 soft 0 temp 1 loss 2.43 helix 1.79 pae 0.12 i_pae 0.09 con 1.43 i_con 1.46 plddt 0.95 ptm 0.92 i_ptm 0.90 rg 0.03
82 models [3] recycles 1 hard 0 soft 1 temp 0.72 loss 3.25 helix 1.51 pae 0.15 i_pae 0.12 con 1.65 i_con 1.79 plddt 0.92 ptm 0.91 i_ptm 0.86 rg 0.57
136 models [3] recycles 1 hard 1 soft 0 temp 1 loss 4.25 helix 1.35 pae 0.27 i_pae 0.23 con 2.43 i_con 1.83 plddt 0.71 ptm 0.88 i_ptm 0.83 rg 0.75
15 models [3] recycles 1 hard 0 soft 0.27 temp 1 loss 5.70 helix 1.08 pae 0.33 i_pae 0.32 con 2.57 i_con 3.21 plddt 0.71 ptm 0.80 i_ptm 0.54 rg 0.07
Running semigreedy optimization...127 models [0] recycles 1 hard 1 soft 0 temp 1 loss 3.46 helix 1.40 pae 0.16 i_pae 0.12 con 1.93 i_con 1.83 plddt 0.85 ptm 0.90 i_ptm 0.83 rg 0.06

137 models [3] recycles 1 hard 1 soft 0 temp 1 loss 4.47 helix 1.32 pae 0.27 i_pae 0.24 con 2.53 i_con 1.98 plddt 0.70 ptm 0.88 i_ptm 0.81 rg 0.61
28 models [4] recycles 1 hard 0 soft 0.50 temp 1 loss 3.82 helix 1.68 pae 0.17 i_pae 0.13 con 1.92 i_con 1.90 plddt 0.89 ptm 0.90 i_ptm 0.84 rg 1.35
83 models [1] recycles 1 hard 0 soft 1 temp 0.68 loss 2.85 helix 1.70 pae 0.13 i_pae 0.11 con 1.42 i_con 1.71 plddt 0.94 ptm 0.92 i_ptm 0.87 rg 0.52
128 models [3] recycles 1 hard 1 soft 0 temp 1 loss 2.45 helix 1.81 pae 0.13 i_pae 0.09 con 1.55 i_con 1.35 plddt 0.93 ptm 0.92 i_ptm 0.89 rg 0.06
138 models [3] recycles 1 hard 1 soft 0 temp 1 loss 4.44 helix 1.35 pae 0.27 i_pae 0.24 con 2.52 i_con 1.95 plddt 0.69 ptm 0.88 i_ptm 0.81 rg 0.67
126 models [4] recycles 3 hard 1 soft 0 temp 1 loss 6.52 helix 3.47 pae 0.63 i_pae 0.64 con 3.24 i_con 4.02 plddt 0.39 ptm 0.75 i_ptm 0.22 rg -0.41
16 models [4] recycles 1 hard 0 soft 0.29 temp 1 loss 4.87 helix 1.18 pae 0.26 i_pae 0.28 con 1.95 i_con 3.08 plddt 0.82 ptm 0.82 i_ptm 0.61 rg 0.10
129 models [2] recycles 1 hard 1 soft 0 temp 1 loss 2.35 helix 1.84 pae 0.13 i_pae 0.09 con 1.42 i_con 1.39 plddt 0.94 ptm 0.92 i_ptm 0.90 rg 0.06
139 models [2] recycles 1 hard 1 soft 0 temp 1 loss 7.38 helix 1.06 pae 0.63 i_pae 0.68 con 3.10 i_con 4.19 plddt 0.48 ptm 0.70 i_ptm 0.19 rg 0.00
29 models [0] recycles 1 hard 0 soft 0.52 temp 1 loss 3.89 helix 1.66 pae 0.18 i_pae 0.14 con 2.00 i_con 1.89 plddt 0.87 ptm 0.90 i_ptm 0.83 rg 1.33
84 models [4] recycles 1 hard 0 soft 1 temp 0.64 loss 3.16 helix 1.63 pae 0.14 i_pae 0.11 con 1.57 i_con 1.80 plddt 0.93 ptm 0.91 i_ptm 0.87 rg 0.67
130 models [2] recycles 1 hard 1 soft 0 temp 1 loss 2.54 helix 1.83 pae 0.13 i_pae 0.09 con 1.55 i_con 1.46 plddt 0.93 ptm 0.92 i_ptm 0.89 rg 0.06
127 models [1] recycles 3 hard 1 soft 0 temp 1 loss 2.29 helix 5.19 pae 0.17 i_pae 0.14 con 1.60 i_con 2.01 plddt 0.89 ptm 0.91 i_ptm 0.82 rg 0.47
140 models [2] recycles 1 hard 1 soft 0 temp 1 loss 7.58 helix 1.09 pae 0.64 i_pae 0.70 con 3.11 i_con 4.40 plddt 0.48 ptm 0.70 i_ptm 0.18 rg -0.06
Trajectory successful, final pLDDT: 0.77
Starting trajectory took: 0 hours, 13 minutes, 21 seconds

131 models [4] recycles 1 hard 1 soft 0 temp 1 loss 4.26 helix 1.33 pae 0.20 i_pae 0.16 con 2.31 i_con 2.17 plddt 0.77 ptm 0.89 i_ptm 0.78 rg 0.16
17 models [3] recycles 1 hard 0 soft 0.31 temp 1 loss 4.24 helix 1.31 pae 0.19 i_pae 0.20 con 1.85 i_con 2.61 plddt 0.86 ptm 0.88 i_ptm 0.77 rg 0.19
30 models [1] recycles 1 hard 0 soft 0.54 temp 1 loss 4.05 helix 1.76 pae 0.18 i_pae 0.16 con 1.92 i_con 2.18 plddt 0.86 ptm 0.89 i_ptm 0.79 rg 1.24
85 models [4] recycles 1 hard 0 soft 1 temp 0.61 loss 3.46 helix 1.51 pae 0.16 i_pae 0.14 con 1.57 i_con 2.10 plddt 0.92 ptm 0.91 i_ptm 0.84 rg 0.49
128 models [4] recycles 3 hard 1 soft 0 temp 1 loss 6.32 helix 3.65 pae 0.63 i_pae 0.64 con 3.02 i_con 4.02 plddt 0.42 ptm 0.75 i_ptm 0.21 rg -0.12
132 models [2] recycles 1 hard 1 soft 0 temp 1 loss 2.58 helix 1.81 pae 0.13 i_pae 0.09 con 1.54 i_con 1.48 plddt 0.93 ptm 0.92 i_ptm 0.89 rg 0.08
133 models [1] recycles 1 hard 1 soft 0 temp 1 loss 2.41 helix 1.77 pae 0.12 i_pae 0.09 con 1.48 i_con 1.37 plddt 0.94 ptm 0.93 i_ptm 0.90 rg 0.08
18 models [3] recycles 1 hard 0 soft 0.32 temp 1 loss 4.72 helix 1.19 pae 0.23 i_pae 0.23 con 2.01 i_con 2.89 plddt 0.83 ptm 0.85 i_ptm 0.68 rg 0.08
129 models [4] recycles 3 hard 1 soft 0 temp 1 loss 7.01 helix 3.14 pae 0.65 i_pae 0.65 con 3.53 i_con 4.08 plddt 0.35 ptm 0.75 i_ptm 0.21 rg -0.3031 models [2] recycles 1 hard 0 soft 0.56 temp 1 loss 3.56 helix 1.74 pae 0.16 i_pae 0.12 con 1.93 i_con 1.68 plddt 0.90 ptm 0.91 i_ptm 0.86 rg 1.28

86 models [3] recycles 1 hard 0 soft 1 temp 0.58 loss 3.54 helix 1.46 pae 0.16 i_pae 0.14 con 1.59 i_con 2.11 plddt 0.91 ptm 0.90 i_ptm 0.83 rg 0.59
134 models [1] recycles 1 hard 1 soft 0 temp 1 loss 4.77 helix 1.24 pae 0.24 i_pae 0.22 con 2.15 i_con 2.78 plddt 0.75 ptm 0.86 i_ptm 0.70 rg 0.17
130 models [2] recycles 3 hard 1 soft 0 temp 1 loss 6.90 helix 3.41 pae 0.66 i_pae 0.69 con 3.28 i_con 4.37 plddt 0.41 ptm 0.74 i_ptm 0.19 rg -0.55
135 models [1] recycles 1 hard 1 soft 0 temp 1 loss 6.89 helix 1.21 pae 0.59 i_pae 0.61 con 2.87 i_con 4.01 plddt 0.49 ptm 0.71 i_ptm 0.24 rg -0.00
32 models [3] recycles 1 hard 0 soft 0.58 temp 1 loss 3.54 helix 1.76 pae 0.16 i_pae 0.12 con 1.91 i_con 1.67 plddt 0.89 ptm 0.91 i_ptm 0.86 rg 1.34
19 models [2] recycles 1 hard 0 soft 0.34 temp 1 loss 4.25 helix 1.32 pae 0.20 i_pae 0.19 con 1.88 i_con 2.61 plddt 0.86 ptm 0.87 i_ptm 0.77 rg 0.12
87 models [2] recycles 1 hard 0 soft 1 temp 0.54 loss 3.08 helix 1.50 pae 0.14 i_pae 0.11 con 1.56 i_con 1.72 plddt 0.93 ptm 0.91 i_ptm 0.88 rg 0.55
Unmet filter conditions for egfr_l64_s902794_mpnn1
136 models [3] recycles 1 hard 1 soft 0 temp 1 loss 7.11 helix 1.37 pae 0.59 i_pae 0.63 con 2.87 i_con 4.16 plddt 0.48 ptm 0.71 i_ptm 0.23 rg 0.34
131 models [1] recycles 3 hard 1 soft 0 temp 1 loss 6.99 helix 3.34 pae 0.65 i_pae 0.66 con 3.50 i_con 4.15 plddt 0.37 ptm 0.75 i_ptm 0.21 rg -0.27
137 models [4] recycles 1 hard 1 soft 0 temp 1 loss 7.14 helix 1.23 pae 0.61 i_pae 0.62 con 2.98 i_con 4.06 plddt 0.45 ptm 0.70 i_ptm 0.22 rg 0.23
33 models [4] recycles 1 hard 0 soft 0.59 temp 1 loss 4.41 helix 1.43 pae 0.21 i_pae 0.17 con 2.29 i_con 2.07 plddt 0.82 ptm 0.88 i_ptm 0.78 rg 1.21
88 models [4] recycles 1 hard 0 soft 1 temp 0.51 loss 3.20 helix 1.60 pae 0.14 i_pae 0.12 con 1.48 i_con 1.96 plddt 0.93 ptm 0.91 i_ptm 0.86 rg 0.56
20 models [2] recycles 1 hard 0 soft 0.36 temp 1 loss 4.85 helix 1.20 pae 0.25 i_pae 0.26 con 2.00 i_con 3.02 plddt 0.83 ptm 0.84 i_ptm 0.66 rg 0.11
132 models [2] recycles 3 hard 1 soft 0 temp 1 loss 6.63 helix 3.60 pae 0.66 i_pae 0.68 con 3.09 i_con 4.31 plddt 0.43 ptm 0.74 i_ptm 0.18 rg -0.43138 models [4] recycles 1 hard 1 soft 0 temp 1 loss 7.06 helix 1.31 pae 0.60 i_pae 0.62 con 3.01 i_con 4.00 plddt 0.45 ptm 0.71 i_ptm 0.23 rg 0.16

34 models [3] recycles 1 hard 0 soft 0.61 temp 1 loss 3.58 helix 1.73 pae 0.16 i_pae 0.13 con 1.88 i_con 1.74 plddt 0.89 ptm 0.91 i_ptm 0.86 rg 1.26
139 models [1] recycles 1 hard 1 soft 0 temp 1 loss 7.23 helix 1.34 pae 0.61 i_pae 0.66 con 2.88 i_con 4.18 plddt 0.49 ptm 0.70 i_ptm 0.22 rg 0.60
89 models [1] recycles 1 hard 0 soft 1 temp 0.48 loss 3.00 helix 1.54 pae 0.14 i_pae 0.11 con 1.49 i_con 1.74 plddt 0.93 ptm 0.92 i_ptm 0.88 rg 0.50
133 models [2] recycles 3 hard 1 soft 0 temp 1 loss 6.90 helix 3.59 pae 0.68 i_pae 0.70 con 3.25 i_con 4.37 plddt 0.39 ptm 0.74 i_ptm 0.17 rg -0.28
21 models [4] recycles 1 hard 0 soft 0.38 temp 1 loss 4.44 helix 1.37 pae 0.21 i_pae 0.21 con 1.90 i_con 2.80 plddt 0.84 ptm 0.86 i_ptm 0.72 rg 0.07
140 models [2] recycles 1 hard 1 soft 0 temp 1 loss 7.69 helix 1.15 pae 0.61 i_pae 0.62 con 3.56 i_con 4.03 plddt 0.43 ptm 0.71 i_ptm 0.23 rg 0.12
Trajectory successful, final pLDDT: 0.96
Starting trajectory took: 0 hours, 13 minutes, 46 seconds

35 models [1] recycles 1 hard 0 soft 0.63 temp 1 loss 3.51 helix 1.78 pae 0.16 i_pae 0.12 con 1.83 i_con 1.76 plddt 0.89 ptm 0.91 i_ptm 0.85 rg 1.21
90 models [3] recycles 1 hard 0 soft 1 temp 0.45 loss 3.12 helix 1.52 pae 0.14 i_pae 0.12 con 1.50 i_con 1.82 plddt 0.93 ptm 0.92 i_ptm 0.88 rg 0.56
134 models [4] recycles 3 hard 1 soft 0 temp 1 loss 7.06 helix 3.04 pae 0.65 i_pae 0.64 con 3.59 i_con 3.99 plddt 0.34 ptm 0.75 i_ptm 0.22 rg -0.12
22 models [0] recycles 1 hard 0 soft 0.40 temp 1 loss 3.90 helix 1.48 pae 0.17 i_pae 0.17 con 1.78 i_con 2.39 plddt 0.88 ptm 0.89 i_ptm 0.83 rg 0.24
135 models [4] recycles 3 hard 1 soft 0 temp 1 loss 6.95 helix 2.96 pae 0.64 i_pae 0.63 con 3.51 i_con 3.97 plddt 0.36 ptm 0.75 i_ptm 0.23 rg -0.22
36 models [3] recycles 1 hard 0 soft 0.65 temp 1 loss 3.52 helix 1.74 pae 0.16 i_pae 0.12 con 1.85 i_con 1.73 plddt 0.90 ptm 0.91 i_ptm 0.86 rg 1.26
91 models [1] recycles 1 hard 0 soft 1 temp 0.42 loss 2.94 helix 1.55 pae 0.13 i_pae 0.11 con 1.48 i_con 1.70 plddt 0.93 ptm 0.92 i_ptm 0.88 rg 0.49
23 models [2] recycles 1 hard 0 soft 0.41 temp 1 loss 3.73 helix 1.58 pae 0.17 i_pae 0.17 con 1.64 i_con 2.44 plddt 0.90 ptm 0.89 i_ptm 0.81 rg 0.07
136 models [0] recycles 3 hard 1 soft 0 temp 1 loss 7.09 helix 3.29 pae 0.67 i_pae 0.68 con 3.47 i_con 4.24 plddt 0.36 ptm 0.75 i_ptm 0.19 rg -0.24
37 models [1] recycles 1 hard 0 soft 0.67 temp 1 loss 3.47 helix 1.76 pae 0.15 i_pae 0.12 con 1.77 i_con 1.77 plddt 0.91 ptm 0.91 i_ptm 0.86 rg 1.2692 models [2] recycles 1 hard 0 soft 1 temp 0.39 loss 3.27 helix 1.56 pae 0.15 i_pae 0.12 con 1.55 i_con 1.93 plddt 0.93 ptm 0.91 i_ptm 0.86 rg 0.55

137 models [3] recycles 3 hard 1 soft 0 temp 1 loss 7.00 helix 3.16 pae 0.65 i_pae 0.64 con 3.50 i_con 4.10 plddt 0.36 ptm 0.75 i_ptm 0.22 rg -0.27
24 models [0] recycles 1 hard 0 soft 0.43 temp 1 loss 3.78 helix 1.39 pae 0.17 i_pae 0.17 con 1.65 i_con 2.40 plddt 0.89 ptm 0.89 i_ptm 0.83 rg 0.11
38 models [2] recycles 1 hard 0 soft 0.68 temp 1 loss 3.66 helix 1.65 pae 0.17 i_pae 0.13 con 1.94 i_con 1.74 plddt 0.89 ptm 0.91 i_ptm 0.86 rg 1.25
93 models [1] recycles 1 hard 0 soft 1 temp 0.37 loss 3.15 helix 1.51 pae 0.15 i_pae 0.13 con 1.58 i_con 1.77 plddt 0.91 ptm 0.91 i_ptm 0.87 rg 0.55
138 models [3] recycles 3 hard 1 soft 0 temp 1 loss 6.99 helix 3.13 pae 0.65 i_pae 0.64 con 3.51 i_con 4.08 plddt 0.35 ptm 0.75 i_ptm 0.22 rg -0.30
25 models [2] recycles 1 hard 0 soft 0.45 temp 1 loss 7.24 helix 0.96 pae 0.62 i_pae 0.64 con 3.29 i_con 3.96 plddt 0.45 ptm 0.70 i_ptm 0.23 rg -0.44
94 models [0] recycles 1 hard 0 soft 1 temp 0.34 loss 2.90 helix 1.55 pae 0.14 i_pae 0.11 con 1.46 i_con 1.67 plddt 0.93 ptm 0.92 i_ptm 0.88 rg 0.49
39 models [0] recycles 1 hard 0 soft 0.70 temp 1 loss 3.52 helix 1.69 pae 0.15 i_pae 0.12 con 1.75 i_con 1.80 plddt 0.91 ptm 0.91 i_ptm 0.86 rg 1.30
139 models [4] recycles 3 hard 1 soft 0 temp 1 loss 6.89 helix 3.17 pae 0.64 i_pae 0.63 con 3.49 i_con 3.96 plddt 0.35 ptm 0.75 i_ptm 0.22 rg -0.13
Unmet filter conditions for egfr_l67_s528267_mpnn1
95 models [4] recycles 1 hard 0 soft 1 temp 0.32 loss 3.05 helix 1.60 pae 0.14 i_pae 0.12 con 1.46 i_con 1.82 plddt 0.93 ptm 0.91 i_ptm 0.87 rg 0.5540 models [2] recycles 1 hard 0 soft 0.72 temp 1 loss 3.35 helix 1.78 pae 0.15 i_pae 0.11 con 1.76 i_con 1.64 plddt 0.92 ptm 0.91 i_ptm 0.87 rg 1.32
26 models [0] recycles 1 hard 0 soft 0.47 temp 1 loss 4.17 helix 1.38 pae 0.20 i_pae 0.21 con 1.87 i_con 2.55 plddt 0.85 ptm 0.86 i_ptm 0.74 rg 0.09

140 models [1] recycles 3 hard 1 soft 0 temp 1 loss 6.75 helix 3.20 pae 0.63 i_pae 0.64 con 3.45 i_con 3.97 plddt 0.38 ptm 0.76 i_ptm 0.23 rg -0.40
Trajectory successful, final pLDDT: 0.89
Starting trajectory took: 0 hours, 14 minutes, 13 seconds

96 models [2] recycles 1 hard 0 soft 1 temp 0.29 loss 3.14 helix 1.58 pae 0.15 i_pae 0.12 con 1.53 i_con 1.83 plddt 0.93 ptm 0.91 i_ptm 0.87 rg 0.5741 models [4] recycles 1 hard 0 soft 0.74 temp 1 loss 3.43 helix 1.73 pae 0.15 i_pae 0.11 con 1.75 i_con 1.71 plddt 0.91 ptm 0.92 i_ptm 0.88 rg 1.35

27 models [1] recycles 1 hard 0 soft 0.49 temp 1 loss 7.41 helix 0.90 pae 0.62 i_pae 0.66 con 3.30 i_con 3.94 plddt 0.47 ptm 0.70 i_ptm 0.22 rg 0.14
Fixing interface residues: B9,B13,B21,B22,B23,B24,B25,B27,B28,B29,B31,B32,B35,B36,B39,B40,B43,B44,B47,B49,B52,B53,B55,B56,B59,B60,B62,B63,B67,B68
97 models [0] recycles 1 hard 0 soft 1 temp 0.27 loss 2.88 helix 1.60 pae 0.13 i_pae 0.11 con 1.47 i_con 1.66 plddt 0.93 ptm 0.92 i_ptm 0.88 rg 0.49
42 models [3] recycles 1 hard 0 soft 0.76 temp 1 loss 3.34 helix 1.92 pae 0.14 i_pae 0.11 con 1.69 i_con 1.76 plddt 0.92 ptm 0.91 i_ptm 0.88 rg 1.30
28 models [4] recycles 1 hard 0 soft 0.50 temp 1 loss 7.30 helix 0.93 pae 0.63 i_pae 0.65 con 3.26 i_con 3.91 plddt 0.46 ptm 0.70 i_ptm 0.22 rg -0.02
98 models [4] recycles 1 hard 0 soft 1 temp 0.25 loss 2.93 helix 1.65 pae 0.13 i_pae 0.11 con 1.48 i_con 1.71 plddt 0.94 ptm 0.92 i_ptm 0.88 rg 0.54
43 models [4] recycles 1 hard 0 soft 0.77 temp 1 loss 3.59 helix 1.70 pae 0.15 i_pae 0.13 con 1.76 i_con 1.86 plddt 0.91 ptm 0.91 i_ptm 0.85 rg 1.27
29 models [2] recycles 1 hard 0 soft 0.52 temp 1 loss 7.17 helix 1.02 pae 0.63 i_pae 0.66 con 3.02 i_con 4.09 plddt 0.51 ptm 0.69 i_ptm 0.20 rg -0.14
99 models [0] recycles 1 hard 0 soft 1 temp 0.23 loss 2.82 helix 1.63 pae 0.13 i_pae 0.11 con 1.46 i_con 1.62 plddt 0.94 ptm 0.92 i_ptm 0.88 rg 0.49
44 models [1] recycles 1 hard 0 soft 0.79 temp 1 loss 3.57 helix 1.74 pae 0.15 i_pae 0.12 con 1.80 i_con 1.83 plddt 0.90 ptm 0.91 i_ptm 0.85 rg 1.23
30 models [3] recycles 1 hard 0 soft 0.54 temp 1 loss 6.93 helix 0.91 pae 0.56 i_pae 0.59 con 3.05 i_con 3.75 plddt 0.52 ptm 0.72 i_ptm 0.27 rg 0.10
100 models [4] recycles 1 hard 0 soft 1 temp 0.21 loss 3.02 helix 1.61 pae 0.14 i_pae 0.11 con 1.53 i_con 1.72 plddt 0.93 ptm 0.92 i_ptm 0.88 rg 0.56
45 models [4] recycles 1 hard 0 soft 0.81 temp 1 loss 3.59 helix 1.66 pae 0.16 i_pae 0.13 con 1.92 i_con 1.69 plddt 0.89 ptm 0.91 i_ptm 0.86 rg 1.26
31 models [3] recycles 1 hard 0 soft 0.56 temp 1 loss 6.46 helix 0.98 pae 0.47 i_pae 0.52 con 2.64 i_con 3.58 plddt 0.65 ptm 0.73 i_ptm 0.33 rg 0.76
101 models [4] recycles 1 hard 0 soft 1 temp 0.19 loss 3.12 helix 1.58 pae 0.14 i_pae 0.12 con 1.60 i_con 1.75 plddt 0.92 ptm 0.92 i_ptm 0.87 rg 0.52
46 models [3] recycles 1 hard 0 soft 0.83 temp 1 loss 3.33 helix 1.86 pae 0.14 i_pae 0.11 con 1.76 i_con 1.65 plddt 0.92 ptm 0.92 i_ptm 0.88 rg 1.30
32 models [2] recycles 1 hard 0 soft 0.58 temp 1 loss 5.83 helix 1.05 pae 0.39 i_pae 0.44 con 2.33 i_con 3.37 plddt 0.73 ptm 0.76 i_ptm 0.43 rg 0.63
102 models [0] recycles 1 hard 0 soft 1 temp 0.17 loss 2.91 helix 1.58 pae 0.14 i_pae 0.11 con 1.48 i_con 1.65 plddt 0.93 ptm 0.92 i_ptm 0.88 rg 0.56
47 models [4] recycles 1 hard 0 soft 0.85 temp 1 loss 4.09 helix 1.66 pae 0.19 i_pae 0.17 con 1.77 i_con 2.32 plddt 0.87 ptm 0.88 i_ptm 0.77 rg 1.26
Fixing interface residues: B11,B12,B15,B16,B19,B20,B22,B24,B26,B27,B29,B30,B32,B33,B34,B36,B37,B38,B40,B41,B42,B47,B48,B49
Unmet filter conditions for egfr_l74_s655438_mpnn1
103 models [1] recycles 1 hard 0 soft 1 temp 0.15 loss 2.93 helix 1.43 pae 0.14 i_pae 0.11 con 1.54 i_con 1.58 plddt 0.93 ptm 0.92 i_ptm 0.88 rg 0.54
33 models [0] recycles 1 hard 0 soft 0.59 temp 1 loss 5.19 helix 1.24 pae 0.27 i_pae 0.29 con 2.14 i_con 3.00 plddt 0.79 ptm 0.83 i_ptm 0.62 rg 0.85
48 models [0] recycles 1 hard 0 soft 0.86 temp 1 loss 3.71 helix 1.78 pae 0.16 i_pae 0.13 con 1.77 i_con 1.99 plddt 0.90 ptm 0.90 i_ptm 0.84 rg 1.31
104 models [2] recycles 1 hard 0 soft 1 temp 0.14 loss 3.56 helix 1.49 pae 0.15 i_pae 0.14 con 1.71 i_con 2.01 plddt 0.91 ptm 0.90 i_ptm 0.85 rg 0.63
49 models [4] recycles 1 hard 0 soft 0.88 temp 1 loss 4.32 helix 1.48 pae 0.22 i_pae 0.18 con 2.16 i_con 2.13 plddt 0.83 ptm 0.88 i_ptm 0.75 rg 1.13
34 models [2] recycles 1 hard 0 soft 0.61 temp 1 loss 4.68 helix 1.25 pae 0.25 i_pae 0.26 con 2.08 i_con 2.58 plddt 0.83 ptm 0.84 i_ptm 0.66 rg 0.78
105 models [3] recycles 1 hard 0 soft 1 temp 0.12 loss 2.99 helix 1.52 pae 0.14 i_pae 0.12 con 1.57 i_con 1.63 plddt 0.93 ptm 0.92 i_ptm 0.88 rg 0.56
50 models [0] recycles 1 hard 0 soft 0.90 temp 1 loss 3.88 helix 1.63 pae 0.18 i_pae 0.15 con 1.89 i_con 2.00 plddt 0.88 ptm 0.90 i_ptm 0.82 rg 1.24
Initial trajectory pLDDT good, continuing: 0.92
Stage 1: Additional Logits Optimisation
35 models [0] recycles 1 hard 0 soft 0.63 temp 1 loss 3.75 helix 1.31 pae 0.18 i_pae 0.17 con 1.83 i_con 1.96 plddt 0.88 ptm 0.88 i_ptm 0.81 rg 0.79
Fixing interface residues: B3,B5,B6,B7,B8,B9,B10,B11,B14,B15,B17,B18,B19,B21,B22,B23,B24,B25,B26,B49,B50,B51,B60,B63,B65
egfr_l64_s902794_mpnn2 passed all filters
106 models [4] recycles 1 hard 0 soft 1 temp 0.11 loss 2.93 helix 1.64 pae 0.13 i_pae 0.11 con 1.44 i_con 1.75 plddt 0.94 ptm 0.92 i_ptm 0.88 rg 0.53
51 models [0] recycles 1 hard 0 soft 0.04 temp 1 loss 10.48 helix 1.78 pae 0.91 i_pae 0.97 con 4.36 i_con 5.23 plddt 0.27 ptm 0.66 i_ptm 0.06 rg 2.82
36 models [0] recycles 1 hard 0 soft 0.65 temp 1 loss 4.17 helix 1.23 pae 0.19 i_pae 0.19 con 1.97 i_con 2.24 plddt 0.84 ptm 0.88 i_ptm 0.77 rg 0.72
107 models [3] recycles 1 hard 0 soft 1 temp 0.09 loss 2.86 helix 1.63 pae 0.14 i_pae 0.11 con 1.48 i_con 1.61 plddt 0.93 ptm 0.92 i_ptm 0.89 rg 0.60
52 models [2] recycles 1 hard 0 soft 0.08 temp 1 loss 0.69 helix 4.29 pae 0.54 i_pae 0.54 con 1.53 i_con 0.38 plddt 0.36 ptm 0.52 i_ptm 0.58 rg -0.98
37 models [3] recycles 1 hard 0 soft 0.67 temp 1 loss 3.86 helix 1.34 pae 0.18 i_pae 0.17 con 1.80 i_con 2.10 plddt 0.89 ptm 0.88 i_ptm 0.79 rg 0.87
108 models [3] recycles 1 hard 0 soft 1 temp 0.08 loss 2.74 helix 1.72 pae 0.13 i_pae 0.10 con 1.40 i_con 1.61 plddt 0.94 ptm 0.93 i_ptm 0.90 rg 0.55
53 models [1] recycles 1 hard 0 soft 0.12 temp 1 loss 3.63 helix 1.98 pae 0.15 i_pae 0.13 con 1.66 i_con 2.11 plddt 0.89 ptm 0.90 i_ptm 0.83 rg 1.21
38 models [0] recycles 1 hard 0 soft 0.68 temp 1 loss 5.91 helix 1.11 pae 0.44 i_pae 0.52 con 2.16 i_con 3.63 plddt 0.74 ptm 0.74 i_ptm 0.35 rg 0.57
109 models [3] recycles 1 hard 0 soft 1 temp 0.07 loss 2.71 helix 1.73 pae 0.13 i_pae 0.10 con 1.42 i_con 1.57 plddt 0.94 ptm 0.92 i_ptm 0.89 rg 0.55
54 models [3] recycles 1 hard 0 soft 0.16 temp 1 loss 8.74 helix 2.80 pae 0.88 i_pae 0.93 con 4.20 i_con 4.96 plddt 0.17 ptm 0.22 i_ptm 0.20 rg -0.50
110 models [0] recycles 1 hard 0 soft 1 temp 0.06 loss 2.88 helix 1.53 pae 0.13 i_pae 0.11 con 1.46 i_con 1.65 plddt 0.94 ptm 0.92 i_ptm 0.88 rg 0.53
39 models [3] recycles 1 hard 0 soft 0.70 temp 1 loss 3.96 helix 1.25 pae 0.19 i_pae 0.18 con 1.99 i_con 1.96 plddt 0.86 ptm 0.88 i_ptm 0.80 rg 0.87
55 models [0] recycles 1 hard 0 soft 0.20 temp 1 loss 8.33 helix 1.36 pae 0.76 i_pae 0.74 con 4.16 i_con 4.19 plddt 0.30 ptm 0.71 i_ptm 0.16 rg -0.34
111 models [3] recycles 1 hard 0 soft 1 temp 0.05 loss 3.03 helix 1.57 pae 0.14 i_pae 0.11 con 1.50 i_con 1.76 plddt 0.93 ptm 0.92 i_ptm 0.88 rg 0.56
Unmet filter conditions for egfr_l75_s674224_mpnn1
40 models [2] recycles 1 hard 0 soft 0.72 temp 1 loss 3.79 helix 1.20 pae 0.19 i_pae 0.18 con 1.98 i_con 1.81 plddt 0.86 ptm 0.88 i_ptm 0.82 rg 0.80
Base AF2 filters not passed for egfr_l93_s713816_mpnn1, skipping interface scoring
56 models [2] recycles 1 hard 0 soft 0.24 temp 1 loss 4.96 helix 4.07 pae 0.61 i_pae 0.62 con 2.46 i_con 3.62 plddt 0.28 ptm 0.33 i_ptm 0.47 rg -1.00
112 models [1] recycles 1 hard 0 soft 1 temp 0.04 loss 2.82 helix 1.56 pae 0.14 i_pae 0.11 con 1.46 i_con 1.58 plddt 0.93 ptm 0.92 i_ptm 0.89 rg 0.56
57 models [0] recycles 1 hard 0 soft 0.28 temp 1 loss 8.48 helix 1.50 pae 0.72 i_pae 0.69 con 4.11 i_con 4.09 plddt 0.32 ptm 0.71 i_ptm 0.18 rg 0.89
41 models [2] recycles 1 hard 0 soft 0.74 temp 1 loss 6.45 helix 0.93 pae 0.48 i_pae 0.50 con 2.99 i_con 3.54 plddt 0.60 ptm 0.75 i_ptm 0.37 rg -0.39
113 models [3] recycles 1 hard 0 soft 1 temp 0.03 loss 2.88 helix 1.66 pae 0.14 i_pae 0.11 con 1.48 i_con 1.63 plddt 0.93 ptm 0.92 i_ptm 0.88 rg 0.64
58 models [0] recycles 1 hard 0 soft 0.32 temp 1 loss 8.21 helix 1.42 pae 0.76 i_pae 0.76 con 4.17 i_con 4.24 plddt 0.30 ptm 0.70 i_ptm 0.15 rg -0.90
Base AF2 filters not passed for egfr_l93_s713816_mpnn2, skipping interface scoring
42 models [3] recycles 1 hard 0 soft 0.76 temp 1 loss 3.31 helix 1.48 pae 0.16 i_pae 0.14 con 1.69 i_con 1.74 plddt 0.90 ptm 0.90 i_ptm 0.86 rg 0.77
114 models [3] recycles 1 hard 0 soft 1 temp 0.03 loss 2.81 helix 1.68 pae 0.14 i_pae 0.11 con 1.42 i_con 1.64 plddt 0.94 ptm 0.92 i_ptm 0.88 rg 0.58
59 models [1] recycles 1 hard 0 soft 0.36 temp 1 loss 7.53 helix 1.38 pae 0.66 i_pae 0.71 con 3.18 i_con 4.17 plddt 0.47 ptm 0.71 i_ptm 0.17 rg 0.56
43 models [0] recycles 1 hard 0 soft 0.77 temp 1 loss 3.60 helix 1.39 pae 0.17 i_pae 0.16 con 1.79 i_con 1.88 plddt 0.89 ptm 0.89 i_ptm 0.82 rg 0.83
115 models [0] recycles 1 hard 0 soft 1 temp 0.02 loss 2.96 helix 1.60 pae 0.14 i_pae 0.11 con 1.47 i_con 1.73 plddt 0.93 ptm 0.92 i_ptm 0.88 rg 0.53
60 models [3] recycles 1 hard 0 soft 0.40 temp 1 loss 8.11 helix 3.36 pae 0.87 i_pae 0.85 con 4.19 i_con 4.44 plddt 0.17 ptm 0.16 i_ptm 0.14 rg -0.25
Base AF2 filters not passed for egfr_l93_s713816_mpnn3, skipping interface scoring
Unmet filter conditions for egfr_l67_s528267_mpnn2
44 models [1] recycles 1 hard 0 soft 0.79 temp 1 loss 3.81 helix 1.26 pae 0.19 i_pae 0.17 con 1.97 i_con 1.88 plddt 0.86 ptm 0.89 i_ptm 0.83 rg 0.75
116 models [1] recycles 1 hard 0 soft 1 temp 0.02 loss 2.84 helix 1.59 pae 0.13 i_pae 0.11 con 1.43 i_con 1.65 plddt 0.94 ptm 0.92 i_ptm 0.89 rg 0.52
61 models [4] recycles 1 hard 0 soft 0.44 temp 1 loss 10.37 helix 1.84 pae 0.89 i_pae 0.93 con 4.38 i_con 5.19 plddt 0.21 ptm 0.67 i_ptm 0.07 rg 2.60
117 models [0] recycles 1 hard 0 soft 1 temp 0.01 loss 2.89 helix 1.58 pae 0.14 i_pae 0.11 con 1.45 i_con 1.67 plddt 0.93 ptm 0.92 i_ptm 0.88 rg 0.53
45 models [4] recycles 1 hard 0 soft 0.81 temp 1 loss 3.26 helix 1.55 pae 0.16 i_pae 0.15 con 1.59 i_con 1.78 plddt 0.92 ptm 0.89 i_ptm 0.84 rg 0.88
62 models [3] recycles 1 hard 0 soft 0.48 temp 1 loss 3.18 helix 1.91 pae 0.15 i_pae 0.11 con 1.60 i_con 1.66 plddt 0.92 ptm 0.91 i_ptm 0.86 rg 1.35
118 models [3] recycles 1 hard 0 soft 1 temp 0.01 loss 2.82 helix 1.61 pae 0.14 i_pae 0.11 con 1.46 i_con 1.59 plddt 0.93 ptm 0.92 i_ptm 0.89 rg 0.58
46 models [1] recycles 1 hard 0 soft 0.83 temp 1 loss 3.33 helix 1.44 pae 0.16 i_pae 0.14 con 1.72 i_con 1.70 plddt 0.90 ptm 0.90 i_ptm 0.86 rg 0.83
63 models [2] recycles 1 hard 0 soft 0.52 temp 1 loss 3.38 helix 1.83 pae 0.15 i_pae 0.12 con 1.65 i_con 1.80 plddt 0.92 ptm 0.90 i_ptm 0.86 rg 1.31
119 models [3] recycles 1 hard 0 soft 1 temp 0.01 loss 2.89 helix 1.66 pae 0.14 i_pae 0.11 con 1.47 i_con 1.66 plddt 0.93 ptm 0.92 i_ptm 0.88 rg 0.59
47 models [4] recycles 1 hard 0 soft 0.85 temp 1 loss 3.07 helix 1.60 pae 0.14 i_pae 0.12 con 1.57 i_con 1.65 plddt 0.93 ptm 0.91 i_ptm 0.87 rg 0.84
64 models [1] recycles 1 hard 0 soft 0.56 temp 1 loss 3.31 helix 1.77 pae 0.14 i_pae 0.11 con 1.62 i_con 1.75 plddt 0.92 ptm 0.91 i_ptm 0.87 rg 1.28
120 models [2] recycles 1 hard 0 soft 1 temp 0.01 loss 3.12 helix 1.60 pae 0.14 i_pae 0.11 con 1.51 i_con 1.82 plddt 0.93 ptm 0.91 i_ptm 0.87 rg 0.61
Softmax trajectory pLDDT good, continuing: 0.94
Stage 3: One-hot Optimisation
65 models [1] recycles 1 hard 0 soft 0.60 temp 1 loss 3.19 helix 1.88 pae 0.14 i_pae 0.11 con 1.58 i_con 1.72 plddt 0.92 ptm 0.91 i_ptm 0.88 rg 1.2848 models [1] recycles 1 hard 0 soft 0.86 temp 1 loss 3.14 helix 1.57 pae 0.14 i_pae 0.13 con 1.53 i_con 1.77 plddt 0.93 ptm 0.90 i_ptm 0.85 rg 0.76

121 models [0] recycles 1 hard 1 soft 1 temp 0.01 loss 2.81 helix 1.66 pae 0.13 i_pae 0.10 con 1.43 i_con 1.63 plddt 0.94 ptm 0.92 i_ptm 0.89 rg 0.58
66 models [2] recycles 1 hard 0 soft 0.64 temp 1 loss 11.86 helix 2.38 pae 0.86 i_pae 0.94 con 4.49 i_con 4.98 plddt 0.20 ptm 0.11 i_ptm 0.10 rg 8.47
49 models [1] recycles 1 hard 0 soft 0.88 temp 1 loss 6.87 helix 0.84 pae 0.51 i_pae 0.52 con 3.22 i_con 3.58 plddt 0.54 ptm 0.74 i_ptm 0.35 rg -0.04
122 models [3] recycles 1 hard 1 soft 1 temp 0.01 loss 2.77 helix 1.71 pae 0.13 i_pae 0.10 con 1.42 i_con 1.61 plddt 0.94 ptm 0.93 i_ptm 0.90 rg 0.60
67 models [1] recycles 1 hard 0 soft 0.68 temp 1 loss 3.30 helix 1.91 pae 0.14 i_pae 0.11 con 1.56 i_con 1.86 plddt 0.93 ptm 0.91 i_ptm 0.87 rg 1.22
50 models [0] recycles 1 hard 0 soft 0.90 temp 1 loss 6.23 helix 0.86 pae 0.42 i_pae 0.41 con 3.01 i_con 3.24 plddt 0.59 ptm 0.78 i_ptm 0.46 rg -0.12
Initial trajectory pLDDT good, continuing: 0.93
Stage 1: Additional Logits Optimisation
123 models [2] recycles 1 hard 1 soft 1 temp 0.01 loss 3.04 helix 1.65 pae 0.14 i_pae 0.11 con 1.48 i_con 1.77 plddt 0.93 ptm 0.92 i_ptm 0.88 rg 0.66
68 models [2] recycles 1 hard 0 soft 0.72 temp 1 loss 3.33 helix 1.78 pae 0.15 i_pae 0.12 con 1.67 i_con 1.72 plddt 0.92 ptm 0.91 i_ptm 0.87 rg 1.26
124 models [0] recycles 1 hard 1 soft 1 temp 0.01 loss 2.80 helix 1.66 pae 0.13 i_pae 0.10 con 1.42 i_con 1.63 plddt 0.94 ptm 0.92 i_ptm 0.89 rg 0.57
51 models [3] recycles 1 hard 0 soft 0.04 temp 1 loss 6.95 helix 0.93 pae 0.54 i_pae 0.56 con 3.05 i_con 3.74 plddt 0.53 ptm 0.74 i_ptm 0.31 rg 0.32
69 models [1] recycles 1 hard 0 soft 0.76 temp 1 loss 3.26 helix 1.85 pae 0.14 i_pae 0.11 con 1.61 i_con 1.75 plddt 0.92 ptm 0.91 i_ptm 0.87 rg 1.24
Unmet filter conditions for egfr_l74_s655438_mpnn2
125 models [1] recycles 1 hard 1 soft 1 temp 0.01 loss 2.69 helix 1.72 pae 0.12 i_pae 0.10 con 1.40 i_con 1.57 plddt 0.94 ptm 0.93 i_ptm 0.89 rg 0.56
One-hot trajectory pLDDT good, continuing: 0.94
Stage 4: PSSM Semigreedy Optimisation
52 models [1] recycles 1 hard 0 soft 0.08 temp 1 loss 3.26 helix 1.68 pae 0.14 i_pae 0.13 con 1.53 i_con 1.92 plddt 0.92 ptm 0.90 i_ptm 0.83 rg 0.77
Running semigreedy optimization...
70 models [1] recycles 1 hard 0 soft 0.80 temp 1 loss 3.08 helix 2.01 pae 0.13 i_pae 0.11 con 1.50 i_con 1.73 plddt 0.94 ptm 0.91 i_ptm 0.88 rg 1.26
126 models [3] recycles 1 hard 1 soft 0 temp 1 loss 2.73 helix 1.70 pae 0.13 i_pae 0.10 con 1.42 i_con 1.56 plddt 0.94 ptm 0.93 i_ptm 0.90 rg 0.60
127 models [0] recycles 1 hard 1 soft 0 temp 1 loss 2.78 helix 1.67 pae 0.13 i_pae 0.10 con 1.42 i_con 1.61 plddt 0.94 ptm 0.92 i_ptm 0.89 rg 0.59
53 models [2] recycles 1 hard 0 soft 0.12 temp 1 loss 3.14 helix 1.62 pae 0.15 i_pae 0.13 con 1.52 i_con 1.80 plddt 0.93 ptm 0.90 i_ptm 0.84 rg 0.74
71 models [1] recycles 1 hard 0 soft 0.84 temp 1 loss 4.03 helix 1.69 pae 0.18 i_pae 0.16 con 1.73 i_con 2.32 plddt 0.88 ptm 0.89 i_ptm 0.78 rg 1.26
Unmet filter conditions for egfr_l64_s902794_mpnn3
128 models [4] recycles 1 hard 1 soft 0 temp 1 loss 2.74 helix 1.71 pae 0.13 i_pae 0.10 con 1.43 i_con 1.58 plddt 0.94 ptm 0.92 i_ptm 0.89 rg 0.55
129 models [4] recycles 1 hard 1 soft 0 temp 1 loss 2.78 helix 1.72 pae 0.13 i_pae 0.10 con 1.48 i_con 1.57 plddt 0.93 ptm 0.92 i_ptm 0.89 rg 0.57
54 models [2] recycles 1 hard 0 soft 0.16 temp 1 loss 3.02 helix 1.69 pae 0.14 i_pae 0.12 con 1.52 i_con 1.69 plddt 0.93 ptm 0.90 i_ptm 0.87 rg 0.78
72 models [3] recycles 1 hard 0 soft 0.88 temp 1 loss 3.20 helix 1.91 pae 0.14 i_pae 0.11 con 1.67 i_con 1.61 plddt 0.92 ptm 0.92 i_ptm 0.88 rg 1.38
130 models [2] recycles 1 hard 1 soft 0 temp 1 loss 3.16 helix 1.59 pae 0.15 i_pae 0.12 con 1.67 i_con 1.69 plddt 0.91 ptm 0.92 i_ptm 0.87 rg 0.65
131 models [0] recycles 1 hard 1 soft 0 temp 1 loss 2.77 helix 1.70 pae 0.13 i_pae 0.11 con 1.50 i_con 1.52 plddt 0.93 ptm 0.92 i_ptm 0.89 rg 0.61
132 models [0] recycles 1 hard 1 soft 0 temp 1 loss 2.86 helix 1.61 pae 0.14 i_pae 0.11 con 1.53 i_con 1.53 plddt 0.92 ptm 0.92 i_ptm 0.88 rg 0.64
73 models [1] recycles 1 hard 0 soft 0.92 temp 1 loss 3.47 helix 1.92 pae 0.14 i_pae 0.12 con 1.64 i_con 1.95 plddt 0.92 ptm 0.91 i_ptm 0.86 rg 1.25
55 models [3] recycles 1 hard 0 soft 0.20 temp 1 loss 2.67 helix 1.81 pae 0.13 i_pae 0.11 con 1.38 i_con 1.54 plddt 0.94 ptm 0.92 i_ptm 0.88 rg 0.72
133 models [2] recycles 1 hard 1 soft 0 temp 1 loss 6.16 helix 1.27 pae 0.54 i_pae 0.63 con 2.14 i_con 4.02 plddt 0.71 ptm 0.72 i_ptm 0.20 rg 0.10
134 models [4] recycles 1 hard 1 soft 0 temp 1 loss 2.98 helix 1.58 pae 0.15 i_pae 0.12 con 1.58 i_con 1.60 plddt 0.91 ptm 0.92 i_ptm 0.88 rg 0.61
74 models [2] recycles 1 hard 0 soft 0.96 temp 1 loss 4.06 helix 1.52 pae 0.18 i_pae 0.15 con 2.00 i_con 2.02 plddt 0.88 ptm 0.90 i_ptm 0.83 rg 1.30
56 models [3] recycles 1 hard 0 soft 0.24 temp 1 loss 2.69 helix 1.85 pae 0.13 i_pae 0.11 con 1.41 i_con 1.53 plddt 0.94 ptm 0.91 i_ptm 0.89 rg 0.78
135 models [3] recycles 1 hard 1 soft 0 temp 1 loss 2.91 helix 1.68 pae 0.15 i_pae 0.12 con 1.60 i_con 1.54 plddt 0.91 ptm 0.92 i_ptm 0.88 rg 0.64
136 models [2] recycles 1 hard 1 soft 0 temp 1 loss 6.61 helix 0.87 pae 0.46 i_pae 0.46 con 3.30 i_con 3.24 plddt 0.54 ptm 0.79 i_ptm 0.44 rg 0.13
75 models [4] recycles 1 hard 0 soft 1 temp 1 loss 6.92 helix 1.08 pae 0.57 i_pae 0.61 con 2.96 i_con 3.80 plddt 0.54 ptm 0.73 i_ptm 0.24 rg 0.39
Optimised logit trajectory pLDDT: 0.36
Stage 2: Softmax Optimisation
137 models [3] recycles 1 hard 1 soft 0 temp 1 loss 7.76 helix 0.75 pae 0.43 i_pae 0.38 con 3.55 i_con 1.92 plddt 0.60 ptm 0.83 i_ptm 0.78 rg 7.52
egfr_l89_s399498_mpnn1 passed all filters
57 models [2] recycles 1 hard 0 soft 0.28 temp 1 loss 2.79 helix 1.86 pae 0.13 i_pae 0.11 con 1.40 i_con 1.63 plddt 0.95 ptm 0.91 i_ptm 0.88 rg 0.82
138 models [3] recycles 1 hard 1 soft 0 temp 1 loss 7.92 helix 0.68 pae 0.39 i_pae 0.35 con 3.63 i_con 1.90 plddt 0.65 ptm 0.83 i_ptm 0.78 rg 7.87
76 models [4] recycles 1 hard 0 soft 1 temp 0.96 loss 3.86 helix 1.71 pae 0.17 i_pae 0.14 con 1.87 i_con 2.04 plddt 0.88 ptm 0.90 i_ptm 0.82 rg 1.20
139 models [3] recycles 1 hard 1 soft 0 temp 1 loss 7.89 helix 0.70 pae 0.42 i_pae 0.37 con 3.63 i_con 1.91 plddt 0.62 ptm 0.83 i_ptm 0.77 rg 7.68
58 models [3] recycles 1 hard 0 soft 0.32 temp 1 loss 2.70 helix 1.85 pae 0.12 i_pae 0.11 con 1.40 i_con 1.55 plddt 0.95 ptm 0.92 i_ptm 0.88 rg 0.79
140 models [3] recycles 1 hard 1 soft 0 temp 1 loss 7.82 helix 0.72 pae 0.42 i_pae 0.37 con 3.60 i_con 1.90 plddt 0.62 ptm 0.83 i_ptm 0.78 rg 7.63
Trajectory successful, final pLDDT: 0.94
Starting trajectory took: 0 hours, 11 minutes, 52 seconds

77 models [1] recycles 1 hard 0 soft 1 temp 0.91 loss 5.53 helix 1.64 pae 0.48 i_pae 0.58 con 1.77 i_con 3.64 plddt 0.79 ptm 0.74 i_ptm 0.29 rg 1.02
59 models [2] recycles 1 hard 0 soft 0.36 temp 1 loss 3.87 helix 1.58 pae 0.17 i_pae 0.17 con 1.53 i_con 2.47 plddt 0.91 ptm 0.87 i_ptm 0.76 rg 0.81
78 models [0] recycles 1 hard 0 soft 1 temp 0.87 loss 3.52 helix 1.87 pae 0.15 i_pae 0.12 con 1.62 i_con 1.99 plddt 0.91 ptm 0.91 i_ptm 0.85 rg 1.28
60 models [4] recycles 1 hard 0 soft 0.40 temp 1 loss 2.83 helix 1.80 pae 0.13 i_pae 0.11 con 1.42 i_con 1.65 plddt 0.94 ptm 0.91 i_ptm 0.88 rg 0.76
79 models [2] recycles 1 hard 0 soft 1 temp 0.83 loss 3.37 helix 1.89 pae 0.15 i_pae 0.12 con 1.64 i_con 1.81 plddt 0.92 ptm 0.91 i_ptm 0.86 rg 1.34
Unmet filter conditions for egfr_l75_s674224_mpnn2
61 models [4] recycles 1 hard 0 soft 0.44 temp 1 loss 2.82 helix 1.75 pae 0.13 i_pae 0.12 con 1.42 i_con 1.63 plddt 0.94 ptm 0.91 i_ptm 0.88 rg 0.75
Unmet filter conditions for egfr_l67_s528267_mpnn3
80 models [2] recycles 1 hard 0 soft 1 temp 0.79 loss 3.37 helix 1.83 pae 0.15 i_pae 0.12 con 1.69 i_con 1.76 plddt 0.92 ptm 0.91 i_ptm 0.87 rg 1.28
Unmet filter conditions for egfr_l66_s957415_mpnn1
62 models [0] recycles 1 hard 0 soft 0.48 temp 1 loss 3.88 helix 1.56 pae 0.17 i_pae 0.17 con 1.61 i_con 2.40 plddt 0.90 ptm 0.87 i_ptm 0.75 rg 0.75
81 models [3] recycles 1 hard 0 soft 1 temp 0.75 loss 3.05 helix 1.95 pae 0.14 i_pae 0.11 con 1.54 i_con 1.63 plddt 0.93 ptm 0.91 i_ptm 0.88 rg 1.28
Base AF2 filters not passed for egfr_l67_s528267_mpnn4, skipping interface scoring
82 models [0] recycles 1 hard 0 soft 1 temp 0.72 loss 3.45 helix 1.85 pae 0.15 i_pae 0.13 con 1.62 i_con 1.91 plddt 0.91 ptm 0.90 i_ptm 0.85 rg 1.27
63 models [1] recycles 1 hard 0 soft 0.52 temp 1 loss 2.83 helix 1.73 pae 0.13 i_pae 0.12 con 1.45 i_con 1.60 plddt 0.94 ptm 0.91 i_ptm 0.88 rg 0.77
83 models [1] recycles 1 hard 0 soft 1 temp 0.68 loss 3.33 helix 1.96 pae 0.14 i_pae 0.12 con 1.56 i_con 1.88 plddt 0.92 ptm 0.91 i_ptm 0.85 rg 1.29
64 models [0] recycles 1 hard 0 soft 0.56 temp 1 loss 2.95 helix 1.66 pae 0.14 i_pae 0.12 con 1.52 i_con 1.62 plddt 0.93 ptm 0.90 i_ptm 0.87 rg 0.78
84 models [4] recycles 1 hard 0 soft 1 temp 0.64 loss 3.46 helix 1.91 pae 0.15 i_pae 0.12 con 1.65 i_con 1.91 plddt 0.92 ptm 0.91 i_ptm 0.86 rg 1.27
65 models [4] recycles 1 hard 0 soft 0.60 temp 1 loss 2.81 helix 1.73 pae 0.13 i_pae 0.11 con 1.41 i_con 1.62 plddt 0.94 ptm 0.91 i_ptm 0.87 rg 0.73
85 models [1] recycles 1 hard 0 soft 1 temp 0.61 loss 3.21 helix 1.95 pae 0.14 i_pae 0.12 con 1.53 i_con 1.80 plddt 0.92 ptm 0.92 i_ptm 0.87 rg 1.29
66 models [0] recycles 1 hard 0 soft 0.64 temp 1 loss 2.83 helix 1.75 pae 0.13 i_pae 0.11 con 1.42 i_con 1.63 plddt 0.94 ptm 0.90 i_ptm 0.86 rg 0.79
86 models [2] recycles 1 hard 0 soft 1 temp 0.58 loss 3.27 helix 1.96 pae 0.15 i_pae 0.12 con 1.63 i_con 1.76 plddt 0.92 ptm 0.91 i_ptm 0.87 rg 1.27
67 models [2] recycles 1 hard 0 soft 0.68 temp 1 loss 2.75 helix 1.80 pae 0.13 i_pae 0.11 con 1.38 i_con 1.59 plddt 0.95 ptm 0.91 i_ptm 0.87 rg 0.78
87 models [4] recycles 1 hard 0 soft 1 temp 0.54 loss 3.05 helix 2.07 pae 0.14 i_pae 0.11 con 1.56 i_con 1.66 plddt 0.93 ptm 0.91 i_ptm 0.88 rg 1.25
Unmet filter conditions for egfr_l93_s713816_mpnn4
68 models [3] recycles 1 hard 0 soft 0.72 temp 1 loss 2.67 helix 1.76 pae 0.13 i_pae 0.11 con 1.38 i_con 1.52 plddt 0.94 ptm 0.91 i_ptm 0.88 rg 0.74
88 models [2] recycles 1 hard 0 soft 1 temp 0.51 loss 3.17 helix 1.88 pae 0.14 i_pae 0.11 con 1.56 i_con 1.72 plddt 0.93 ptm 0.91 i_ptm 0.87 rg 1.24
Fixing interface residues: B30,B31,B33,B34,B37,B38,B42,B49,B51,B52,B55,B56,B59,B62,B63,B66
69 models [2] recycles 1 hard 0 soft 0.76 temp 1 loss 2.88 helix 1.68 pae 0.13 i_pae 0.11 con 1.45 i_con 1.62 plddt 0.94 ptm 0.91 i_ptm 0.87 rg 0.81
89 models [1] recycles 1 hard 0 soft 1 temp 0.48 loss 3.15 helix 1.92 pae 0.14 i_pae 0.11 con 1.55 i_con 1.72 plddt 0.93 ptm 0.92 i_ptm 0.87 rg 1.24
Base AF2 filters not passed for egfr_l93_s713816_mpnn5, skipping interface scoring
Unmet filter conditions for egfr_l74_s655438_mpnn3
90 models [1] recycles 1 hard 0 soft 1 temp 0.45 loss 3.21 helix 1.93 pae 0.14 i_pae 0.11 con 1.60 i_con 1.74 plddt 0.93 ptm 0.91 i_ptm 0.86 rg 1.24
70 models [2] recycles 1 hard 0 soft 0.80 temp 1 loss 2.99 helix 1.66 pae 0.14 i_pae 0.12 con 1.43 i_con 1.74 plddt 0.94 ptm 0.90 i_ptm 0.85 rg 0.77
Unmet filter conditions for egfr_l64_s902794_mpnn4
91 models [0] recycles 1 hard 0 soft 1 temp 0.42 loss 3.53 helix 1.77 pae 0.15 i_pae 0.13 con 1.79 i_con 1.81 plddt 0.90 ptm 0.91 i_ptm 0.85 rg 1.21
Base AF2 filters not passed for egfr_l93_s713816_mpnn6, skipping interface scoring71 models [0] recycles 1 hard 0 soft 0.84 temp 1 loss 6.13 helix 0.88 pae 0.41 i_pae 0.42 con 2.70 i_con 3.29 plddt 0.64 ptm 0.77 i_ptm 0.42 rg 0.45

92 models [1] recycles 1 hard 0 soft 1 temp 0.39 loss 3.12 helix 1.94 pae 0.14 i_pae 0.11 con 1.54 i_con 1.72 plddt 0.93 ptm 0.92 i_ptm 0.87 rg 1.20
72 models [4] recycles 1 hard 0 soft 0.88 temp 1 loss 6.71 helix 0.83 pae 0.55 i_pae 0.58 con 2.95 i_con 3.60 plddt 0.56 ptm 0.72 i_ptm 0.31 rg 0.17
93 models [1] recycles 1 hard 0 soft 1 temp 0.37 loss 3.23 helix 1.94 pae 0.14 i_pae 0.12 con 1.58 i_con 1.80 plddt 0.92 ptm 0.91 i_ptm 0.86 rg 1.15
Base AF2 filters not passed for egfr_l93_s713816_mpnn7, skipping interface scoring
73 models [0] recycles 1 hard 0 soft 0.92 temp 1 loss 4.30 helix 1.22 pae 0.20 i_pae 0.19 con 2.01 i_con 2.25 plddt 0.83 ptm 0.87 i_ptm 0.75 rg 0.92
94 models [2] recycles 1 hard 0 soft 1 temp 0.34 loss 3.40 helix 1.85 pae 0.15 i_pae 0.12 con 1.70 i_con 1.81 plddt 0.92 ptm 0.91 i_ptm 0.87 rg 1.22
74 models [3] recycles 1 hard 0 soft 0.96 temp 1 loss 4.60 helix 0.98 pae 0.32 i_pae 0.29 con 2.63 i_con 1.78 plddt 0.70 ptm 0.85 i_ptm 0.85 rg 0.98
95 models [0] recycles 1 hard 0 soft 1 temp 0.32 loss 3.47 helix 1.80 pae 0.16 i_pae 0.12 con 1.79 i_con 1.75 plddt 0.90 ptm 0.91 i_ptm 0.85 rg 1.26
Base AF2 filters not passed for egfr_l93_s713816_mpnn8, skipping interface scoring
75 models [0] recycles 1 hard 0 soft 1 temp 1 loss 5.25 helix 1.01 pae 0.32 i_pae 0.30 con 2.53 i_con 2.55 plddt 0.71 ptm 0.82 i_ptm 0.66 rg 0.91
Optimised logit trajectory pLDDT: 0.94
Stage 2: Softmax Optimisation
96 models [2] recycles 1 hard 0 soft 1 temp 0.29 loss 3.27 helix 1.95 pae 0.14 i_pae 0.12 con 1.59 i_con 1.80 plddt 0.93 ptm 0.91 i_ptm 0.88 rg 1.26
76 models [2] recycles 1 hard 0 soft 1 temp 0.96 loss 3.43 helix 1.44 pae 0.16 i_pae 0.15 con 1.67 i_con 1.86 plddt 0.91 ptm 0.89 i_ptm 0.84 rg 0.79
97 models [1] recycles 1 hard 0 soft 1 temp 0.27 loss 3.28 helix 1.94 pae 0.14 i_pae 0.12 con 1.58 i_con 1.83 plddt 0.92 ptm 0.91 i_ptm 0.86 rg 1.25
egfr_l89_s399498_mpnn2 passed all filters
Found 2 MPNN designs passing filters

Design and validation of trajectory egfr_l89_s399498 took: 0 hours, 4 minutes, 35 seconds
Base AF2 filters not passed for egfr_l93_s713816_mpnn9, skipping interface scoring
Target number 2 of designs reached! Reranking...
Files in folder '/designs/egfr/attempts/phase1-v3c-core/1/Trajectory/Animation' have been zipped and removed.
Files in folder '/designs/egfr/attempts/phase1-v3c-core/1/Trajectory/Plots' have been zipped and removed.
Finished all designs. Script execution for 2 trajectories took: 0 hours, 18 minutes, 55 seconds
98 models [3] recycles 1 hard 0 soft 1 temp 0.25 loss 5.70 helix 1.30 pae 0.33 i_pae 0.32 con 2.58 i_con 3.03 plddt 0.73 ptm 0.82 i_ptm 0.56 rg 0.91
77 models [2] recycles 1 hard 0 soft 1 temp 0.91 loss 3.31 helix 1.41 pae 0.16 i_pae 0.14 con 1.73 i_con 1.69 plddt 0.91 ptm 0.89 i_ptm 0.86 rg 0.74

=== files under /designs/egfr/attempts/phase1-v3c-core/1 ===
  /designs/egfr/attempts/phase1-v3c-core/1/egfr.pdb  (127340 bytes)
  /designs/egfr/attempts/phase1-v3c-core/1/failure_csv.csv  (1116 bytes)
  /designs/egfr/attempts/phase1-v3c-core/1/final_design_stats.csv  (6908 bytes)
  /designs/egfr/attempts/phase1-v3c-core/1/mpnn_design_stats.csv  (6899 bytes)
  /designs/egfr/attempts/phase1-v3c-core/1/mpnn_reprediction_log.csv  (381 bytes)
  /designs/egfr/attempts/phase1-v3c-core/1/trajectory_stats.csv  (1241 bytes)
  /designs/egfr/attempts/phase1-v3c-core/1/Accepted/egfr_l89_s399498_mpnn1_model1.pdb  (374301 bytes)
  /designs/egfr/attempts/phase1-v3c-core/1/Accepted/egfr_l89_s399498_mpnn2_model2.pdb  (373572 bytes)
  /designs/egfr/attempts/phase1-v3c-core/1/Accepted/Ranked/1_egfr_l89_s399498_mpnn2_model2.pdb  (373572 bytes)
  /designs/egfr/attempts/phase1-v3c-core/1/Accepted/Ranked/2_egfr_l89_s399498_mpnn1_model1.pdb  (374301 bytes)
  /designs/egfr/attempts/phase1-v3c-core/1/MPNN/Relaxed/egfr_l89_s399498_mpnn1_model1.pdb  (374301 bytes)
  /designs/egfr/attempts/phase1-v3c-core/1/MPNN/Relaxed/egfr_l89_s399498_mpnn1_model2.pdb  (374139 bytes)
  /designs/egfr/attempts/phase1-v3c-core/1/MPNN/Relaxed/egfr_l89_s399498_mpnn2_model1.pdb  (373734 bytes)
  /designs/egfr/attempts/phase1-v3c-core/1/MPNN/Relaxed/egfr_l89_s399498_mpnn2_model2.pdb  (373572 bytes)
  /designs/egfr/attempts/phase1-v3c-core/1/Trajectory/Animation.zip  (22 bytes)
  /designs/egfr/attempts/phase1-v3c-core/1/Trajectory/Plots.zip  (22 bytes)
  /designs/egfr/attempts/phase1-v3c-core/1/Trajectory/Relaxed/egfr_l89_s399498.pdb  (369927 bytes)

=== trajectory_stats.csv (1 rows) ===
             Design Protocol  Length    Seed  Helicity       Target_Hotspot                                                                                   Sequence                                                                                                       InterfaceResidues  pLDDT  pTM  i_pTM   pAE  i_pAE  i_pLDDT  ss_pLDDT  Unrelaxed_Clashes  Relaxed_Clashes  Binder_Energy_Score  Surface_Hydrophobicity  ShapeComplementarity  PackStat     dG   dSASA  dG/dSASA  Interface_SASA_%  Interface_Hydrophobicity  n_InterfaceResidues  n_InterfaceHbonds  InterfaceHbondsPercentage  n_InterfaceUnsatHbonds  InterfaceUnsatHbondsPercentage  Interface_Helix%  Interface_BetaSheet%  Interface_Loop%  Binder_Helix%  Binder_BetaSheet%  Binder_Loop%                                                                                                                                                      InterfaceAAs  Target_RMSD                   TrajectoryTime  Notes TargetSettings          Filters AdvancedSettings
0  egfr_l89_s399498   4stage      89  399498      -0.3  A408,A409,A411,A412  PYMTQKEMMAVARRAVDPNHPERDAFWIMFDNAMAIIESRHMKAEKTGDHEGAKEAIQKEIDDFMKHAPMTMIETVWGRAFRPAMMIPS  B9,B13,B21,B22,B23,B24,B25,B27,B28,B29,B31,B32,B35,B36,B39,B40,B43,B44,B47,B49,B52,B53,B55,B56,B59,B60,B62,B63,B67,B68   0.77  0.9   0.83  0.22   0.19     0.87       0.8                  8                0              -193.72                    0.41                  0.66      0.66 -48.72  2093.5     -2.33             45.95                      40.0                   30                  6                       20.0                     2.0                            6.67             86.36                   0.0            13.64           76.4                0.0          23.6  {'A': 6, 'C': 0, 'D': 5, 'E': 3, 'F': 0, 'G': 1, 'H': 1, 'I': 2, 'K': 2, 'L': 0, 'M': 2, 'N': 1, 'P': 1, 'Q': 0, 'R': 3, 'S': 1, 'T': 1, 'V': 0, 'W': 1, 'Y': 0}         0.39  0 hours, 13 minutes, 21 seconds    NaN         egfr_1  default_filters       advanced_1

=== final_design_stats.csv (2 rows) ===
   Rank                  Design Protocol  Length    Seed  Helicity       Target_Hotspot                                                                                   Sequence                                                                                               InterfaceResidues  MPNN_score  MPNN_seq_recovery  Average_pLDDT  1_pLDDT  2_pLDDT  3_pLDDT  4_pLDDT  5_pLDDT  Average_pTM  1_pTM  2_pTM  3_pTM  4_pTM  5_pTM  Average_i_pTM  1_i_pTM  2_i_pTM  3_i_pTM  4_i_pTM  5_i_pTM  Average_pAE  1_pAE  2_pAE  3_pAE  4_pAE  5_pAE  Average_i_pAE  1_i_pAE  2_i_pAE  3_i_pAE  4_i_pAE  5_i_pAE  Average_i_pLDDT  1_i_pLDDT  2_i_pLDDT  3_i_pLDDT  4_i_pLDDT  5_i_pLDDT  Average_ss_pLDDT  1_ss_pLDDT  2_ss_pLDDT  3_ss_pLDDT  4_ss_pLDDT  5_ss_pLDDT  Average_Unrelaxed_Clashes  1_Unrelaxed_Clashes  2_Unrelaxed_Clashes  3_Unrelaxed_Clashes  4_Unrelaxed_Clashes  5_Unrelaxed_Clashes  Average_Relaxed_Clashes  1_Relaxed_Clashes  2_Relaxed_Clashes  3_Relaxed_Clashes  4_Relaxed_Clashes  5_Relaxed_Clashes  Average_Binder_Energy_Score  1_Binder_Energy_Score  2_Binder_Energy_Score  3_Binder_Energy_Score  4_Binder_Energy_Score  5_Binder_Energy_Score  Average_Surface_Hydrophobicity  1_Surface_Hydrophobicity  2_Surface_Hydrophobicity  3_Surface_Hydrophobicity  4_Surface_Hydrophobicity  5_Surface_Hydrophobicity  Average_ShapeComplementarity  1_ShapeComplementarity  2_ShapeComplementarity  3_ShapeComplementarity  4_ShapeComplementarity  5_ShapeComplementarity  Average_PackStat  1_PackStat  2_PackStat  3_PackStat  4_PackStat  5_PackStat  Average_dG   1_dG   2_dG  3_dG  4_dG  5_dG  Average_dSASA  1_dSASA  2_dSASA  3_dSASA  4_dSASA  5_dSASA  Average_dG/dSASA  1_dG/dSASA  2_dG/dSASA  3_dG/dSASA  4_dG/dSASA  5_dG/dSASA  Average_Interface_SASA_%  1_Interface_SASA_%  2_Interface_SASA_%  3_Interface_SASA_%  4_Interface_SASA_%  5_Interface_SASA_%  Average_Interface_Hydrophobicity  1_Interface_Hydrophobicity  2_Interface_Hydrophobicity  3_Interface_Hydrophobicity  4_Interface_Hydrophobicity  5_Interface_Hydrophobicity  Average_n_InterfaceResidues  1_n_InterfaceResidues  2_n_InterfaceResidues  3_n_InterfaceResidues  4_n_InterfaceResidues  5_n_InterfaceResidues  Average_n_InterfaceHbonds  1_n_InterfaceHbonds  2_n_InterfaceHbonds  3_n_InterfaceHbonds  4_n_InterfaceHbonds  5_n_InterfaceHbonds  Average_InterfaceHbondsPercentage  1_InterfaceHbondsPercentage  2_InterfaceHbondsPercentage  3_InterfaceHbondsPercentage  4_InterfaceHbondsPercentage  5_InterfaceHbondsPercentage  Average_n_InterfaceUnsatHbonds  1_n_InterfaceUnsatHbonds  2_n_InterfaceUnsatHbonds  3_n_InterfaceUnsatHbonds  4_n_InterfaceUnsatHbonds  5_n_InterfaceUnsatHbonds  Average_InterfaceUnsatHbondsPercentage  1_InterfaceUnsatHbondsPercentage  2_InterfaceUnsatHbondsPercentage  3_InterfaceUnsatHbondsPercentage  4_InterfaceUnsatHbondsPercentage  5_InterfaceUnsatHbondsPercentage  Average_Interface_Helix%  1_Interface_Helix%  2_Interface_Helix%  3_Interface_Helix%  4_Interface_Helix%  5_Interface_Helix%  Average_Interface_BetaSheet%  1_Interface_BetaSheet%  2_Interface_BetaSheet%  3_Interface_BetaSheet%  4_Interface_BetaSheet%  5_Interface_BetaSheet%  Average_Interface_Loop%  1_Interface_Loop%  2_Interface_Loop%  3_Interface_Loop%  4_Interface_Loop%  5_Interface_Loop%  Average_Binder_Helix%  1_Binder_Helix%  2_Binder_Helix%  3_Binder_Helix%  4_Binder_Helix%  5_Binder_Helix%  Average_Binder_BetaSheet%  1_Binder_BetaSheet%  2_Binder_BetaSheet%  3_Binder_BetaSheet%  4_Binder_BetaSheet%  5_Binder_BetaSheet%  Average_Binder_Loop%  1_Binder_Loop%  2_Binder_Loop%  3_Binder_Loop%  4_Binder_Loop%  5_Binder_Loop%                                                                                                                                                                                      Average_InterfaceAAs                                                                                                                                                    1_InterfaceAAs                                                                                                                                                    2_InterfaceAAs  3_InterfaceAAs  4_InterfaceAAs  5_InterfaceAAs  Average_Hotspot_RMSD  1_Hotspot_RMSD  2_Hotspot_RMSD  3_Hotspot_RMSD  4_Hotspot_RMSD  5_Hotspot_RMSD  Average_Target_RMSD  1_Target_RMSD  2_Target_RMSD  3_Target_RMSD  4_Target_RMSD  5_Target_RMSD  Average_Binder_pLDDT  1_Binder_pLDDT  2_Binder_pLDDT  3_Binder_pLDDT  4_Binder_pLDDT  5_Binder_pLDDT  Average_Binder_pTM  1_Binder_pTM  2_Binder_pTM  3_Binder_pTM  4_Binder_pTM  5_Binder_pTM  Average_Binder_pAE  1_Binder_pAE  2_Binder_pAE  3_Binder_pAE  4_Binder_pAE  5_Binder_pAE  Average_Binder_RMSD  1_Binder_RMSD  2_Binder_RMSD  3_Binder_RMSD  4_Binder_RMSD  5_Binder_RMSD                      DesignTime  Notes TargetSettings          Filters AdvancedSettings
0     1  egfr_l89_s399498_mpnn2   4stage      89  399498      -0.3  A408,A409,A411,A412  MWLSREELMERARKVADPNDPERDAFWIMLDNTLAIIESRRKKAEETGDWEGAKEAIKKEVDDLRKHAPKSLLEKVFGEVLEEALKIPE             B21,B22,B24,B25,B27,B28,B29,B31,B32,B35,B36,B39,B40,B43,B44,B47,B49,B52,B53,B55,B56,B59,B60,B63,B67        0.91               0.36           0.88     0.87     0.88      NaN      NaN      NaN         0.91   0.91   0.91    NaN    NaN    NaN           0.86     0.87     0.85      NaN      NaN      NaN         0.16   0.16   0.16    NaN    NaN    NaN           0.17     0.17     0.18      NaN      NaN      NaN             0.92       0.92       0.92        NaN        NaN        NaN              0.90        0.89        0.90         NaN         NaN         NaN                        8.5                    8                    9                  NaN                  NaN                  NaN                      0.0                  0                  0                NaN                NaN                NaN                      -224.05                -230.91                -217.18                    NaN                    NaN                    NaN                            0.27                      0.27                      0.27                       NaN                       NaN                       NaN                          0.63                    0.61                    0.65                     NaN                     NaN                     NaN              0.52        0.54        0.50         NaN         NaN         NaN      -43.88 -45.25 -42.50   NaN   NaN   NaN        2120.65  2177.06  2064.24      NaN      NaN      NaN             -2.07       -2.08       -2.06         NaN         NaN         NaN                     43.23               44.67               41.78                 NaN                 NaN                 NaN                             39.64                       39.29                       40.00                         NaN                         NaN                         NaN                         26.5                     28                     25                    NaN                    NaN                    NaN                        5.5                    6                    5                  NaN                  NaN                  NaN                              20.71                        21.43                        20.00                          NaN                          NaN                          NaN                             2.5                       3.0                       2.0                       NaN                       NaN                       NaN                                    9.36                             10.71                              8.00                               NaN                               NaN                               NaN                     85.68               86.36                85.0                 NaN                 NaN                 NaN                           0.0                     0.0                     0.0                     NaN                     NaN                     NaN                    14.32              13.64               15.0                NaN                NaN                NaN                  76.40            76.40            76.40              NaN              NaN              NaN                        0.0                  0.0                  0.0                  NaN                  NaN                  NaN                 23.60           23.60           23.60             NaN             NaN             NaN  {'A': 5.0, 'C': 0.0, 'D': 4.0, 'E': 3.0, 'F': 0.0, 'G': 1.0, 'H': 1.0, 'I': 2.0, 'K': 2.5, 'L': 0.0, 'M': 1.5, 'N': 1.0, 'P': 1.0, 'Q': 0.0, 'R': 1.5, 'S': 1.0, 'T': 1.0, 'V': 0.0, 'W': 1.0, 'Y': 0.0}  {'A': 5, 'C': 0, 'D': 4, 'E': 3, 'F': 0, 'G': 1, 'H': 1, 'I': 2, 'K': 3, 'L': 0, 'M': 2, 'N': 1, 'P': 1, 'Q': 0, 'R': 2, 'S': 1, 'T': 1, 'V': 0, 'W': 1, 'Y': 0}  {'A': 5, 'C': 0, 'D': 4, 'E': 3, 'F': 0, 'G': 1, 'H': 1, 'I': 2, 'K': 2, 'L': 0, 'M': 1, 'N': 1, 'P': 1, 'Q': 0, 'R': 1, 'S': 1, 'T': 1, 'V': 0, 'W': 1, 'Y': 0}             NaN             NaN             NaN                  1.30            1.25            1.35             NaN             NaN             NaN                 0.54           0.55           0.53            NaN            NaN            NaN                  0.88            0.88            0.88             NaN             NaN             NaN                0.76          0.73          0.78           NaN           NaN           NaN                0.13          0.14          0.12           NaN           NaN           NaN                 1.29           1.29           1.29            NaN            NaN            NaN  0 hours, 1 minutes, 48 seconds    NaN         egfr_1  default_filters       advanced_1
1     2  egfr_l89_s399498_mpnn1   4stage      89  399498      -0.3  A408,A409,A411,A412  MWLSKEELMERARKEADPNHPERDAFWIMLDNTLAIIESRVKKAKETGDWEGAKEAIQKEIDDLKKHAPKELLEKVYGKVLEEALKIPE  B9,B13,B21,B22,B24,B25,B27,B28,B29,B31,B32,B33,B35,B36,B39,B40,B43,B44,B49,B52,B53,B56,B59,B60,B63,B66,B67,B68        0.90               0.39           0.86     0.87     0.86      NaN      NaN      NaN         0.91   0.91   0.91    NaN    NaN    NaN           0.85     0.87     0.84      NaN      NaN      NaN         0.17   0.16   0.17    NaN    NaN    NaN           0.18     0.18     0.19      NaN      NaN      NaN             0.92       0.92       0.91        NaN        NaN        NaN              0.89        0.89        0.89         NaN         NaN         NaN                        5.5                    6                    5                  NaN                  NaN                  NaN                      0.0                  0                  0                NaN                NaN                NaN                      -228.49                -231.18                -225.80                    NaN                    NaN                    NaN                            0.29                      0.31                      0.26                       NaN                       NaN                       NaN                          0.67                    0.68                    0.65                     NaN                     NaN                     NaN              0.63        0.63        0.63         NaN         NaN         NaN      -42.39 -41.32 -43.46   NaN   NaN   NaN        1831.26  1782.13  1880.38      NaN      NaN      NaN             -2.31       -2.32       -2.31         NaN         NaN         NaN                     37.38               36.80               37.96                 NaN                 NaN                 NaN                             43.43                       44.00                       42.86                         NaN                         NaN                         NaN                         26.5                     25                     28                    NaN                    NaN                    NaN                        5.0                    5                    5                  NaN                  NaN                  NaN                              18.93                        20.00                        17.86                          NaN                          NaN                          NaN                             2.5                       1.0                       4.0                       NaN                       NaN                       NaN                                    9.14                              4.00                             14.29                               NaN                               NaN                               NaN                     85.68               86.36                85.0                 NaN                 NaN                 NaN                           0.0                     0.0                     0.0                     NaN                     NaN                     NaN                    14.32              13.64               15.0                NaN                NaN                NaN                  74.16            74.16            74.16              NaN              NaN              NaN                        0.0                  0.0                  0.0                  NaN                  NaN                  NaN                 25.84           25.84           25.84             NaN             NaN             NaN  {'A': 5.5, 'C': 0.0, 'D': 4.0, 'E': 2.0, 'F': 0.0, 'G': 1.0, 'H': 1.0, 'I': 2.0, 'K': 2.5, 'L': 0.0, 'M': 2.0, 'N': 1.0, 'P': 1.0, 'Q': 0.0, 'R': 1.5, 'S': 1.0, 'T': 1.0, 'V': 0.0, 'W': 1.0, 'Y': 0.0}  {'A': 5, 'C': 0, 'D': 4, 'E': 2, 'F': 0, 'G': 1, 'H': 1, 'I': 2, 'K': 2, 'L': 0, 'M': 2, 'N': 1, 'P': 1, 'Q': 0, 'R': 1, 'S': 1, 'T': 1, 'V': 0, 'W': 1, 'Y': 0}  {'A': 6, 'C': 0, 'D': 4, 'E': 2, 'F': 0, 'G': 1, 'H': 1, 'I': 2, 'K': 3, 'L': 0, 'M': 2, 'N': 1, 'P': 1, 'Q': 0, 'R': 2, 'S': 1, 'T': 1, 'V': 0, 'W': 1, 'Y': 0}             NaN             NaN             NaN                  1.36            1.32            1.41             NaN             NaN             NaN                 0.54           0.55           0.53            NaN            NaN            NaN                  0.86            0.86            0.86             NaN             NaN             NaN                0.72          0.70          0.75           NaN           NaN           NaN                0.15          0.16          0.14           NaN           NaN           NaN                 1.41           1.47           1.35            NaN            NaN            NaN  0 hours, 2 minutes, 35 seconds    NaN         egfr_1  default_filters       advanced_1

=== mpnn_reprediction_log.csv (4 rows) ===
             timestamp        mpnn_design_name  model  pLDDT   pTM  i_pTM   pAE  i_pAE  pass_af2_filters
0  2026-09-30T05:33:07  egfr_l89_s399498_mpnn1      1   0.87  0.91   0.87  0.16   0.18              True
1  2026-09-30T05:33:07  egfr_l89_s399498_mpnn1      2   0.86  0.91   0.84  0.17   0.19              True
2  2026-09-30T05:35:10  egfr_l89_s399498_mpnn2      1   0.87  0.91   0.87  0.16   0.17              True
3  2026-09-30T05:35:10  egfr_l89_s399498_mpnn2      2   0.88  0.91   0.85  0.16   0.18              True
99 models [0] recycles 1 hard 0 soft 1 temp 0.23 loss 3.44 helix 1.88 pae 0.15 i_pae 0.12 con 1.67 i_con 1.87 plddt 0.91 ptm 0.90 i_ptm 0.85 rg 1.25
78 models [4] recycles 1 hard 0 soft 1 temp 0.87 loss 3.27 helix 1.49 pae 0.15 i_pae 0.14 con 1.58 i_con 1.80 plddt 0.92 ptm 0.90 i_ptm 0.85 rg 0.84
Base AF2 filters not passed for egfr_l93_s713816_mpnn10, skipping interface scoring
100 models [0] recycles 1 hard 0 soft 1 temp 0.21 loss 3.47 helix 1.88 pae 0.15 i_pae 0.13 con 1.67 i_con 1.90 plddt 0.91 ptm 0.91 i_ptm 0.86 rg 1.24
79 models [1] recycles 1 hard 0 soft 1 temp 0.83 loss 3.31 helix 1.41 pae 0.15 i_pae 0.15 con 1.70 i_con 1.72 plddt 0.90 ptm 0.90 i_ptm 0.86 rg 0.71
101 models [2] recycles 1 hard 0 soft 1 temp 0.19 loss 3.35 helix 1.91 pae 0.15 i_pae 0.12 con 1.67 i_con 1.79 plddt 0.92 ptm 0.91 i_ptm 0.86 rg 1.28
Unmet filter conditions for egfr_l66_s957415_mpnn2
Unmet filter conditions for egfr_l75_s674224_mpnn3
Base AF2 filters not passed for egfr_l93_s713816_mpnn11, skipping interface scoring
80 models [2] recycles 1 hard 0 soft 1 temp 0.79 loss 3.06 helix 1.55 pae 0.15 i_pae 0.13 con 1.62 i_con 1.60 plddt 0.92 ptm 0.90 i_ptm 0.86 rg 0.73
102 models [4] recycles 1 hard 0 soft 1 temp 0.17 loss 3.24 helix 1.93 pae 0.14 i_pae 0.12 con 1.55 i_con 1.82 plddt 0.93 ptm 0.91 i_ptm 0.87 rg 1.26
Unmet filter conditions for egfr_l67_s528267_mpnn5
81 models [3] recycles 1 hard 0 soft 1 temp 0.75 loss 3.55 helix 1.39 pae 0.15 i_pae 0.14 con 1.82 i_con 1.80 plddt 0.89 ptm 0.91 i_ptm 0.85 rg 0.81
103 models [3] recycles 1 hard 0 soft 1 temp 0.15 loss 3.62 helix 1.86 pae 0.16 i_pae 0.13 con 1.82 i_con 1.92 plddt 0.89 ptm 0.91 i_ptm 0.85 rg 1.15
Base AF2 filters not passed for egfr_l93_s713816_mpnn12, skipping interface scoring
Base AF2 filters not passed for egfr_l67_s528267_mpnn6, skipping interface scoring
82 models [3] recycles 1 hard 0 soft 1 temp 0.72 loss 2.84 helix 1.58 pae 0.14 i_pae 0.12 con 1.54 i_con 1.48 plddt 0.93 ptm 0.91 i_ptm 0.89 rg 0.74
104 models [1] recycles 1 hard 0 soft 1 temp 0.14 loss 3.24 helix 1.96 pae 0.15 i_pae 0.12 con 1.55 i_con 1.82 plddt 0.92 ptm 0.91 i_ptm 0.86 rg 1.25
83 models [1] recycles 1 hard 0 soft 1 temp 0.68 loss 2.92 helix 1.61 pae 0.13 i_pae 0.12 con 1.50 i_con 1.59 plddt 0.93 ptm 0.91 i_ptm 0.87 rg 0.76
105 models [2] recycles 1 hard 0 soft 1 temp 0.12 loss 3.32 helix 1.90 pae 0.15 i_pae 0.13 con 1.57 i_con 1.88 plddt 0.92 ptm 0.90 i_ptm 0.85 rg 1.18
Base AF2 filters not passed for egfr_l67_s528267_mpnn7, skipping interface scoring
Base AF2 filters not passed for egfr_l93_s713816_mpnn13, skipping interface scoring
106 models [0] recycles 1 hard 0 soft 1 temp 0.11 loss 3.40 helix 1.93 pae 0.15 i_pae 0.13 con 1.55 i_con 1.95 plddt 0.92 ptm 0.90 i_ptm 0.85 rg 1.27
84 models [1] recycles 1 hard 0 soft 1 temp 0.64 loss 3.85 helix 1.15 pae 0.20 i_pae 0.18 con 2.13 i_con 1.66 plddt 0.82 ptm 0.89 i_ptm 0.87 rg 0.94
107 models [2] recycles 1 hard 0 soft 1 temp 0.09 loss 3.26 helix 1.99 pae 0.15 i_pae 0.12 con 1.56 i_con 1.83 plddt 0.93 ptm 0.90 i_ptm 0.86 rg 1.26
85 models [4] recycles 1 hard 0 soft 1 temp 0.61 loss 3.09 helix 1.54 pae 0.14 i_pae 0.13 con 1.49 i_con 1.75 plddt 0.93 ptm 0.90 i_ptm 0.85 rg 0.76
Base AF2 filters not passed for egfr_l93_s713816_mpnn14, skipping interface scoring
108 models [1] recycles 1 hard 0 soft 1 temp 0.08 loss 3.34 helix 1.89 pae 0.15 i_pae 0.12 con 1.60 i_con 1.86 plddt 0.92 ptm 0.91 i_ptm 0.85 rg 1.21
86 models [0] recycles 1 hard 0 soft 1 temp 0.58 loss 3.24 helix 1.58 pae 0.15 i_pae 0.14 con 1.62 i_con 1.77 plddt 0.91 ptm 0.89 i_ptm 0.83 rg 0.78
109 models [0] recycles 1 hard 0 soft 1 temp 0.07 loss 3.46 helix 1.87 pae 0.15 i_pae 0.12 con 1.63 i_con 1.94 plddt 0.91 ptm 0.91 i_ptm 0.85 rg 1.21
87 models [2] recycles 1 hard 0 soft 1 temp 0.54 loss 2.87 helix 1.72 pae 0.14 i_pae 0.12 con 1.50 i_con 1.60 plddt 0.94 ptm 0.91 i_ptm 0.88 rg 0.69
Base AF2 filters not passed for egfr_l93_s713816_mpnn15, skipping interface scoring
110 models [3] recycles 1 hard 0 soft 1 temp 0.06 loss 3.58 helix 1.90 pae 0.16 i_pae 0.14 con 1.58 i_con 2.09 plddt 0.91 ptm 0.90 i_ptm 0.82 rg 1.27
egfr_l64_s902794_mpnn5 passed all filters
Found 2 MPNN designs passing filters

Design and validation of trajectory egfr_l64_s902794 took: 0 hours, 8 minutes, 50 seconds
88 models [0] recycles 1 hard 0 soft 1 temp 0.51 loss 2.86 helix 1.70 pae 0.14 i_pae 0.12 con 1.45 i_con 1.63 plddt 0.93 ptm 0.90 i_ptm 0.86 rg 0.69
Target number 2 of designs reached! Reranking...
Files in folder '/designs/egfr/attempts/phase1-v3c-core/5/Trajectory/Animation' have been zipped and removed.
Files in folder '/designs/egfr/attempts/phase1-v3c-core/5/Trajectory/Plots' have been zipped and removed.
Finished all designs. Script execution for 2 trajectories took: 0 hours, 20 minutes, 0 seconds
Unmet filter conditions for egfr_l74_s655438_mpnn4
111 models [1] recycles 1 hard 0 soft 1 temp 0.05 loss 5.36 helix 1.21 pae 0.36 i_pae 0.32 con 2.89 i_con 2.20 plddt 0.67 ptm 0.84 i_ptm 0.78 rg 1.36

=== files under /designs/egfr/attempts/phase1-v3c-core/5 ===
  /designs/egfr/attempts/phase1-v3c-core/5/egfr.pdb  (127340 bytes)
  /designs/egfr/attempts/phase1-v3c-core/5/failure_csv.csv  (1116 bytes)
  /designs/egfr/attempts/phase1-v3c-core/5/final_design_stats.csv  (6800 bytes)
  /designs/egfr/attempts/phase1-v3c-core/5/mpnn_design_stats.csv  (11172 bytes)
  /designs/egfr/attempts/phase1-v3c-core/5/mpnn_reprediction_log.csv  (830 bytes)
  /designs/egfr/attempts/phase1-v3c-core/5/trajectory_stats.csv  (1175 bytes)
  /designs/egfr/attempts/phase1-v3c-core/5/Accepted/egfr_l64_s902794_mpnn2_model2.pdb  (338499 bytes)
  /designs/egfr/attempts/phase1-v3c-core/5/Accepted/egfr_l64_s902794_mpnn5_model1.pdb  (338175 bytes)
  /designs/egfr/attempts/phase1-v3c-core/5/Accepted/Ranked/1_egfr_l64_s902794_mpnn2_model2.pdb  (338499 bytes)
  /designs/egfr/attempts/phase1-v3c-core/5/Accepted/Ranked/2_egfr_l64_s902794_mpnn5_model1.pdb  (338175 bytes)
  /designs/egfr/attempts/phase1-v3c-core/5/MPNN/Relaxed/egfr_l64_s902794_mpnn1_model1.pdb  (340281 bytes)
  /designs/egfr/attempts/phase1-v3c-core/5/MPNN/Relaxed/egfr_l64_s902794_mpnn1_model2.pdb  (340281 bytes)
  /designs/egfr/attempts/phase1-v3c-core/5/MPNN/Relaxed/egfr_l64_s902794_mpnn2_model1.pdb  (338499 bytes)
  /designs/egfr/attempts/phase1-v3c-core/5/MPNN/Relaxed/egfr_l64_s902794_mpnn2_model2.pdb  (338499 bytes)
  /designs/egfr/attempts/phase1-v3c-core/5/MPNN/Relaxed/egfr_l64_s902794_mpnn3_model1.pdb  (339552 bytes)
  /designs/egfr/attempts/phase1-v3c-core/5/MPNN/Relaxed/egfr_l64_s902794_mpnn3_model2.pdb  (339552 bytes)
  /designs/egfr/attempts/phase1-v3c-core/5/MPNN/Relaxed/egfr_l64_s902794_mpnn4_model1.pdb  (338175 bytes)
  /designs/egfr/attempts/phase1-v3c-core/5/MPNN/Relaxed/egfr_l64_s902794_mpnn4_model2.pdb  (338175 bytes)
  /designs/egfr/attempts/phase1-v3c-core/5/MPNN/Relaxed/egfr_l64_s902794_mpnn5_model1.pdb  (338175 bytes)
  /designs/egfr/attempts/phase1-v3c-core/5/MPNN/Relaxed/egfr_l64_s902794_mpnn5_model2.pdb  (338175 bytes)
  /designs/egfr/attempts/phase1-v3c-core/5/Rejected/egfr_l64_s902794_mpnn1_model2.pdb  (340281 bytes)
  /designs/egfr/attempts/phase1-v3c-core/5/Rejected/egfr_l64_s902794_mpnn3_model2.pdb  (339552 bytes)
  /designs/egfr/attempts/phase1-v3c-core/5/Rejected/egfr_l64_s902794_mpnn4_model1.pdb  (338175 bytes)
  /designs/egfr/attempts/phase1-v3c-core/5/Trajectory/Animation.zip  (22 bytes)
  /designs/egfr/attempts/phase1-v3c-core/5/Trajectory/Plots.zip  (22 bytes)
  /designs/egfr/attempts/phase1-v3c-core/5/Trajectory/Relaxed/egfr_l64_s902794.pdb  (340848 bytes)

=== trajectory_stats.csv (1 rows) ===
             Design Protocol  Length    Seed  Helicity       Target_Hotspot                                                          Sequence                                                         InterfaceResidues  pLDDT   pTM  i_pTM   pAE  i_pAE  i_pLDDT  ss_pLDDT  Unrelaxed_Clashes  Relaxed_Clashes  Binder_Energy_Score  Surface_Hydrophobicity  ShapeComplementarity  PackStat     dG    dSASA  dG/dSASA  Interface_SASA_%  Interface_Hydrophobicity  n_InterfaceResidues  n_InterfaceHbonds  InterfaceHbondsPercentage  n_InterfaceUnsatHbonds  InterfaceUnsatHbondsPercentage  Interface_Helix%  Interface_BetaSheet%  Interface_Loop%  Binder_Helix%  Binder_BetaSheet%  Binder_Loop%                                                                                                                                                      InterfaceAAs  Target_RMSD                   TrajectoryTime  Notes TargetSettings          Filters AdvancedSettings
0  egfr_l64_s902794   4stage      64  902794      -0.3  A408,A409,A411,A412  REVTEEEFMTMMWQLDDHWMFKPPPGHTIREMHDQVWSWVSQYFDGKFRPTPEFVAMYDKVISS  B5,B6,B9,B10,B13,B16,B17,B20,B21,B29,B30,B33,B34,B37,B38,B40,B41,B44,B45   0.93  0.92   0.89  0.13    0.1     0.93      0.94                  4                0              -153.48                    0.38                  0.68      0.62 -45.36  1778.33     -2.55             47.05                     42.11                   19                  6                      31.58                     1.0                            5.26             93.75                   0.0             6.25          70.31                0.0         29.69  {'A': 0, 'C': 0, 'D': 4, 'E': 2, 'F': 2, 'G': 0, 'H': 1, 'I': 1, 'K': 0, 'L': 0, 'M': 2, 'N': 0, 'P': 0, 'Q': 0, 'R': 1, 'S': 2, 'T': 1, 'V': 1, 'W': 2, 'Y': 0}         0.24  0 hours, 10 minutes, 20 seconds    NaN         egfr_5  default_filters       advanced_5

=== final_design_stats.csv (2 rows) ===
   Rank                  Design Protocol  Length    Seed  Helicity       Target_Hotspot                                                          Sequence                                                             InterfaceResidues  MPNN_score  MPNN_seq_recovery  Average_pLDDT  1_pLDDT  2_pLDDT  3_pLDDT  4_pLDDT  5_pLDDT  Average_pTM  1_pTM  2_pTM  3_pTM  4_pTM  5_pTM  Average_i_pTM  1_i_pTM  2_i_pTM  3_i_pTM  4_i_pTM  5_i_pTM  Average_pAE  1_pAE  2_pAE  3_pAE  4_pAE  5_pAE  Average_i_pAE  1_i_pAE  2_i_pAE  3_i_pAE  4_i_pAE  5_i_pAE  Average_i_pLDDT  1_i_pLDDT  2_i_pLDDT  3_i_pLDDT  4_i_pLDDT  5_i_pLDDT  Average_ss_pLDDT  1_ss_pLDDT  2_ss_pLDDT  3_ss_pLDDT  4_ss_pLDDT  5_ss_pLDDT  Average_Unrelaxed_Clashes  1_Unrelaxed_Clashes  2_Unrelaxed_Clashes  3_Unrelaxed_Clashes  4_Unrelaxed_Clashes  5_Unrelaxed_Clashes  Average_Relaxed_Clashes  1_Relaxed_Clashes  2_Relaxed_Clashes  3_Relaxed_Clashes  4_Relaxed_Clashes  5_Relaxed_Clashes  Average_Binder_Energy_Score  1_Binder_Energy_Score  2_Binder_Energy_Score  3_Binder_Energy_Score  4_Binder_Energy_Score  5_Binder_Energy_Score  Average_Surface_Hydrophobicity  1_Surface_Hydrophobicity  2_Surface_Hydrophobicity  3_Surface_Hydrophobicity  4_Surface_Hydrophobicity  5_Surface_Hydrophobicity  Average_ShapeComplementarity  1_ShapeComplementarity  2_ShapeComplementarity  3_ShapeComplementarity  4_ShapeComplementarity  5_ShapeComplementarity  Average_PackStat  1_PackStat  2_PackStat  3_PackStat  4_PackStat  5_PackStat  Average_dG   1_dG   2_dG  3_dG  4_dG  5_dG  Average_dSASA  1_dSASA  2_dSASA  3_dSASA  4_dSASA  5_dSASA  Average_dG/dSASA  1_dG/dSASA  2_dG/dSASA  3_dG/dSASA  4_dG/dSASA  5_dG/dSASA  Average_Interface_SASA_%  1_Interface_SASA_%  2_Interface_SASA_%  3_Interface_SASA_%  4_Interface_SASA_%  5_Interface_SASA_%  Average_Interface_Hydrophobicity  1_Interface_Hydrophobicity  2_Interface_Hydrophobicity  3_Interface_Hydrophobicity  4_Interface_Hydrophobicity  5_Interface_Hydrophobicity  Average_n_InterfaceResidues  1_n_InterfaceResidues  2_n_InterfaceResidues  3_n_InterfaceResidues  4_n_InterfaceResidues  5_n_InterfaceResidues  Average_n_InterfaceHbonds  1_n_InterfaceHbonds  2_n_InterfaceHbonds  3_n_InterfaceHbonds  4_n_InterfaceHbonds  5_n_InterfaceHbonds  Average_InterfaceHbondsPercentage  1_InterfaceHbondsPercentage  2_InterfaceHbondsPercentage  3_InterfaceHbondsPercentage  4_InterfaceHbondsPercentage  5_InterfaceHbondsPercentage  Average_n_InterfaceUnsatHbonds  1_n_InterfaceUnsatHbonds  2_n_InterfaceUnsatHbonds  3_n_InterfaceUnsatHbonds  4_n_InterfaceUnsatHbonds  5_n_InterfaceUnsatHbonds  Average_InterfaceUnsatHbondsPercentage  1_InterfaceUnsatHbondsPercentage  2_InterfaceUnsatHbondsPercentage  3_InterfaceUnsatHbondsPercentage  4_InterfaceUnsatHbondsPercentage  5_InterfaceUnsatHbondsPercentage  Average_Interface_Helix%  1_Interface_Helix%  2_Interface_Helix%  3_Interface_Helix%  4_Interface_Helix%  5_Interface_Helix%  Average_Interface_BetaSheet%  1_Interface_BetaSheet%  2_Interface_BetaSheet%  3_Interface_BetaSheet%  4_Interface_BetaSheet%  5_Interface_BetaSheet%  Average_Interface_Loop%  1_Interface_Loop%  2_Interface_Loop%  3_Interface_Loop%  4_Interface_Loop%  5_Interface_Loop%  Average_Binder_Helix%  1_Binder_Helix%  2_Binder_Helix%  3_Binder_Helix%  4_Binder_Helix%  5_Binder_Helix%  Average_Binder_BetaSheet%  1_Binder_BetaSheet%  2_Binder_BetaSheet%  3_Binder_BetaSheet%  4_Binder_BetaSheet%  5_Binder_BetaSheet%  Average_Binder_Loop%  1_Binder_Loop%  2_Binder_Loop%  3_Binder_Loop%  4_Binder_Loop%  5_Binder_Loop%                                                                                                                                                                                      Average_InterfaceAAs                                                                                                                                                    1_InterfaceAAs                                                                                                                                                    2_InterfaceAAs  3_InterfaceAAs  4_InterfaceAAs  5_InterfaceAAs  Average_Hotspot_RMSD  1_Hotspot_RMSD  2_Hotspot_RMSD  3_Hotspot_RMSD  4_Hotspot_RMSD  5_Hotspot_RMSD  Average_Target_RMSD  1_Target_RMSD  2_Target_RMSD  3_Target_RMSD  4_Target_RMSD  5_Target_RMSD  Average_Binder_pLDDT  1_Binder_pLDDT  2_Binder_pLDDT  3_Binder_pLDDT  4_Binder_pLDDT  5_Binder_pLDDT  Average_Binder_pTM  1_Binder_pTM  2_Binder_pTM  3_Binder_pTM  4_Binder_pTM  5_Binder_pTM  Average_Binder_pAE  1_Binder_pAE  2_Binder_pAE  3_Binder_pAE  4_Binder_pAE  5_Binder_pAE  Average_Binder_RMSD  1_Binder_RMSD  2_Binder_RMSD  3_Binder_RMSD  4_Binder_RMSD  5_Binder_RMSD                      DesignTime  Notes TargetSettings          Filters AdvancedSettings
0     1  egfr_l64_s902794_mpnn2   4stage      64  902794      -0.3  A408,A409,A411,A412  MKVSEEEFMTLMWKLDDHYMFNPPPGKTIREVHDEVWSKVSNYFDGKYTPTDEDVAEAKKILSS      B5,B6,B9,B13,B16,B17,B20,B21,B29,B30,B33,B34,B37,B38,B40,B41,B43,B44,B45        0.94               0.53           0.91      0.9     0.91      NaN      NaN      NaN         0.92   0.91   0.92    NaN    NaN    NaN           0.86     0.86     0.86      NaN      NaN      NaN         0.15   0.15   0.14    NaN    NaN    NaN           0.16     0.16     0.16      NaN      NaN      NaN             0.92       0.91       0.92        NaN        NaN        NaN              0.92        0.91        0.92         NaN         NaN         NaN                        1.5                    2                    1                  NaN                  NaN                  NaN                      0.0                  0                  0                NaN                NaN                NaN                      -149.87                -146.03                -153.71                    NaN                    NaN                    NaN                            0.34                      0.33                      0.34                       NaN                       NaN                       NaN                          0.68                    0.68                    0.68                     NaN                     NaN                     NaN              0.67        0.65        0.69         NaN         NaN         NaN      -43.60 -40.14 -47.06   NaN   NaN   NaN        1906.55  1925.80  1887.29      NaN      NaN      NaN             -2.29       -2.08       -2.49         NaN         NaN         NaN                     49.03               50.18               47.89                 NaN                 NaN                 NaN                             46.19                       45.00                       47.37                         NaN                         NaN                         NaN                         19.5                     20                     19                    NaN                    NaN                    NaN                        7.0                    4                   10                  NaN                  NaN                  NaN                              36.31                        20.00                        52.63                          NaN                          NaN                          NaN                             3.0                       4.0                       2.0                       NaN                       NaN                       NaN                                   15.27                              20.0                             10.53                               NaN                               NaN                               NaN                     93.75               93.75               93.75                 NaN                 NaN                 NaN                           0.0                     0.0                     0.0                     NaN                     NaN                     NaN                     6.25               6.25               6.25                NaN                NaN                NaN                  70.31            70.31            70.31              NaN              NaN              NaN                        0.0                  0.0                  0.0                  NaN                  NaN                  NaN                 29.69           29.69           29.69             NaN             NaN             NaN  {'A': 0.0, 'C': 0.0, 'D': 4.0, 'E': 2.0, 'F': 2.0, 'G': 0.0, 'H': 1.0, 'I': 1.0, 'K': 0.0, 'L': 0.0, 'M': 2.0, 'N': 0.0, 'P': 0.0, 'Q': 0.0, 'R': 1.0, 'S': 2.0, 'T': 0.5, 'V': 1.0, 'W': 2.0, 'Y': 1.0}  {'A': 0, 'C': 0, 'D': 4, 'E': 2, 'F': 2, 'G': 0, 'H': 1, 'I': 1, 'K': 0, 'L': 0, 'M': 2, 'N': 0, 'P': 0, 'Q': 0, 'R': 1, 'S': 2, 'T': 1, 'V': 1, 'W': 2, 'Y': 1}  {'A': 0, 'C': 0, 'D': 4, 'E': 2, 'F': 2, 'G': 0, 'H': 1, 'I': 1, 'K': 0, 'L': 0, 'M': 2, 'N': 0, 'P': 0, 'Q': 0, 'R': 1, 'S': 2, 'T': 0, 'V': 1, 'W': 2, 'Y': 1}             NaN             NaN             NaN                  1.20            1.32            1.08             NaN             NaN             NaN                 0.32           0.33           0.32            NaN            NaN            NaN                  0.91             0.9            0.91             NaN             NaN             NaN                0.72          0.71          0.74           NaN           NaN           NaN                0.11          0.11          0.10           NaN           NaN           NaN                 1.09           1.03           1.16            NaN            NaN            NaN  0 hours, 1 minutes, 30 seconds    NaN         egfr_5  default_filters       advanced_5
1     2  egfr_l64_s902794_mpnn5   4stage      64  902794      -0.3  A408,A409,A411,A412  MEVSEEELMTMFWKLDDHYMFNPPPGKTIRETHDEVWSKVSDYFDGKYTPTDEDVAEFEKILSE  B5,B6,B9,B10,B13,B16,B17,B20,B21,B28,B29,B30,B33,B34,B37,B38,B40,B41,B44,B45        0.97               0.51           0.90      0.9     0.90      NaN      NaN      NaN         0.92   0.91   0.92    NaN    NaN    NaN           0.86     0.86     0.86      NaN      NaN      NaN         0.14   0.14   0.14    NaN    NaN    NaN           0.16     0.16     0.16      NaN      NaN      NaN             0.91       0.91       0.91        NaN        NaN        NaN              0.92        0.92        0.92         NaN         NaN         NaN                        2.0                    3                    1                  NaN                  NaN                  NaN                      0.0                  0                  0                NaN                NaN                NaN                      -149.78                -149.54                -150.03                    NaN                    NaN                    NaN                            0.33                      0.33                      0.33                       NaN                       NaN                       NaN                          0.68                    0.70                    0.65                     NaN                     NaN                     NaN              0.68        0.66        0.69         NaN         NaN         NaN      -53.91 -56.98 -50.83   NaN   NaN   NaN        2123.31  2226.21  2020.40      NaN      NaN      NaN             -2.54       -2.56       -2.52         NaN         NaN         NaN                     55.50               58.86               52.15                 NaN                 NaN                 NaN                             41.74                       43.48                       40.00                         NaN                         NaN                         NaN                         21.5                     23                     20                    NaN                    NaN                    NaN                        8.0                    9                    7                  NaN                  NaN                  NaN                              37.06                        39.13                        35.00                          NaN                          NaN                          NaN                             2.5                       2.0                       3.0                       NaN                       NaN                       NaN                                   11.85                               8.7                             15.00                               NaN                               NaN                               NaN                     93.94               93.75               94.12                 NaN                 NaN                 NaN                           0.0                     0.0                     0.0                     NaN                     NaN                     NaN                     6.06               6.25               5.88                NaN                NaN                NaN                  70.31            70.31            70.31              NaN              NaN              NaN                        0.0                  0.0                  0.0                  NaN                  NaN                  NaN                 29.69           29.69           29.69             NaN             NaN             NaN  {'A': 0.0, 'C': 0.0, 'D': 4.5, 'E': 2.0, 'F': 2.0, 'G': 0.0, 'H': 1.0, 'I': 1.0, 'K': 0.0, 'L': 0.0, 'M': 2.0, 'N': 0.0, 'P': 0.5, 'Q': 0.0, 'R': 1.0, 'S': 2.0, 'T': 2.0, 'V': 1.0, 'W': 2.0, 'Y': 0.5}  {'A': 0, 'C': 0, 'D': 5, 'E': 2, 'F': 2, 'G': 0, 'H': 1, 'I': 1, 'K': 0, 'L': 0, 'M': 2, 'N': 0, 'P': 1, 'Q': 0, 'R': 1, 'S': 2, 'T': 2, 'V': 1, 'W': 2, 'Y': 1}  {'A': 0, 'C': 0, 'D': 4, 'E': 2, 'F': 2, 'G': 0, 'H': 1, 'I': 1, 'K': 0, 'L': 0, 'M': 2, 'N': 0, 'P': 0, 'Q': 0, 'R': 1, 'S': 2, 'T': 2, 'V': 1, 'W': 2, 'Y': 0}             NaN             NaN             NaN                  1.34            1.41            1.27             NaN             NaN             NaN                 0.32           0.33           0.32            NaN            NaN            NaN                  0.88             0.9            0.86             NaN             NaN             NaN                0.67          0.69          0.65           NaN           NaN           NaN                0.12          0.12          0.13           NaN           NaN           NaN                 1.34           1.29           1.39            NaN            NaN            NaN  0 hours, 1 minutes, 40 seconds    NaN         egfr_5  default_filters       advanced_5

=== mpnn_reprediction_log.csv (10 rows) ===
             timestamp        mpnn_design_name  model  pLDDT   pTM  i_pTM   pAE  i_pAE  pass_af2_filters
0  2026-09-30T05:29:38  egfr_l64_s902794_mpnn1      1   0.90  0.91   0.87  0.14   0.15              True
1  2026-09-30T05:29:38  egfr_l64_s902794_mpnn1      2   0.91  0.92   0.87  0.14   0.15              True
2  2026-09-30T05:31:23  egfr_l64_s902794_mpnn2      1   0.90  0.91   0.86  0.15   0.16              True
3  2026-09-30T05:31:23  egfr_l64_s902794_mpnn2      2   0.91  0.92   0.86  0.14   0.16              True
4  2026-09-30T05:33:03  egfr_l64_s902794_mpnn3      1   0.90  0.91   0.87  0.14   0.15              True
5  2026-09-30T05:33:03  egfr_l64_s902794_mpnn3      2   0.91  0.92   0.87  0.14   0.15              True
6  2026-09-30T05:34:37  egfr_l64_s902794_mpnn4      1   0.90  0.91   0.86  0.15   0.16              True
7  2026-09-30T05:34:37  egfr_l64_s902794_mpnn4      2   0.90  0.92   0.86  0.15   0.16              True
8  2026-09-30T05:36:17  egfr_l64_s902794_mpnn5      1   0.90  0.91   0.86  0.14   0.16              True
9  2026-09-30T05:36:17  egfr_l64_s902794_mpnn5      2   0.90  0.92   0.86  0.14   0.16              True
Base AF2 filters not passed for egfr_l93_s713816_mpnn16, skipping interface scoring
89 models [4] recycles 1 hard 0 soft 1 temp 0.48 loss 2.96 helix 1.68 pae 0.13 i_pae 0.12 con 1.53 i_con 1.62 plddt 0.94 ptm 0.91 i_ptm 0.88 rg 0.77
112 models [1] recycles 1 hard 0 soft 1 temp 0.04 loss 3.18 helix 2.00 pae 0.14 i_pae 0.12 con 1.58 i_con 1.73 plddt 0.92 ptm 0.91 i_ptm 0.87 rg 1.26
90 models [1] recycles 1 hard 0 soft 1 temp 0.45 loss 2.83 helix 1.70 pae 0.13 i_pae 0.12 con 1.44 i_con 1.60 plddt 0.94 ptm 0.91 i_ptm 0.87 rg 0.73
113 models [4] recycles 1 hard 0 soft 1 temp 0.03 loss 3.46 helix 1.91 pae 0.15 i_pae 0.12 con 1.70 i_con 1.87 plddt 0.91 ptm 0.91 i_ptm 0.85 rg 1.25
Base AF2 filters not passed for egfr_l93_s713816_mpnn17, skipping interface scoring
114 models [4] recycles 1 hard 0 soft 1 temp 0.03 loss 3.37 helix 2.01 pae 0.14 i_pae 0.12 con 1.65 i_con 1.86 plddt 0.92 ptm 0.91 i_ptm 0.86 rg 1.26
91 models [0] recycles 1 hard 0 soft 1 temp 0.42 loss 2.87 helix 1.59 pae 0.14 i_pae 0.12 con 1.53 i_con 1.52 plddt 0.92 ptm 0.90 i_ptm 0.86 rg 0.70
115 models [1] recycles 1 hard 0 soft 1 temp 0.02 loss 3.81 helix 1.84 pae 0.17 i_pae 0.15 con 1.71 i_con 2.17 plddt 0.88 ptm 0.89 i_ptm 0.80 rg 1.23
92 models [0] recycles 1 hard 0 soft 1 temp 0.39 loss 2.78 helix 1.61 pae 0.14 i_pae 0.12 con 1.48 i_con 1.50 plddt 0.93 ptm 0.90 i_ptm 0.87 rg 0.68
116 models [4] recycles 1 hard 0 soft 1 temp 0.02 loss 3.48 helix 1.91 pae 0.15 i_pae 0.12 con 1.69 i_con 1.92 plddt 0.91 ptm 0.90 i_ptm 0.84 rg 1.22
93 models [2] recycles 1 hard 0 soft 1 temp 0.37 loss 2.87 helix 1.65 pae 0.14 i_pae 0.12 con 1.49 i_con 1.57 plddt 0.94 ptm 0.91 i_ptm 0.88 rg 0.77
117 models [3] recycles 1 hard 0 soft 1 temp 0.01 loss 3.44 helix 1.87 pae 0.15 i_pae 0.12 con 1.68 i_con 1.87 plddt 0.91 ptm 0.91 i_ptm 0.85 rg 1.23
94 models [3] recycles 1 hard 0 soft 1 temp 0.34 loss 2.76 helix 1.68 pae 0.14 i_pae 0.12 con 1.50 i_con 1.48 plddt 0.93 ptm 0.91 i_ptm 0.89 rg 0.69
118 models [4] recycles 1 hard 0 soft 1 temp 0.01 loss 4.09 helix 1.70 pae 0.18 i_pae 0.16 con 1.91 i_con 2.20 plddt 0.87 ptm 0.89 i_ptm 0.80 rg 1.23
Unmet filter conditions for egfr_l78_s644042_mpnn1
95 models [0] recycles 1 hard 0 soft 1 temp 0.32 loss 3.19 helix 1.60 pae 0.15 i_pae 0.13 con 1.56 i_con 1.80 plddt 0.92 ptm 0.90 i_ptm 0.83 rg 0.73
119 models [4] recycles 1 hard 0 soft 1 temp 0.01 loss 4.21 helix 1.64 pae 0.18 i_pae 0.17 con 2.01 i_con 2.22 plddt 0.86 ptm 0.89 i_ptm 0.80 rg 1.20
96 models [2] recycles 1 hard 0 soft 1 temp 0.29 loss 2.86 helix 1.69 pae 0.14 i_pae 0.12 con 1.50 i_con 1.57 plddt 0.93 ptm 0.90 i_ptm 0.87 rg 0.72
120 models [2] recycles 1 hard 0 soft 1 temp 0.01 loss 3.26 helix 1.97 pae 0.14 i_pae 0.11 con 1.56 i_con 1.83 plddt 0.93 ptm 0.91 i_ptm 0.87 rg 1.25
Softmax trajectory pLDDT good, continuing: 0.93
Stage 3: One-hot Optimisation
97 models [3] recycles 1 hard 0 soft 1 temp 0.27 loss 2.89 helix 1.64 pae 0.13 i_pae 0.12 con 1.48 i_con 1.60 plddt 0.93 ptm 0.91 i_ptm 0.88 rg 0.73
121 models [2] recycles 1 hard 1 soft 1 temp 0.01 loss 3.18 helix 1.95 pae 0.14 i_pae 0.11 con 1.56 i_con 1.72 plddt 0.92 ptm 0.91 i_ptm 0.88 rg 1.33
Unmet filter conditions for egfr_l66_s957415_mpnn3
122 models [3] recycles 1 hard 1 soft 1 temp 0.01 loss 4.14 helix 1.51 pae 0.20 i_pae 0.17 con 2.22 i_con 1.85 plddt 0.80 ptm 0.90 i_ptm 0.82 rg 1.32
98 models [3] recycles 1 hard 0 soft 1 temp 0.25 loss 2.91 helix 1.72 pae 0.13 i_pae 0.11 con 1.50 i_con 1.60 plddt 0.94 ptm 0.92 i_ptm 0.88 rg 0.81
123 models [2] recycles 1 hard 1 soft 1 temp 0.01 loss 3.17 helix 1.99 pae 0.14 i_pae 0.11 con 1.57 i_con 1.73 plddt 0.92 ptm 0.91 i_ptm 0.88 rg 1.32
99 models [1] recycles 1 hard 0 soft 1 temp 0.23 loss 2.86 helix 1.60 pae 0.13 i_pae 0.12 con 1.49 i_con 1.53 plddt 0.93 ptm 0.91 i_ptm 0.88 rg 0.82
Unmet filter conditions for egfr_l75_s674224_mpnn4
124 models [4] recycles 1 hard 1 soft 1 temp 0.01 loss 3.23 helix 1.95 pae 0.14 i_pae 0.11 con 1.58 i_con 1.77 plddt 0.92 ptm 0.91 i_ptm 0.87 rg 1.30
100 models [0] recycles 1 hard 0 soft 1 temp 0.21 loss 3.45 helix 1.62 pae 0.15 i_pae 0.15 con 1.50 i_con 2.12 plddt 0.92 ptm 0.89 i_ptm 0.81 rg 0.75
125 models [4] recycles 1 hard 1 soft 1 temp 0.01 loss 3.29 helix 1.92 pae 0.14 i_pae 0.11 con 1.60 i_con 1.78 plddt 0.91 ptm 0.91 i_ptm 0.87 rg 1.33
One-hot trajectory pLDDT good, continuing: 0.92
Stage 4: PSSM Semigreedy Optimisation
101 models [2] recycles 1 hard 0 soft 1 temp 0.19 loss 3.29 helix 1.55 pae 0.14 i_pae 0.13 con 1.55 i_con 1.88 plddt 0.93 ptm 0.90 i_ptm 0.84 rg 0.81
Running semigreedy optimization...
126 models [4] recycles 1 hard 1 soft 0 temp 1 loss 3.44 helix 1.86 pae 0.15 i_pae 0.12 con 1.74 i_con 1.77 plddt 0.89 ptm 0.91 i_ptm 0.86 rg 1.33
127 models [2] recycles 1 hard 1 soft 0 temp 1 loss 3.49 helix 1.83 pae 0.15 i_pae 0.12 con 1.74 i_con 1.79 plddt 0.90 ptm 0.91 i_ptm 0.86 rg 1.39
Unmet filter conditions for egfr_l67_s528267_mpnn8
102 models [1] recycles 1 hard 0 soft 1 temp 0.17 loss 2.85 helix 1.68 pae 0.13 i_pae 0.12 con 1.45 i_con 1.61 plddt 0.94 ptm 0.91 i_ptm 0.88 rg 0.75
128 models [2] recycles 1 hard 1 soft 0 temp 1 loss 3.52 helix 1.81 pae 0.16 i_pae 0.13 con 1.74 i_con 1.81 plddt 0.90 ptm 0.91 i_ptm 0.86 rg 1.39
129 models [0] recycles 1 hard 1 soft 0 temp 1 loss 4.53 helix 1.45 pae 0.23 i_pae 0.20 con 2.47 i_con 1.96 plddt 0.75 ptm 0.88 i_ptm 0.80 rg 1.33
103 models [2] recycles 1 hard 0 soft 1 temp 0.15 loss 3.76 helix 1.47 pae 0.16 i_pae 0.16 con 1.60 i_con 2.28 plddt 0.91 ptm 0.89 i_ptm 0.81 rg 0.73130 models [2] recycles 1 hard 1 soft 0 temp 1 loss 4.47 helix 1.45 pae 0.22 i_pae 0.19 con 2.32 i_con 2.06 plddt 0.79 ptm 0.88 i_ptm 0.79 rg 1.30

Base AF2 filters not passed for egfr_l67_s528267_mpnn9, skipping interface scoring
131 models [1] recycles 1 hard 1 soft 0 temp 1 loss 4.44 helix 1.47 pae 0.22 i_pae 0.19 con 2.24 i_con 1.94 plddt 0.78 ptm 0.89 i_ptm 0.81 rg 1.89
132 models [1] recycles 1 hard 1 soft 0 temp 1 loss 4.42 helix 1.47 pae 0.22 i_pae 0.19 con 2.26 i_con 1.93 plddt 0.78 ptm 0.89 i_ptm 0.81 rg 1.76
104 models [4] recycles 1 hard 0 soft 1 temp 0.14 loss 3.39 helix 1.44 pae 0.15 i_pae 0.14 con 1.61 i_con 1.87 plddt 0.92 ptm 0.90 i_ptm 0.82 rg 0.81
133 models [0] recycles 1 hard 1 soft 0 temp 1 loss 4.55 helix 1.44 pae 0.23 i_pae 0.20 con 2.37 i_con 1.98 plddt 0.76 ptm 0.88 i_ptm 0.79 rg 1.62
134 models [3] recycles 1 hard 1 soft 0 temp 1 loss 7.75 helix 1.09 pae 0.63 i_pae 0.68 con 3.28 i_con 4.22 plddt 0.44 ptm 0.72 i_ptm 0.19 rg 0.54
135 models [2] recycles 1 hard 1 soft 0 temp 1 loss 6.92 helix 1.12 pae 0.52 i_pae 0.55 con 3.01 i_con 3.66 plddt 0.53 ptm 0.75 i_ptm 0.29 rg 0.80
105 models [1] recycles 1 hard 0 soft 1 temp 0.12 loss 2.93 helix 1.67 pae 0.14 i_pae 0.12 con 1.46 i_con 1.66 plddt 0.93 ptm 0.91 i_ptm 0.87 rg 0.77
136 models [1] recycles 1 hard 1 soft 0 temp 1 loss 5.07 helix 1.23 pae 0.29 i_pae 0.25 con 2.68 i_con 2.06 plddt 0.69 ptm 0.86 i_ptm 0.79 rg 1.73
137 models [4] recycles 1 hard 1 soft 0 temp 1 loss 5.60 helix 1.12 pae 0.34 i_pae 0.31 con 2.91 i_con 2.35 plddt 0.63 ptm 0.83 i_ptm 0.72 rg 1.54
106 models [0] recycles 1 hard 0 soft 1 temp 0.11 loss 3.09 helix 1.64 pae 0.14 i_pae 0.13 con 1.49 i_con 1.78 plddt 0.93 ptm 0.90 i_ptm 0.84 rg 0.78
138 models [3] recycles 1 hard 1 soft 0 temp 1 loss 5.76 helix 1.21 pae 0.33 i_pae 0.31 con 2.76 i_con 2.69 plddt 0.64 ptm 0.83 i_ptm 0.63 rg 1.53
139 models [1] recycles 1 hard 1 soft 0 temp 1 loss 5.38 helix 1.11 pae 0.32 i_pae 0.29 con 2.88 i_con 2.17 plddt 0.66 ptm 0.85 i_ptm 0.77 rg 1.54
140 models [1] recycles 1 hard 1 soft 0 temp 1 loss 5.49 helix 1.13 pae 0.32 i_pae 0.29 con 2.91 i_con 2.23 plddt 0.65 ptm 0.84 i_ptm 0.76 rg 1.63
Trajectory successful, final pLDDT: 0.92
Starting trajectory took: 0 hours, 12 minutes, 2 seconds

107 models [1] recycles 1 hard 0 soft 1 temp 0.09 loss 2.89 helix 1.71 pae 0.13 i_pae 0.12 con 1.45 i_con 1.65 plddt 0.94 ptm 0.91 i_ptm 0.87 rg 0.73
Unmet filter conditions for egfr_l74_s655438_mpnn5
108 models [0] recycles 1 hard 0 soft 1 temp 0.08 loss 7.45 helix 0.95 pae 0.64 i_pae 0.73 con 2.98 i_con 4.39 plddt 0.53 ptm 0.69 i_ptm 0.19 rg -0.16
109 models [1] recycles 1 hard 0 soft 1 temp 0.07 loss 2.80 helix 1.65 pae 0.13 i_pae 0.12 con 1.44 i_con 1.56 plddt 0.94 ptm 0.91 i_ptm 0.88 rg 0.73
110 models [3] recycles 1 hard 0 soft 1 temp 0.06 loss 4.36 helix 1.19 pae 0.20 i_pae 0.20 con 1.88 i_con 2.47 plddt 0.86 ptm 0.87 i_ptm 0.75 rg 0.78
111 models [1] recycles 1 hard 0 soft 1 temp 0.05 loss 3.98 helix 1.13 pae 0.18 i_pae 0.16 con 1.93 i_con 2.02 plddt 0.86 ptm 0.89 i_ptm 0.82 rg 0.86
112 models [3] recycles 1 hard 0 soft 1 temp 0.04 loss 2.85 helix 1.68 pae 0.13 i_pae 0.12 con 1.48 i_con 1.55 plddt 0.94 ptm 0.91 i_ptm 0.88 rg 0.81
113 models [2] recycles 1 hard 0 soft 1 temp 0.03 loss 3.71 helix 1.50 pae 0.16 i_pae 0.16 con 1.65 i_con 2.17 plddt 0.91 ptm 0.89 i_ptm 0.81 rg 0.80
Unmet filter conditions for egfr_l93_s713816_mpnn18
114 models [2] recycles 1 hard 0 soft 1 temp 0.03 loss 3.86 helix 1.47 pae 0.17 i_pae 0.18 con 1.60 i_con 2.35 plddt 0.91 ptm 0.87 i_ptm 0.77 rg 0.80
Unmet filter conditions for egfr_l78_s644042_mpnn2
115 models [2] recycles 1 hard 0 soft 1 temp 0.02 loss 3.56 helix 1.52 pae 0.16 i_pae 0.15 con 1.61 i_con 2.08 plddt 0.92 ptm 0.89 i_ptm 0.81 rg 0.78
Base AF2 filters not passed for egfr_l93_s713816_mpnn19, skipping interface scoring
116 models [0] recycles 1 hard 0 soft 1 temp 0.02 loss 2.98 helix 1.65 pae 0.13 i_pae 0.13 con 1.45 i_con 1.73 plddt 0.93 ptm 0.91 i_ptm 0.86 rg 0.71
Unmet filter conditions for egfr_l66_s957415_mpnn4
117 models [3] recycles 1 hard 0 soft 1 temp 0.01 loss 3.67 helix 1.44 pae 0.16 i_pae 0.15 con 1.59 i_con 2.18 plddt 0.91 ptm 0.89 i_ptm 0.81 rg 0.75
Base AF2 filters not passed for egfr_l93_s713816_mpnn20, skipping interface scoring
No accepted MPNN designs found for this trajectory.

Design and validation of trajectory egfr_l93_s713816 took: 0 hours, 7 minutes, 54 seconds
Target number of 1 trajectories reached, stopping execution...
Finished all designs. Script execution for 2 trajectories took: 0 hours, 22 minutes, 44 seconds
Fixing interface residues: B3,B5,B6,B7,B9,B10,B13,B14,B16,B17,B18,B20,B21,B22,B24,B25,B26,B27,B30,B38,B41,B61
118 models [0] recycles 1 hard 0 soft 1 temp 0.01 loss 2.94 helix 1.64 pae 0.14 i_pae 0.13 con 1.43 i_con 1.70 plddt 0.93 ptm 0.90 i_ptm 0.86 rg 0.72

=== files under /designs/egfr/attempts/phase1-v3c-core/6 ===
  /designs/egfr/attempts/phase1-v3c-core/6/egfr.pdb  (127340 bytes)
  /designs/egfr/attempts/phase1-v3c-core/6/failure_csv.csv  (1118 bytes)
  /designs/egfr/attempts/phase1-v3c-core/6/final_design_stats.csv  (3890 bytes)
  /designs/egfr/attempts/phase1-v3c-core/6/mpnn_design_stats.csv  (6879 bytes)
  /designs/egfr/attempts/phase1-v3c-core/6/mpnn_reprediction_log.csv  (3150 bytes)
  /designs/egfr/attempts/phase1-v3c-core/6/trajectory_stats.csv  (1230 bytes)
  /designs/egfr/attempts/phase1-v3c-core/6/MPNN/Relaxed/egfr_l93_s713816_mpnn18_model1.pdb  (381510 bytes)
  /designs/egfr/attempts/phase1-v3c-core/6/MPNN/Relaxed/egfr_l93_s713816_mpnn18_model2.pdb  (381348 bytes)
  /designs/egfr/attempts/phase1-v3c-core/6/MPNN/Relaxed/egfr_l93_s713816_mpnn4_model1.pdb  (383454 bytes)
  /designs/egfr/attempts/phase1-v3c-core/6/MPNN/Relaxed/egfr_l93_s713816_mpnn4_model2.pdb  (383292 bytes)
  /designs/egfr/attempts/phase1-v3c-core/6/Rejected/egfr_l93_s713816_mpnn18_model1.pdb  (381510 bytes)
  /designs/egfr/attempts/phase1-v3c-core/6/Rejected/egfr_l93_s713816_mpnn4_model2.pdb  (383292 bytes)
  /designs/egfr/attempts/phase1-v3c-core/6/Trajectory/Relaxed/egfr_l93_s713816.pdb  (380862 bytes)

=== trajectory_stats.csv (1 rows) ===
             Design Protocol  Length    Seed  Helicity       Target_Hotspot                                                                                       Sequence                                                                                InterfaceResidues  pLDDT   pTM  i_pTM   pAE  i_pAE  i_pLDDT  ss_pLDDT  Unrelaxed_Clashes  Relaxed_Clashes  Binder_Energy_Score  Surface_Hydrophobicity  ShapeComplementarity  PackStat     dG    dSASA  dG/dSASA  Interface_SASA_%  Interface_Hydrophobicity  n_InterfaceResidues  n_InterfaceHbonds  InterfaceHbondsPercentage  n_InterfaceUnsatHbonds  InterfaceUnsatHbondsPercentage  Interface_Helix%  Interface_BetaSheet%  Interface_Loop%  Binder_Helix%  Binder_BetaSheet%  Binder_Loop%                                                                                                                                                      InterfaceAAs  Target_RMSD                   TrajectoryTime  Notes TargetSettings          Filters AdvancedSettings
0  egfr_l93_s713816   4stage      93  713816      -0.3  A408,A409,A411,A412  MELARRIHKRMVELVLEAYEKDQMDPYFFVISSIGHISYKHLGGKFHPWFMEHWPTFVEIGMKTFKNDPEAMAKVREFRSLMEVYVEETARNS  B11,B12,B15,B16,B19,B20,B22,B24,B26,B27,B29,B30,B32,B33,B34,B36,B37,B38,B40,B41,B42,B47,B48,B49   0.96  0.93   0.91  0.12   0.08     0.96      0.96                  2                0              -247.96                    0.43                  0.69      0.66 -57.58  2375.89     -2.42             50.15                      62.5                   24                  4                      16.67                    10.0                           41.67             80.95                   0.0            19.05          81.72                0.0         18.28  {'A': 0, 'C': 0, 'D': 1, 'E': 1, 'F': 1, 'G': 0, 'H': 3, 'I': 2, 'K': 1, 'L': 2, 'M': 2, 'N': 0, 'P': 2, 'Q': 0, 'R': 0, 'S': 3, 'T': 0, 'V': 3, 'W': 1, 'Y': 2}         0.22  0 hours, 13 minutes, 46 seconds    NaN         egfr_6  default_filters       advanced_6

=== final_design_stats.csv (0 rows) ===

=== mpnn_reprediction_log.csv (40 rows) ===
              timestamp         mpnn_design_name  model  pLDDT   pTM  i_pTM   pAE  i_pAE  pass_af2_filters
0   2026-09-30T05:32:01   egfr_l93_s713816_mpnn1      1   0.95  0.92   0.89  0.11   0.13             False
1   2026-09-30T05:32:01   egfr_l93_s713816_mpnn1      2   0.94  0.67   0.08  0.64   0.89             False
2   2026-09-30T05:32:11   egfr_l93_s713816_mpnn2      1   0.96  0.92   0.90  0.11   0.12             False
3   2026-09-30T05:32:11   egfr_l93_s713816_mpnn2      2   0.95  0.67   0.09  0.64   0.89             False
4   2026-09-30T05:32:21   egfr_l93_s713816_mpnn3      1   0.95  0.92   0.89  0.11   0.13             False
5   2026-09-30T05:32:21   egfr_l93_s713816_mpnn3      2   0.94  0.67   0.09  0.64   0.90             False
6   2026-09-30T05:34:05   egfr_l93_s713816_mpnn4      1   0.95  0.92   0.90  0.11   0.13              True
7   2026-09-30T05:34:05   egfr_l93_s713816_mpnn4      2   0.96  0.93   0.90  0.11   0.13              True
8   2026-09-30T05:34:45   egfr_l93_s713816_mpnn5      1   0.95  0.92   0.89  0.11   0.13             False
9   2026-09-30T05:34:45   egfr_l93_s713816_mpnn5      2   0.95  0.67   0.09  0.64   0.89             False
10  2026-09-30T05:34:55   egfr_l93_s713816_mpnn6      1   0.96  0.92   0.90  0.11   0.13             False
11  2026-09-30T05:34:55   egfr_l93_s713816_mpnn6      2   0.96  0.67   0.08  0.64   0.89             False
12  2026-09-30T05:35:05   egfr_l93_s713816_mpnn7      1   0.95  0.92   0.90  0.11   0.13             False
13  2026-09-30T05:35:05   egfr_l93_s713816_mpnn7      2   0.95  0.67   0.08  0.64   0.90             False
14  2026-09-30T05:35:15   egfr_l93_s713816_mpnn8      1   0.95  0.92   0.90  0.11   0.13             False
15  2026-09-30T05:35:15   egfr_l93_s713816_mpnn8      2   0.95  0.67   0.08  0.64   0.89             False
16  2026-09-30T05:35:25   egfr_l93_s713816_mpnn9      1   0.95  0.92   0.90  0.11   0.13             False
17  2026-09-30T05:35:25   egfr_l93_s713816_mpnn9      2   0.96  0.67   0.08  0.64   0.89             False
18  2026-09-30T05:35:35  egfr_l93_s713816_mpnn10      1   0.95  0.92   0.89  0.12   0.13             False
19  2026-09-30T05:35:35  egfr_l93_s713816_mpnn10      2   0.93  0.67   0.09  0.64   0.90             False
20  2026-09-30T05:35:45  egfr_l93_s713816_mpnn11      1   0.96  0.92   0.90  0.11   0.13             False
21  2026-09-30T05:35:45  egfr_l93_s713816_mpnn11      2   0.95  0.67   0.08  0.64   0.90             False
22  2026-09-30T05:35:55  egfr_l93_s713816_mpnn12      1   0.95  0.92   0.89  0.11   0.13             False
23  2026-09-30T05:35:55  egfr_l93_s713816_mpnn12      2   0.94  0.67   0.09  0.64   0.89             False
24  2026-09-30T05:36:05  egfr_l93_s713816_mpnn13      1   0.96  0.92   0.90  0.11   0.13             False
25  2026-09-30T05:36:05  egfr_l93_s713816_mpnn13      2   0.94  0.67   0.08  0.64   0.90             False
26  2026-09-30T05:36:15  egfr_l93_s713816_mpnn14      1   0.95  0.92   0.90  0.11   0.13             False
27  2026-09-30T05:36:15  egfr_l93_s713816_mpnn14      2   0.95  0.67   0.09  0.63   0.89             False
28  2026-09-30T05:36:25  egfr_l93_s713816_mpnn15      1   0.96  0.92   0.90  0.11   0.12             False
29  2026-09-30T05:36:25  egfr_l93_s713816_mpnn15      2   0.95  0.67   0.08  0.64   0.89             False
30  2026-09-30T05:36:35  egfr_l93_s713816_mpnn16      1   0.96  0.92   0.90  0.11   0.13             False
31  2026-09-30T05:36:35  egfr_l93_s713816_mpnn16      2   0.95  0.67   0.08  0.64   0.90             False
32  2026-09-30T05:36:46  egfr_l93_s713816_mpnn17      1   0.94  0.92   0.89  0.11   0.13             False
33  2026-09-30T05:36:46  egfr_l93_s713816_mpnn17      2   0.93  0.67   0.08  0.64   0.90             False
34  2026-09-30T05:38:38  egfr_l93_s713816_mpnn18      1   0.96  0.92   0.90  0.11   0.12              True
35  2026-09-30T05:38:38  egfr_l93_s713816_mpnn18      2   0.96  0.93   0.90  0.10   0.12              True
36  2026-09-30T05:39:04  egfr_l93_s713816_mpnn19      1   0.95  0.92   0.90  0.11   0.13             False
37  2026-09-30T05:39:04  egfr_l93_s713816_mpnn19      2   0.93  0.67   0.08  0.65   0.90             False
38  2026-09-30T05:39:14  egfr_l93_s713816_mpnn20      1   0.96  0.92   0.90  0.11   0.12             False
39  2026-09-30T05:39:14  egfr_l93_s713816_mpnn20      2   0.96  0.67   0.09  0.63   0.89             False
119 models [4] recycles 1 hard 0 soft 1 temp 0.01 loss 4.42 helix 1.05 pae 0.21 i_pae 0.21 con 2.12 i_con 2.25 plddt 0.82 ptm 0.87 i_ptm 0.76 rg 0.75
Unmet filter conditions for egfr_l75_s674224_mpnn5
120 models [1] recycles 1 hard 0 soft 1 temp 0.01 loss 2.94 helix 1.58 pae 0.13 i_pae 0.12 con 1.49 i_con 1.62 plddt 0.93 ptm 0.91 i_ptm 0.87 rg 0.77
Softmax trajectory pLDDT good, continuing: 0.93
Stage 3: One-hot Optimisation
121 models [4] recycles 1 hard 1 soft 1 temp 0.01 loss 8.16 helix 0.88 pae 0.70 i_pae 0.74 con 3.45 i_con 4.40 plddt 0.37 ptm 0.69 i_ptm 0.16 rg 0.39
Unmet filter conditions for egfr_l67_s528267_mpnn10
122 models [2] recycles 1 hard 1 soft 1 temp 0.01 loss 3.69 helix 1.47 pae 0.15 i_pae 0.15 con 1.67 i_con 2.13 plddt 0.90 ptm 0.90 i_ptm 0.82 rg 0.79
123 models [1] recycles 1 hard 1 soft 1 temp 0.01 loss 2.76 helix 1.66 pae 0.13 i_pae 0.11 con 1.39 i_con 1.56 plddt 0.94 ptm 0.92 i_ptm 0.88 rg 0.78
124 models [0] recycles 1 hard 1 soft 1 temp 0.01 loss 2.88 helix 1.62 pae 0.13 i_pae 0.12 con 1.43 i_con 1.63 plddt 0.93 ptm 0.91 i_ptm 0.86 rg 0.78
125 models [2] recycles 1 hard 1 soft 1 temp 0.01 loss 7.27 helix 0.93 pae 0.59 i_pae 0.66 con 2.93 i_con 4.17 plddt 0.51 ptm 0.70 i_ptm 0.21 rg 0.20
One-hot trajectory pLDDT good, continuing: 0.94
Stage 4: PSSM Semigreedy Optimisation
Running semigreedy optimization...
Unmet filter conditions for egfr_l74_s655438_mpnn6
126 models [2] recycles 1 hard 1 soft 0 temp 1 loss 2.95 helix 1.63 pae 0.13 i_pae 0.12 con 1.45 i_con 1.66 plddt 0.93 ptm 0.91 i_ptm 0.87 rg 0.84
127 models [1] recycles 1 hard 1 soft 0 temp 1 loss 2.87 helix 1.60 pae 0.13 i_pae 0.12 con 1.43 i_con 1.61 plddt 0.93 ptm 0.91 i_ptm 0.87 rg 0.76
128 models [2] recycles 1 hard 1 soft 0 temp 1 loss 2.98 helix 1.57 pae 0.14 i_pae 0.12 con 1.46 i_con 1.65 plddt 0.93 ptm 0.91 i_ptm 0.87 rg 0.86
129 models [0] recycles 1 hard 1 soft 0 temp 1 loss 3.00 helix 1.56 pae 0.14 i_pae 0.13 con 1.46 i_con 1.69 plddt 0.92 ptm 0.90 i_ptm 0.86 rg 0.79
130 models [0] recycles 1 hard 1 soft 0 temp 1 loss 2.96 helix 1.57 pae 0.14 i_pae 0.13 con 1.45 i_con 1.66 plddt 0.93 ptm 0.91 i_ptm 0.87 rg 0.81
131 models [2] recycles 1 hard 1 soft 0 temp 1 loss 3.64 helix 1.48 pae 0.17 i_pae 0.16 con 1.58 i_con 2.13 plddt 0.90 ptm 0.89 i_ptm 0.80 rg 0.89
132 models [2] recycles 1 hard 1 soft 0 temp 1 loss 7.60 helix 0.92 pae 0.64 i_pae 0.69 con 3.26 i_con 4.36 plddt 0.44 ptm 0.70 i_ptm 0.20 rg -0.57
133 models [0] recycles 1 hard 1 soft 0 temp 1 loss 3.21 helix 1.50 pae 0.15 i_pae 0.14 con 1.59 i_con 1.70 plddt 0.91 ptm 0.91 i_ptm 0.87 rg 0.94
134 models [1] recycles 1 hard 1 soft 0 temp 1 loss 5.79 helix 1.15 pae 0.40 i_pae 0.48 con 1.98 i_con 3.52 plddt 0.73 ptm 0.76 i_ptm 0.37 rg 1.27
135 models [3] recycles 1 hard 1 soft 0 temp 1 loss 8.09 helix 0.96 pae 0.66 i_pae 0.70 con 3.50 i_con 4.38 plddt 0.37 ptm 0.70 i_ptm 0.20 rg 0.19
136 models [0] recycles 1 hard 1 soft 0 temp 1 loss 3.63 helix 1.42 pae 0.19 i_pae 0.18 con 1.82 i_con 1.78 plddt 0.85 ptm 0.88 i_ptm 0.84 rg 1.14
137 models [4] recycles 1 hard 1 soft 0 temp 1 loss 7.90 helix 1.07 pae 0.65 i_pae 0.66 con 3.59 i_con 4.07 plddt 0.35 ptm 0.71 i_ptm 0.22 rg 0.42
138 models [0] recycles 1 hard 1 soft 0 temp 1 loss 4.10 helix 1.23 pae 0.22 i_pae 0.21 con 2.07 i_con 1.87 plddt 0.79 ptm 0.88 i_ptm 0.83 rg 1.30
139 models [2] recycles 1 hard 1 soft 0 temp 1 loss 7.85 helix 0.96 pae 0.66 i_pae 0.70 con 3.45 i_con 4.40 plddt 0.40 ptm 0.70 i_ptm 0.19 rg -0.50
140 models [2] recycles 1 hard 1 soft 0 temp 1 loss 8.81 helix 0.90 pae 0.71 i_pae 0.76 con 3.68 i_con 4.78 plddt 0.38 ptm 0.69 i_ptm 0.16 rg 0.50
Trajectory successful, final pLDDT: 0.94
Starting trajectory took: 0 hours, 13 minutes, 36 seconds

Unmet filter conditions for egfr_l78_s644042_mpnn3
Unmet filter conditions for egfr_l66_s957415_mpnn5
Unmet filter conditions for egfr_l67_s528267_mpnn11
Unmet filter conditions for egfr_l75_s674224_mpnn6
Unmet filter conditions for egfr_l74_s655438_mpnn7
Fixing interface residues: B2,B7,B10,B13,B14,B17,B19,B20,B23,B24,B27,B28,B30,B31,B32,B34,B35,B37,B46,B49,B50,B53,B56,B57,B64
Unmet filter conditions for egfr_l79_s846567_mpnn1
Unmet filter conditions for egfr_l66_s957415_mpnn6
Unmet filter conditions for egfr_l78_s644042_mpnn4
Unmet filter conditions for egfr_l67_s528267_mpnn12
egfr_l75_s674224_mpnn7 passed all filters
Unmet filter conditions for egfr_l74_s655438_mpnn8
Unmet filter conditions for egfr_l79_s846567_mpnn2
Unmet filter conditions for egfr_l66_s957415_mpnn7
Unmet filter conditions for egfr_l78_s644042_mpnn5
egfr_l91_s124145_mpnn1 passed all filters
Unmet filter conditions for egfr_l67_s528267_mpnn13
Unmet filter conditions for egfr_l74_s655438_mpnn9
Unmet filter conditions for egfr_l75_s674224_mpnn8
Unmet filter conditions for egfr_l66_s957415_mpnn8
Unmet filter conditions for egfr_l79_s846567_mpnn3
Unmet filter conditions for egfr_l78_s644042_mpnn6
Unmet filter conditions for egfr_l67_s528267_mpnn14
Unmet filter conditions for egfr_l91_s124145_mpnn2
Unmet filter conditions for egfr_l74_s655438_mpnn10
Unmet filter conditions for egfr_l75_s674224_mpnn9
Unmet filter conditions for egfr_l66_s957415_mpnn9
Unmet filter conditions for egfr_l67_s528267_mpnn15
Unmet filter conditions for egfr_l79_s846567_mpnn4
Unmet filter conditions for egfr_l78_s644042_mpnn7
Unmet filter conditions for egfr_l74_s655438_mpnn11
Unmet filter conditions for egfr_l91_s124145_mpnn3
Unmet filter conditions for egfr_l66_s957415_mpnn10
Unmet filter conditions for egfr_l75_s674224_mpnn10
Unmet filter conditions for egfr_l67_s528267_mpnn16
egfr_l79_s846567_mpnn5 passed all filters
Unmet filter conditions for egfr_l74_s655438_mpnn12
Unmet filter conditions for egfr_l78_s644042_mpnn8
Unmet filter conditions for egfr_l66_s957415_mpnn11
Unmet filter conditions for egfr_l91_s124145_mpnn4
Unmet filter conditions for egfr_l67_s528267_mpnn17
Unmet filter conditions for egfr_l75_s674224_mpnn11
egfr_l79_s846567_mpnn6 passed all filters
Found 2 MPNN designs passing filters

Design and validation of trajectory egfr_l79_s846567 took: 0 hours, 12 minutes, 11 seconds
Target number 2 of designs reached! Reranking...
Files in folder '/designs/egfr/attempts/phase1-v3c-core/7/Trajectory/Animation' have been zipped and removed.
Files in folder '/designs/egfr/attempts/phase1-v3c-core/7/Trajectory/Plots' have been zipped and removed.
Finished all designs. Script execution for 3 trajectories took: 0 hours, 34 minutes, 55 seconds
Unmet filter conditions for egfr_l74_s655438_mpnn13

=== files under /designs/egfr/attempts/phase1-v3c-core/7 ===
  /designs/egfr/attempts/phase1-v3c-core/7/egfr.pdb  (127340 bytes)
  /designs/egfr/attempts/phase1-v3c-core/7/failure_csv.csv  (1116 bytes)
  /designs/egfr/attempts/phase1-v3c-core/7/final_design_stats.csv  (6843 bytes)
  /designs/egfr/attempts/phase1-v3c-core/7/mpnn_design_stats.csv  (12724 bytes)
  /designs/egfr/attempts/phase1-v3c-core/7/mpnn_reprediction_log.csv  (989 bytes)
  /designs/egfr/attempts/phase1-v3c-core/7/trajectory_stats.csv  (1199 bytes)
  /designs/egfr/attempts/phase1-v3c-core/7/Accepted/egfr_l79_s846567_mpnn5_model2.pdb  (366282 bytes)
  /designs/egfr/attempts/phase1-v3c-core/7/Accepted/egfr_l79_s846567_mpnn6_model1.pdb  (365148 bytes)
  /designs/egfr/attempts/phase1-v3c-core/7/Accepted/Ranked/1_egfr_l79_s846567_mpnn5_model2.pdb  (366282 bytes)
  /designs/egfr/attempts/phase1-v3c-core/7/Accepted/Ranked/2_egfr_l79_s846567_mpnn6_model1.pdb  (365148 bytes)
  /designs/egfr/attempts/phase1-v3c-core/7/MPNN/Relaxed/egfr_l79_s846567_mpnn1_model1.pdb  (361341 bytes)
  /designs/egfr/attempts/phase1-v3c-core/7/MPNN/Relaxed/egfr_l79_s846567_mpnn1_model2.pdb  (361341 bytes)
  /designs/egfr/attempts/phase1-v3c-core/7/MPNN/Relaxed/egfr_l79_s846567_mpnn2_model1.pdb  (362313 bytes)
  /designs/egfr/attempts/phase1-v3c-core/7/MPNN/Relaxed/egfr_l79_s846567_mpnn2_model2.pdb  (362313 bytes)
  /designs/egfr/attempts/phase1-v3c-core/7/MPNN/Relaxed/egfr_l79_s846567_mpnn3_model1.pdb  (364905 bytes)
  /designs/egfr/attempts/phase1-v3c-core/7/MPNN/Relaxed/egfr_l79_s846567_mpnn3_model2.pdb  (364905 bytes)
  /designs/egfr/attempts/phase1-v3c-core/7/MPNN/Relaxed/egfr_l79_s846567_mpnn4_model1.pdb  (362475 bytes)
  /designs/egfr/attempts/phase1-v3c-core/7/MPNN/Relaxed/egfr_l79_s846567_mpnn4_model2.pdb  (362475 bytes)
  /designs/egfr/attempts/phase1-v3c-core/7/MPNN/Relaxed/egfr_l79_s846567_mpnn5_model1.pdb  (366282 bytes)
  /designs/egfr/attempts/phase1-v3c-core/7/MPNN/Relaxed/egfr_l79_s846567_mpnn5_model2.pdb  (366282 bytes)
  /designs/egfr/attempts/phase1-v3c-core/7/MPNN/Relaxed/egfr_l79_s846567_mpnn6_model1.pdb  (365148 bytes)
  /designs/egfr/attempts/phase1-v3c-core/7/MPNN/Relaxed/egfr_l79_s846567_mpnn6_model2.pdb  (365148 bytes)
  /designs/egfr/attempts/phase1-v3c-core/7/Rejected/egfr_l79_s846567_mpnn1_model1.pdb  (361341 bytes)
  /designs/egfr/attempts/phase1-v3c-core/7/Rejected/egfr_l79_s846567_mpnn2_model2.pdb  (362313 bytes)
  /designs/egfr/attempts/phase1-v3c-core/7/Rejected/egfr_l79_s846567_mpnn3_model1.pdb  (364905 bytes)
  /designs/egfr/attempts/phase1-v3c-core/7/Rejected/egfr_l79_s846567_mpnn4_model1.pdb  (362475 bytes)
  /designs/egfr/attempts/phase1-v3c-core/7/Trajectory/Animation.zip  (22 bytes)
  /designs/egfr/attempts/phase1-v3c-core/7/Trajectory/Plots.zip  (22 bytes)
  /designs/egfr/attempts/phase1-v3c-core/7/Trajectory/LowConfidence/egfr_l76_s562381.pdb  (179602 bytes)
  /designs/egfr/attempts/phase1-v3c-core/7/Trajectory/Relaxed/egfr_l79_s846567.pdb  (366201 bytes)

=== trajectory_stats.csv (1 rows) ===
             Design Protocol  Length    Seed  Helicity       Target_Hotspot                                                                         Sequence                                                                   InterfaceResidues  pLDDT   pTM  i_pTM   pAE  i_pAE  i_pLDDT  ss_pLDDT  Unrelaxed_Clashes  Relaxed_Clashes  Binder_Energy_Score  Surface_Hydrophobicity  ShapeComplementarity  PackStat     dG    dSASA  dG/dSASA  Interface_SASA_%  Interface_Hydrophobicity  n_InterfaceResidues  n_InterfaceHbonds  InterfaceHbondsPercentage  n_InterfaceUnsatHbonds  InterfaceUnsatHbondsPercentage  Interface_Helix%  Interface_BetaSheet%  Interface_Loop%  Binder_Helix%  Binder_BetaSheet%  Binder_Loop%                                                                                                                                                      InterfaceAAs  Target_RMSD                  TrajectoryTime  Notes TargetSettings          Filters AdvancedSettings
0  egfr_l79_s846567   4stage      79  846567      -0.3  A408,A409,A411,A412  RLPTNWTLHHWGEFYRHEFHFFRTVYTPEEQRRLRPKFEAKMMTIFNTHVWPVMQKSSPEEKREFMTIWTEAWAEYMAM  B3,B5,B6,B7,B9,B10,B13,B14,B16,B17,B18,B20,B21,B22,B24,B25,B26,B27,B30,B38,B41,B61   0.92  0.91   0.88  0.14   0.11     0.92      0.94                  5                0               -187.4                    0.34                  0.69      0.66 -45.93  1979.31     -2.32              42.9                     36.36                   22                  5                      22.73                     2.0                            9.09             73.68                   0.0            26.32          82.28                0.0         17.72  {'A': 0, 'C': 0, 'D': 0, 'E': 4, 'F': 4, 'G': 0, 'H': 4, 'I': 0, 'K': 1, 'L': 0, 'M': 0, 'N': 1, 'P': 1, 'Q': 0, 'R': 1, 'S': 0, 'T': 3, 'V': 1, 'W': 1, 'Y': 1}         0.41  0 hours, 12 minutes, 2 seconds    NaN         egfr_7  default_filters       advanced_7

=== final_design_stats.csv (2 rows) ===
   Rank                  Design Protocol  Length    Seed  Helicity       Target_Hotspot                                                                         Sequence                                                                 InterfaceResidues  MPNN_score  MPNN_seq_recovery  Average_pLDDT  1_pLDDT  2_pLDDT  3_pLDDT  4_pLDDT  5_pLDDT  Average_pTM  1_pTM  2_pTM  3_pTM  4_pTM  5_pTM  Average_i_pTM  1_i_pTM  2_i_pTM  3_i_pTM  4_i_pTM  5_i_pTM  Average_pAE  1_pAE  2_pAE  3_pAE  4_pAE  5_pAE  Average_i_pAE  1_i_pAE  2_i_pAE  3_i_pAE  4_i_pAE  5_i_pAE  Average_i_pLDDT  1_i_pLDDT  2_i_pLDDT  3_i_pLDDT  4_i_pLDDT  5_i_pLDDT  Average_ss_pLDDT  1_ss_pLDDT  2_ss_pLDDT  3_ss_pLDDT  4_ss_pLDDT  5_ss_pLDDT  Average_Unrelaxed_Clashes  1_Unrelaxed_Clashes  2_Unrelaxed_Clashes  3_Unrelaxed_Clashes  4_Unrelaxed_Clashes  5_Unrelaxed_Clashes  Average_Relaxed_Clashes  1_Relaxed_Clashes  2_Relaxed_Clashes  3_Relaxed_Clashes  4_Relaxed_Clashes  5_Relaxed_Clashes  Average_Binder_Energy_Score  1_Binder_Energy_Score  2_Binder_Energy_Score  3_Binder_Energy_Score  4_Binder_Energy_Score  5_Binder_Energy_Score  Average_Surface_Hydrophobicity  1_Surface_Hydrophobicity  2_Surface_Hydrophobicity  3_Surface_Hydrophobicity  4_Surface_Hydrophobicity  5_Surface_Hydrophobicity  Average_ShapeComplementarity  1_ShapeComplementarity  2_ShapeComplementarity  3_ShapeComplementarity  4_ShapeComplementarity  5_ShapeComplementarity  Average_PackStat  1_PackStat  2_PackStat  3_PackStat  4_PackStat  5_PackStat  Average_dG   1_dG   2_dG  3_dG  4_dG  5_dG  Average_dSASA  1_dSASA  2_dSASA  3_dSASA  4_dSASA  5_dSASA  Average_dG/dSASA  1_dG/dSASA  2_dG/dSASA  3_dG/dSASA  4_dG/dSASA  5_dG/dSASA  Average_Interface_SASA_%  1_Interface_SASA_%  2_Interface_SASA_%  3_Interface_SASA_%  4_Interface_SASA_%  5_Interface_SASA_%  Average_Interface_Hydrophobicity  1_Interface_Hydrophobicity  2_Interface_Hydrophobicity  3_Interface_Hydrophobicity  4_Interface_Hydrophobicity  5_Interface_Hydrophobicity  Average_n_InterfaceResidues  1_n_InterfaceResidues  2_n_InterfaceResidues  3_n_InterfaceResidues  4_n_InterfaceResidues  5_n_InterfaceResidues  Average_n_InterfaceHbonds  1_n_InterfaceHbonds  2_n_InterfaceHbonds  3_n_InterfaceHbonds  4_n_InterfaceHbonds  5_n_InterfaceHbonds  Average_InterfaceHbondsPercentage  1_InterfaceHbondsPercentage  2_InterfaceHbondsPercentage  3_InterfaceHbondsPercentage  4_InterfaceHbondsPercentage  5_InterfaceHbondsPercentage  Average_n_InterfaceUnsatHbonds  1_n_InterfaceUnsatHbonds  2_n_InterfaceUnsatHbonds  3_n_InterfaceUnsatHbonds  4_n_InterfaceUnsatHbonds  5_n_InterfaceUnsatHbonds  Average_InterfaceUnsatHbondsPercentage  1_InterfaceUnsatHbondsPercentage  2_InterfaceUnsatHbondsPercentage  3_InterfaceUnsatHbondsPercentage  4_InterfaceUnsatHbondsPercentage  5_InterfaceUnsatHbondsPercentage  Average_Interface_Helix%  1_Interface_Helix%  2_Interface_Helix%  3_Interface_Helix%  4_Interface_Helix%  5_Interface_Helix%  Average_Interface_BetaSheet%  1_Interface_BetaSheet%  2_Interface_BetaSheet%  3_Interface_BetaSheet%  4_Interface_BetaSheet%  5_Interface_BetaSheet%  Average_Interface_Loop%  1_Interface_Loop%  2_Interface_Loop%  3_Interface_Loop%  4_Interface_Loop%  5_Interface_Loop%  Average_Binder_Helix%  1_Binder_Helix%  2_Binder_Helix%  3_Binder_Helix%  4_Binder_Helix%  5_Binder_Helix%  Average_Binder_BetaSheet%  1_Binder_BetaSheet%  2_Binder_BetaSheet%  3_Binder_BetaSheet%  4_Binder_BetaSheet%  5_Binder_BetaSheet%  Average_Binder_Loop%  1_Binder_Loop%  2_Binder_Loop%  3_Binder_Loop%  4_Binder_Loop%  5_Binder_Loop%                                                                                                                                                                                      Average_InterfaceAAs                                                                                                                                                    1_InterfaceAAs                                                                                                                                                    2_InterfaceAAs  3_InterfaceAAs  4_InterfaceAAs  5_InterfaceAAs  Average_Hotspot_RMSD  1_Hotspot_RMSD  2_Hotspot_RMSD  3_Hotspot_RMSD  4_Hotspot_RMSD  5_Hotspot_RMSD  Average_Target_RMSD  1_Target_RMSD  2_Target_RMSD  3_Target_RMSD  4_Target_RMSD  5_Target_RMSD  Average_Binder_pLDDT  1_Binder_pLDDT  2_Binder_pLDDT  3_Binder_pLDDT  4_Binder_pLDDT  5_Binder_pLDDT  Average_Binder_pTM  1_Binder_pTM  2_Binder_pTM  3_Binder_pTM  4_Binder_pTM  5_Binder_pTM  Average_Binder_pAE  1_Binder_pAE  2_Binder_pAE  3_Binder_pAE  4_Binder_pAE  5_Binder_pAE  Average_Binder_RMSD  1_Binder_RMSD  2_Binder_RMSD  3_Binder_RMSD  4_Binder_RMSD  5_Binder_RMSD                      DesignTime  Notes TargetSettings          Filters AdvancedSettings
0     1  egfr_l79_s846567_mpnn5   4stage      79  846567      -0.3  A408,A409,A411,A412  EIPKNWTLHHWGEFFRHELHFFRTVYTKEEYEKLKPEFLEKLEKIFEEYVKPVLEKASEEEREAFFKLYSEAMAEFESR  B1,B3,B4,B5,B6,B7,B9,B10,B13,B14,B16,B17,B18,B20,B21,B22,B24,B25,B26,B27,B38,B61        1.07               0.35           0.93     0.92     0.93      NaN      NaN      NaN         0.91   0.91   0.91    NaN    NaN    NaN           0.85     0.86     0.85      NaN      NaN      NaN         0.14   0.14   0.14    NaN    NaN    NaN           0.15     0.15     0.16      NaN      NaN      NaN             0.91       0.91       0.90        NaN        NaN        NaN              0.94        0.94        0.94         NaN         NaN         NaN                        3.5                    6                    1                  NaN                  NaN                  NaN                      0.0                  0                  0                NaN                NaN                NaN                      -213.33                -208.10                -218.57                    NaN                    NaN                    NaN                            0.24                      0.24                      0.24                       NaN                       NaN                       NaN                          0.70                    0.70                    0.70                     NaN                     NaN                     NaN              0.62        0.64        0.61         NaN         NaN         NaN      -51.91 -52.96 -50.86   NaN   NaN   NaN        2019.88  2135.03  1904.73      NaN      NaN      NaN             -2.58       -2.48       -2.67         NaN         NaN         NaN                     42.98               44.68               41.27                 NaN                 NaN                 NaN                             38.18                       40.00                       36.36                         NaN                         NaN                         NaN                         23.5                     25                     22                    NaN                    NaN                    NaN                       10.5                   12                    9                  NaN                  NaN                  NaN                              44.45                        48.00                        40.91                          NaN                          NaN                          NaN                             2.5                       2.0                       3.0                       NaN                       NaN                       NaN                                   10.82                              8.00                             13.64                               NaN                               NaN                               NaN                     63.93               64.71               63.16                 NaN                 NaN                 NaN                           0.0                     0.0                     0.0                     NaN                     NaN                     NaN                    36.06              35.29              36.84                NaN                NaN                NaN                  83.54            83.54            83.54              NaN              NaN              NaN                        0.0                  0.0                  0.0                  NaN                  NaN                  NaN                 16.46           16.46           16.46             NaN             NaN             NaN  {'A': 0.5, 'C': 0.0, 'D': 0.0, 'E': 4.5, 'F': 4.0, 'G': 0.0, 'H': 4.0, 'I': 0.0, 'K': 1.0, 'L': 0.5, 'M': 0.0, 'N': 1.0, 'P': 1.0, 'Q': 0.0, 'R': 1.0, 'S': 0.0, 'T': 3.0, 'V': 1.0, 'W': 1.0, 'Y': 1.0}  {'A': 1, 'C': 0, 'D': 0, 'E': 5, 'F': 4, 'G': 0, 'H': 4, 'I': 0, 'K': 1, 'L': 1, 'M': 0, 'N': 1, 'P': 1, 'Q': 0, 'R': 1, 'S': 0, 'T': 3, 'V': 1, 'W': 1, 'Y': 1}  {'A': 0, 'C': 0, 'D': 0, 'E': 4, 'F': 4, 'G': 0, 'H': 4, 'I': 0, 'K': 1, 'L': 0, 'M': 0, 'N': 1, 'P': 1, 'Q': 0, 'R': 1, 'S': 0, 'T': 3, 'V': 1, 'W': 1, 'Y': 1}             NaN             NaN             NaN                  1.13            1.15            1.11             NaN             NaN             NaN                 0.55           0.55           0.55            NaN            NaN            NaN                  0.93            0.91            0.94             NaN             NaN             NaN                0.78          0.75          0.81           NaN           NaN           NaN                0.10          0.12          0.09           NaN           NaN           NaN                 0.96           0.98           0.95            NaN            NaN            NaN  0 hours, 1 minutes, 52 seconds    NaN         egfr_7  default_filters       advanced_7
1     2  egfr_l79_s846567_mpnn6   4stage      79  846567      -0.3  A408,A409,A411,A412  ELPKNWTLHHWGEFFRHELHFFRTVYTPEEQKKLEPEFMKKLEEIYEKYVKPILEKASEEEREAFNELVSEAMAEFKSR            B3,B5,B6,B7,B9,B10,B13,B14,B16,B17,B18,B21,B24,B25,B26,B27,B30,B38,B61        1.07               0.37           0.92     0.92     0.92      NaN      NaN      NaN         0.91   0.91   0.91    NaN    NaN    NaN           0.84     0.85     0.83      NaN      NaN      NaN         0.15   0.14   0.15    NaN    NaN    NaN           0.17     0.16     0.17      NaN      NaN      NaN             0.91       0.91       0.91        NaN        NaN        NaN              0.94        0.93        0.94         NaN         NaN         NaN                        2.5                    3                    2                  NaN                  NaN                  NaN                      0.0                  0                  0                NaN                NaN                NaN                      -202.43                -198.74                -206.12                    NaN                    NaN                    NaN                            0.23                      0.22                      0.25                       NaN                       NaN                       NaN                          0.64                    0.67                    0.61                     NaN                     NaN                     NaN              0.62        0.63        0.62         NaN         NaN         NaN      -53.40 -42.93 -63.87   NaN   NaN   NaN        1814.50  1855.00  1774.00      NaN      NaN      NaN             -2.96       -2.31       -3.60         NaN         NaN         NaN                     35.91               36.22               35.59                 NaN                 NaN                 NaN                             36.60                       36.36                       36.84                         NaN                         NaN                         NaN                         20.5                     22                     19                    NaN                    NaN                    NaN                        5.5                    6                    5                  NaN                  NaN                  NaN                              26.80                        27.27                        26.32                          NaN                          NaN                          NaN                             4.0                       4.0                       4.0                       NaN                       NaN                       NaN                                   19.62                             18.18                             21.05                               NaN                               NaN                               NaN                     70.59               70.59               70.59                 NaN                 NaN                 NaN                           0.0                     0.0                     0.0                     NaN                     NaN                     NaN                    29.41              29.41              29.41                NaN                NaN                NaN                  83.54            83.54            83.54              NaN              NaN              NaN                        0.0                  0.0                  0.0                  NaN                  NaN                  NaN                 16.46           16.46           16.46             NaN             NaN             NaN  {'A': 0.5, 'C': 0.0, 'D': 0.0, 'E': 4.5, 'F': 3.0, 'G': 0.0, 'H': 3.5, 'I': 0.0, 'K': 0.0, 'L': 0.0, 'M': 0.0, 'N': 1.0, 'P': 1.0, 'Q': 0.0, 'R': 1.0, 'S': 0.0, 'T': 3.0, 'V': 1.0, 'W': 1.0, 'Y': 1.0}  {'A': 1, 'C': 0, 'D': 0, 'E': 5, 'F': 3, 'G': 0, 'H': 4, 'I': 0, 'K': 0, 'L': 0, 'M': 0, 'N': 1, 'P': 1, 'Q': 0, 'R': 1, 'S': 0, 'T': 3, 'V': 1, 'W': 1, 'Y': 1}  {'A': 0, 'C': 0, 'D': 0, 'E': 4, 'F': 3, 'G': 0, 'H': 3, 'I': 0, 'K': 0, 'L': 0, 'M': 0, 'N': 1, 'P': 1, 'Q': 0, 'R': 1, 'S': 0, 'T': 3, 'V': 1, 'W': 1, 'Y': 1}             NaN             NaN             NaN                  1.16            1.11            1.21             NaN             NaN             NaN                 0.55           0.55           0.55            NaN            NaN            NaN                  0.91            0.89            0.92             NaN             NaN             NaN                0.75          0.71          0.79           NaN           NaN           NaN                0.12          0.14          0.11           NaN           NaN           NaN                 1.08           1.12           1.05            NaN            NaN            NaN  0 hours, 1 minutes, 42 seconds    NaN         egfr_7  default_filters       advanced_7

=== mpnn_reprediction_log.csv (12 rows) ===
              timestamp        mpnn_design_name  model  pLDDT   pTM  i_pTM   pAE  i_pAE  pass_af2_filters
0   2026-09-30T05:41:35  egfr_l79_s846567_mpnn1      1   0.93  0.91   0.86  0.14   0.15              True
1   2026-09-30T05:41:35  egfr_l79_s846567_mpnn1      2   0.92  0.91   0.82  0.16   0.18              True
2   2026-09-30T05:43:40  egfr_l79_s846567_mpnn2      1   0.92  0.91   0.85  0.14   0.16              True
3   2026-09-30T05:43:40  egfr_l79_s846567_mpnn2      2   0.93  0.91   0.84  0.14   0.16              True
4   2026-09-30T05:45:38  egfr_l79_s846567_mpnn3      1   0.91  0.91   0.85  0.14   0.16              True
5   2026-09-30T05:45:38  egfr_l79_s846567_mpnn3      2   0.91  0.91   0.83  0.15   0.18              True
6   2026-09-30T05:47:35  egfr_l79_s846567_mpnn4      1   0.92  0.91   0.86  0.14   0.15              True
7   2026-09-30T05:47:35  egfr_l79_s846567_mpnn4      2   0.92  0.91   0.84  0.15   0.17              True
8   2026-09-30T05:49:28  egfr_l79_s846567_mpnn5      1   0.92  0.91   0.86  0.14   0.15              True
9   2026-09-30T05:49:28  egfr_l79_s846567_mpnn5      2   0.93  0.91   0.85  0.14   0.16              True
10  2026-09-30T05:51:12  egfr_l79_s846567_mpnn6      1   0.92  0.91   0.85  0.14   0.16              True
11  2026-09-30T05:51:12  egfr_l79_s846567_mpnn6      2   0.92  0.91   0.83  0.15   0.17              True
Unmet filter conditions for egfr_l78_s644042_mpnn9
Unmet filter conditions for egfr_l66_s957415_mpnn12
Unmet filter conditions for egfr_l67_s528267_mpnn18
Unmet filter conditions for egfr_l91_s124145_mpnn5
Unmet filter conditions for egfr_l75_s674224_mpnn12
Unmet filter conditions for egfr_l74_s655438_mpnn14
Unmet filter conditions for egfr_l78_s644042_mpnn10
Unmet filter conditions for egfr_l66_s957415_mpnn13
Unmet filter conditions for egfr_l67_s528267_mpnn19
egfr_l91_s124145_mpnn6 passed all filters
Found 2 MPNN designs passing filters

Design and validation of trajectory egfr_l91_s124145 took: 0 hours, 12 minutes, 36 seconds
Target number 2 of designs reached! Reranking...
Files in folder '/designs/egfr/attempts/phase1-v3c-core/3/Trajectory/Animation' have been zipped and removed.
Files in folder '/designs/egfr/attempts/phase1-v3c-core/3/Trajectory/Plots' have been zipped and removed.
Finished all designs. Script execution for 4 trajectories took: 0 hours, 37 minutes, 46 seconds

=== files under /designs/egfr/attempts/phase1-v3c-core/3 ===
  /designs/egfr/attempts/phase1-v3c-core/3/egfr.pdb  (127340 bytes)
  /designs/egfr/attempts/phase1-v3c-core/3/failure_csv.csv  (1116 bytes)
  /designs/egfr/attempts/phase1-v3c-core/3/final_design_stats.csv  (6884 bytes)
  /designs/egfr/attempts/phase1-v3c-core/3/mpnn_design_stats.csv  (12913 bytes)
  /designs/egfr/attempts/phase1-v3c-core/3/mpnn_reprediction_log.csv  (984 bytes)
  /designs/egfr/attempts/phase1-v3c-core/3/trajectory_stats.csv  (1225 bytes)
  /designs/egfr/attempts/phase1-v3c-core/3/Accepted/egfr_l91_s124145_mpnn1_model2.pdb  (381348 bytes)
  /designs/egfr/attempts/phase1-v3c-core/3/Accepted/egfr_l91_s124145_mpnn6_model1.pdb  (378756 bytes)
  /designs/egfr/attempts/phase1-v3c-core/3/Accepted/Ranked/1_egfr_l91_s124145_mpnn1_model2.pdb  (381348 bytes)
  /designs/egfr/attempts/phase1-v3c-core/3/Accepted/Ranked/2_egfr_l91_s124145_mpnn6_model1.pdb  (378756 bytes)
  /designs/egfr/attempts/phase1-v3c-core/3/MPNN/Relaxed/egfr_l91_s124145_mpnn1_model1.pdb  (381348 bytes)
  /designs/egfr/attempts/phase1-v3c-core/3/MPNN/Relaxed/egfr_l91_s124145_mpnn1_model2.pdb  (381348 bytes)
  /designs/egfr/attempts/phase1-v3c-core/3/MPNN/Relaxed/egfr_l91_s124145_mpnn2_model1.pdb  (379809 bytes)
  /designs/egfr/attempts/phase1-v3c-core/3/MPNN/Relaxed/egfr_l91_s124145_mpnn2_model2.pdb  (379809 bytes)
  /designs/egfr/attempts/phase1-v3c-core/3/MPNN/Relaxed/egfr_l91_s124145_mpnn3_model1.pdb  (380052 bytes)
  /designs/egfr/attempts/phase1-v3c-core/3/MPNN/Relaxed/egfr_l91_s124145_mpnn3_model2.pdb  (380052 bytes)
  /designs/egfr/attempts/phase1-v3c-core/3/MPNN/Relaxed/egfr_l91_s124145_mpnn4_model1.pdb  (378108 bytes)
  /designs/egfr/attempts/phase1-v3c-core/3/MPNN/Relaxed/egfr_l91_s124145_mpnn4_model2.pdb  (378108 bytes)
  /designs/egfr/attempts/phase1-v3c-core/3/MPNN/Relaxed/egfr_l91_s124145_mpnn5_model1.pdb  (378918 bytes)
  /designs/egfr/attempts/phase1-v3c-core/3/MPNN/Relaxed/egfr_l91_s124145_mpnn5_model2.pdb  (378918 bytes)
  /designs/egfr/attempts/phase1-v3c-core/3/MPNN/Relaxed/egfr_l91_s124145_mpnn6_model1.pdb  (378756 bytes)
  /designs/egfr/attempts/phase1-v3c-core/3/MPNN/Relaxed/egfr_l91_s124145_mpnn6_model2.pdb  (378756 bytes)
  /designs/egfr/attempts/phase1-v3c-core/3/Rejected/egfr_l91_s124145_mpnn2_model1.pdb  (379809 bytes)
  /designs/egfr/attempts/phase1-v3c-core/3/Rejected/egfr_l91_s124145_mpnn3_model1.pdb  (380052 bytes)
  /designs/egfr/attempts/phase1-v3c-core/3/Rejected/egfr_l91_s124145_mpnn4_model1.pdb  (378108 bytes)
  /designs/egfr/attempts/phase1-v3c-core/3/Rejected/egfr_l91_s124145_mpnn5_model1.pdb  (378918 bytes)
  /designs/egfr/attempts/phase1-v3c-core/3/Trajectory/Animation.zip  (22 bytes)
  /designs/egfr/attempts/phase1-v3c-core/3/Trajectory/Plots.zip  (22 bytes)
  /designs/egfr/attempts/phase1-v3c-core/3/Trajectory/Clashing/egfr_l68_s507673.pdb  (174256 bytes)
  /designs/egfr/attempts/phase1-v3c-core/3/Trajectory/Clashing/egfr_l98_s153569.pdb  (195640 bytes)
  /designs/egfr/attempts/phase1-v3c-core/3/Trajectory/Relaxed/egfr_l91_s124145.pdb  (376569 bytes)

=== trajectory_stats.csv (1 rows) ===
             Design Protocol  Length    Seed  Helicity       Target_Hotspot                                                                                     Sequence                                                                                  InterfaceResidues  pLDDT   pTM  i_pTM   pAE  i_pAE  i_pLDDT  ss_pLDDT  Unrelaxed_Clashes  Relaxed_Clashes  Binder_Energy_Score  Surface_Hydrophobicity  ShapeComplementarity  PackStat    dG    dSASA  dG/dSASA  Interface_SASA_%  Interface_Hydrophobicity  n_InterfaceResidues  n_InterfaceHbonds  InterfaceHbondsPercentage  n_InterfaceUnsatHbonds  InterfaceUnsatHbondsPercentage  Interface_Helix%  Interface_BetaSheet%  Interface_Loop%  Binder_Helix%  Binder_BetaSheet%  Binder_Loop%                                                                                                                                                      InterfaceAAs  Target_RMSD                   TrajectoryTime  Notes TargetSettings          Filters AdvancedSettings
0  egfr_l91_s124145   4stage      91  124145      -0.3  A408,A409,A411,A412  SMTPKMERVMTALYKHKVWHNMTWQMYDAFFKAHVAYDQAAIEETQRTMQRVDRAVKEGRLGEFISVTATYHRRHFGEEPVRKMNAVVRAA  B2,B7,B10,B13,B14,B17,B19,B20,B23,B24,B27,B28,B30,B31,B32,B34,B35,B37,B46,B49,B50,B53,B56,B57,B64   0.94  0.92   0.88  0.13   0.11     0.92      0.94                 12                0              -231.71                    0.34                  0.71      0.66 -55.4  2359.94     -2.35             46.61                      56.0                   25                  5                       20.0                     2.0                             8.0             84.21                   0.0            15.79          86.81                0.0         13.19  {'A': 0, 'C': 0, 'D': 2, 'E': 1, 'F': 3, 'G': 0, 'H': 2, 'I': 0, 'K': 3, 'L': 1, 'M': 3, 'N': 0, 'P': 0, 'Q': 2, 'R': 0, 'S': 0, 'T': 1, 'V': 2, 'W': 2, 'Y': 3}          0.4  0 hours, 13 minutes, 36 seconds    NaN         egfr_3  default_filters       advanced_3

=== final_design_stats.csv (2 rows) ===
   Rank                  Design Protocol  Length    Seed  Helicity       Target_Hotspot                                                                                     Sequence                                                                               InterfaceResidues  MPNN_score  MPNN_seq_recovery  Average_pLDDT  1_pLDDT  2_pLDDT  3_pLDDT  4_pLDDT  5_pLDDT  Average_pTM  1_pTM  2_pTM  3_pTM  4_pTM  5_pTM  Average_i_pTM  1_i_pTM  2_i_pTM  3_i_pTM  4_i_pTM  5_i_pTM  Average_pAE  1_pAE  2_pAE  3_pAE  4_pAE  5_pAE  Average_i_pAE  1_i_pAE  2_i_pAE  3_i_pAE  4_i_pAE  5_i_pAE  Average_i_pLDDT  1_i_pLDDT  2_i_pLDDT  3_i_pLDDT  4_i_pLDDT  5_i_pLDDT  Average_ss_pLDDT  1_ss_pLDDT  2_ss_pLDDT  3_ss_pLDDT  4_ss_pLDDT  5_ss_pLDDT  Average_Unrelaxed_Clashes  1_Unrelaxed_Clashes  2_Unrelaxed_Clashes  3_Unrelaxed_Clashes  4_Unrelaxed_Clashes  5_Unrelaxed_Clashes  Average_Relaxed_Clashes  1_Relaxed_Clashes  2_Relaxed_Clashes  3_Relaxed_Clashes  4_Relaxed_Clashes  5_Relaxed_Clashes  Average_Binder_Energy_Score  1_Binder_Energy_Score  2_Binder_Energy_Score  3_Binder_Energy_Score  4_Binder_Energy_Score  5_Binder_Energy_Score  Average_Surface_Hydrophobicity  1_Surface_Hydrophobicity  2_Surface_Hydrophobicity  3_Surface_Hydrophobicity  4_Surface_Hydrophobicity  5_Surface_Hydrophobicity  Average_ShapeComplementarity  1_ShapeComplementarity  2_ShapeComplementarity  3_ShapeComplementarity  4_ShapeComplementarity  5_ShapeComplementarity  Average_PackStat  1_PackStat  2_PackStat  3_PackStat  4_PackStat  5_PackStat  Average_dG   1_dG   2_dG  3_dG  4_dG  5_dG  Average_dSASA  1_dSASA  2_dSASA  3_dSASA  4_dSASA  5_dSASA  Average_dG/dSASA  1_dG/dSASA  2_dG/dSASA  3_dG/dSASA  4_dG/dSASA  5_dG/dSASA  Average_Interface_SASA_%  1_Interface_SASA_%  2_Interface_SASA_%  3_Interface_SASA_%  4_Interface_SASA_%  5_Interface_SASA_%  Average_Interface_Hydrophobicity  1_Interface_Hydrophobicity  2_Interface_Hydrophobicity  3_Interface_Hydrophobicity  4_Interface_Hydrophobicity  5_Interface_Hydrophobicity  Average_n_InterfaceResidues  1_n_InterfaceResidues  2_n_InterfaceResidues  3_n_InterfaceResidues  4_n_InterfaceResidues  5_n_InterfaceResidues  Average_n_InterfaceHbonds  1_n_InterfaceHbonds  2_n_InterfaceHbonds  3_n_InterfaceHbonds  4_n_InterfaceHbonds  5_n_InterfaceHbonds  Average_InterfaceHbondsPercentage  1_InterfaceHbondsPercentage  2_InterfaceHbondsPercentage  3_InterfaceHbondsPercentage  4_InterfaceHbondsPercentage  5_InterfaceHbondsPercentage  Average_n_InterfaceUnsatHbonds  1_n_InterfaceUnsatHbonds  2_n_InterfaceUnsatHbonds  3_n_InterfaceUnsatHbonds  4_n_InterfaceUnsatHbonds  5_n_InterfaceUnsatHbonds  Average_InterfaceUnsatHbondsPercentage  1_InterfaceUnsatHbondsPercentage  2_InterfaceUnsatHbondsPercentage  3_InterfaceUnsatHbondsPercentage  4_InterfaceUnsatHbondsPercentage  5_InterfaceUnsatHbondsPercentage  Average_Interface_Helix%  1_Interface_Helix%  2_Interface_Helix%  3_Interface_Helix%  4_Interface_Helix%  5_Interface_Helix%  Average_Interface_BetaSheet%  1_Interface_BetaSheet%  2_Interface_BetaSheet%  3_Interface_BetaSheet%  4_Interface_BetaSheet%  5_Interface_BetaSheet%  Average_Interface_Loop%  1_Interface_Loop%  2_Interface_Loop%  3_Interface_Loop%  4_Interface_Loop%  5_Interface_Loop%  Average_Binder_Helix%  1_Binder_Helix%  2_Binder_Helix%  3_Binder_Helix%  4_Binder_Helix%  5_Binder_Helix%  Average_Binder_BetaSheet%  1_Binder_BetaSheet%  2_Binder_BetaSheet%  3_Binder_BetaSheet%  4_Binder_BetaSheet%  5_Binder_BetaSheet%  Average_Binder_Loop%  1_Binder_Loop%  2_Binder_Loop%  3_Binder_Loop%  4_Binder_Loop%  5_Binder_Loop%                                                                                                                                                                                      Average_InterfaceAAs                                                                                                                                                    1_InterfaceAAs                                                                                                                                                    2_InterfaceAAs  3_InterfaceAAs  4_InterfaceAAs  5_InterfaceAAs  Average_Hotspot_RMSD  1_Hotspot_RMSD  2_Hotspot_RMSD  3_Hotspot_RMSD  4_Hotspot_RMSD  5_Hotspot_RMSD  Average_Target_RMSD  1_Target_RMSD  2_Target_RMSD  3_Target_RMSD  4_Target_RMSD  5_Target_RMSD  Average_Binder_pLDDT  1_Binder_pLDDT  2_Binder_pLDDT  3_Binder_pLDDT  4_Binder_pLDDT  5_Binder_pLDDT  Average_Binder_pTM  1_Binder_pTM  2_Binder_pTM  3_Binder_pTM  4_Binder_pTM  5_Binder_pTM  Average_Binder_pAE  1_Binder_pAE  2_Binder_pAE  3_Binder_pAE  4_Binder_pAE  5_Binder_pAE  Average_Binder_RMSD  1_Binder_RMSD  2_Binder_RMSD  3_Binder_RMSD  4_Binder_RMSD  5_Binder_RMSD                      DesignTime  Notes TargetSettings          Filters AdvancedSettings
0     1  egfr_l91_s124145_mpnn1   4stage      91  124145      -0.3  A408,A409,A411,A412  HMTPELEKVMDALYKEKVWHEITWKLYDEFFKAHVDYDEKKVEEIQKVMQEIDEAVKNGDLERFVKVLTEYMKKYFGEELVKKLLEVVEKA  B2,B10,B11,B13,B14,B17,B19,B20,B23,B24,B27,B28,B30,B31,B32,B34,B35,B36,B37,B39,B42,B53,B56,B64        0.92               0.36            0.9     0.89      0.9      NaN      NaN      NaN         0.89   0.89   0.89    NaN    NaN    NaN           0.81     0.83     0.79      NaN      NaN      NaN         0.17   0.17   0.18    NaN    NaN    NaN           0.21     0.20     0.22      NaN      NaN      NaN             0.88       0.88       0.88        NaN        NaN        NaN              0.91        0.90        0.91         NaN         NaN         NaN                        5.0                    4                    6                  NaN                  NaN                  NaN                      0.0                  0                  0                NaN                NaN                NaN                      -235.49                -243.13                -227.85                    NaN                    NaN                    NaN                            0.26                      0.26                      0.25                       NaN                       NaN                       NaN                          0.73                    0.76                    0.71                     NaN                     NaN                     NaN              0.62        0.61        0.63         NaN         NaN         NaN      -56.73 -56.24 -57.23   NaN   NaN   NaN        2122.02  2160.53  2083.50      NaN      NaN      NaN             -2.67       -2.60       -2.75         NaN         NaN         NaN                     39.13               39.91               38.35                 NaN                 NaN                 NaN                             59.94                       61.54                       58.33                         NaN                         NaN                         NaN                         25.0                     26                     24                    NaN                    NaN                    NaN                        5.0                    6                    4                  NaN                  NaN                  NaN                              19.88                        23.08                        16.67                          NaN                          NaN                          NaN                             2.5                       2.0                       3.0                       NaN                       NaN                       NaN                                    10.1                              7.69                             12.50                               NaN                               NaN                               NaN                     87.09               86.67               87.50                 NaN                 NaN                 NaN                           0.0                     0.0                     0.0                     NaN                     NaN                     NaN                    12.91              13.33              12.50                NaN                NaN                NaN                  85.16            84.62            85.71              NaN              NaN              NaN                        0.0                  0.0                  0.0                  NaN                  NaN                  NaN                 14.84           15.38           14.29             NaN             NaN             NaN  {'A': 0.0, 'C': 0.0, 'D': 3.0, 'E': 1.0, 'F': 3.0, 'G': 0.0, 'H': 2.0, 'I': 0.5, 'K': 2.5, 'L': 1.0, 'M': 2.5, 'N': 0.0, 'P': 0.0, 'Q': 0.5, 'R': 0.0, 'S': 0.0, 'T': 1.0, 'V': 3.0, 'W': 2.0, 'Y': 3.0}  {'A': 0, 'C': 0, 'D': 2, 'E': 1, 'F': 3, 'G': 0, 'H': 2, 'I': 1, 'K': 3, 'L': 1, 'M': 3, 'N': 0, 'P': 0, 'Q': 1, 'R': 0, 'S': 0, 'T': 1, 'V': 3, 'W': 2, 'Y': 3}  {'A': 0, 'C': 0, 'D': 4, 'E': 1, 'F': 3, 'G': 0, 'H': 2, 'I': 0, 'K': 2, 'L': 1, 'M': 2, 'N': 0, 'P': 0, 'Q': 0, 'R': 0, 'S': 0, 'T': 1, 'V': 3, 'W': 2, 'Y': 3}             NaN             NaN             NaN                  1.25            1.37            1.13             NaN             NaN             NaN                 0.54           0.57           0.52            NaN            NaN            NaN                  0.93            0.92            0.93             NaN             NaN             NaN                0.78          0.76          0.80           NaN           NaN           NaN                 0.1          0.11          0.09           NaN           NaN           NaN                 1.34           1.38           1.30            NaN            NaN            NaN  0 hours, 2 minutes, 30 seconds    NaN         egfr_3  default_filters       advanced_3
1     2  egfr_l91_s124145_mpnn6   4stage      91  124145      -0.3  A408,A409,A411,A412  HMTPEMEKVMDALYEEKVWHDITWKMYDEFFKAHVDYDEKKVKEIQEVMQKIDEAVKNGDLEEFIRVLSEYMRKHFGEEPVERMEEVVEKA      B2,B10,B11,B13,B14,B19,B20,B23,B24,B27,B28,B30,B31,B32,B34,B35,B36,B37,B49,B50,B53,B56,B64        0.97               0.44            0.9     0.90      0.9      NaN      NaN      NaN         0.88   0.88   0.88    NaN    NaN    NaN           0.79     0.81     0.76      NaN      NaN      NaN         0.18   0.18   0.19    NaN    NaN    NaN           0.22     0.21     0.24      NaN      NaN      NaN             0.88       0.88       0.88        NaN        NaN        NaN              0.91        0.91        0.91         NaN         NaN         NaN                        6.0                    5                    7                  NaN                  NaN                  NaN                      0.0                  0                  0                NaN                NaN                NaN                      -224.50                -233.86                -215.15                    NaN                    NaN                    NaN                            0.23                      0.24                      0.22                       NaN                       NaN                       NaN                          0.69                    0.67                    0.71                     NaN                     NaN                     NaN              0.61        0.61        0.62         NaN         NaN         NaN      -53.55 -55.79 -51.30   NaN   NaN   NaN        2233.72  2384.28  2083.15      NaN      NaN      NaN             -2.40       -2.34       -2.46         NaN         NaN         NaN                     42.14               45.89               38.40                 NaN                 NaN                 NaN                             56.44                       52.00                       60.87                         NaN                         NaN                         NaN                         24.0                     25                     23                    NaN                    NaN                    NaN                        4.5                    5                    4                  NaN                  NaN                  NaN                              18.70                        20.00                        17.39                          NaN                          NaN                          NaN                             4.0                       4.0                       4.0                       NaN                       NaN                       NaN                                    16.7                             16.00                             17.39                               NaN                               NaN                               NaN                     82.85               80.00               85.71                 NaN                 NaN                 NaN                           0.0                     0.0                     0.0                     NaN                     NaN                     NaN                    17.14              20.00              14.29                NaN                NaN                NaN                  85.16            84.62            85.71              NaN              NaN              NaN                        0.0                  0.0                  0.0                  NaN                  NaN                  NaN                 14.84           15.38           14.29             NaN             NaN             NaN  {'A': 0.0, 'C': 0.0, 'D': 3.5, 'E': 1.0, 'F': 3.0, 'G': 0.0, 'H': 2.0, 'I': 0.0, 'K': 1.5, 'L': 1.0, 'M': 2.5, 'N': 0.0, 'P': 0.0, 'Q': 1.5, 'R': 0.0, 'S': 0.0, 'T': 1.0, 'V': 2.0, 'W': 2.0, 'Y': 3.0}  {'A': 0, 'C': 0, 'D': 3, 'E': 2, 'F': 3, 'G': 0, 'H': 2, 'I': 0, 'K': 2, 'L': 1, 'M': 2, 'N': 0, 'P': 0, 'Q': 2, 'R': 0, 'S': 0, 'T': 1, 'V': 2, 'W': 2, 'Y': 3}  {'A': 0, 'C': 0, 'D': 4, 'E': 0, 'F': 3, 'G': 0, 'H': 2, 'I': 0, 'K': 1, 'L': 1, 'M': 3, 'N': 0, 'P': 0, 'Q': 1, 'R': 0, 'S': 0, 'T': 1, 'V': 2, 'W': 2, 'Y': 3}             NaN             NaN             NaN                  1.46            1.02            1.89             NaN             NaN             NaN                 0.53           0.55           0.51            NaN            NaN            NaN                  0.94            0.93            0.94             NaN             NaN             NaN                0.80          0.78          0.81           NaN           NaN           NaN                 0.1          0.10          0.09           NaN           NaN           NaN                 1.63           1.40           1.86            NaN            NaN            NaN  0 hours, 1 minutes, 47 seconds    NaN         egfr_3  default_filters       advanced_3

=== mpnn_reprediction_log.csv (12 rows) ===
              timestamp        mpnn_design_name  model  pLDDT   pTM  i_pTM   pAE  i_pAE  pass_af2_filters
0   2026-09-30T05:43:54  egfr_l91_s124145_mpnn1      1   0.89  0.89   0.83  0.17   0.20              True
1   2026-09-30T05:43:54  egfr_l91_s124145_mpnn1      2   0.90  0.89   0.79  0.18   0.22              True
2   2026-09-30T05:46:11  egfr_l91_s124145_mpnn2      1   0.92  0.89   0.82  0.16   0.19              True
3   2026-09-30T05:46:11  egfr_l91_s124145_mpnn2      2   0.92  0.88   0.77  0.18   0.22              True
4   2026-09-30T05:48:12  egfr_l91_s124145_mpnn3      1   0.91  0.88   0.81  0.17   0.21              True
5   2026-09-30T05:48:12  egfr_l91_s124145_mpnn3      2   0.91  0.89   0.78  0.18   0.22              True
6   2026-09-30T05:50:08  egfr_l91_s124145_mpnn4      1   0.91  0.88   0.78  0.18   0.23              True
7   2026-09-30T05:50:08  egfr_l91_s124145_mpnn4      2   0.91  0.88   0.77  0.18   0.23              True
8   2026-09-30T05:52:11  egfr_l91_s124145_mpnn5      1   0.89  0.88   0.80  0.19   0.22              True
9   2026-09-30T05:52:11  egfr_l91_s124145_mpnn5      2   0.89  0.88   0.75  0.19   0.23              True
10  2026-09-30T05:53:59  egfr_l91_s124145_mpnn6      1   0.90  0.88   0.81  0.18   0.21              True
11  2026-09-30T05:53:59  egfr_l91_s124145_mpnn6      2   0.90  0.88   0.76  0.19   0.24              True
Unmet filter conditions for egfr_l75_s674224_mpnn13
Unmet filter conditions for egfr_l78_s644042_mpnn11
Unmet filter conditions for egfr_l74_s655438_mpnn15
Unmet filter conditions for egfr_l66_s957415_mpnn14
Unmet filter conditions for egfr_l67_s528267_mpnn20
No accepted MPNN designs found for this trajectory.

Design and validation of trajectory egfr_l67_s528267 took: 0 hours, 27 minutes, 20 seconds
Target number of 1 trajectories reached, stopping execution...
Finished all designs. Script execution for 2 trajectories took: 0 hours, 39 minutes, 8 seconds

=== files under /designs/egfr/attempts/phase1-v3c-core/0 ===
  /designs/egfr/attempts/phase1-v3c-core/0/egfr.pdb  (127340 bytes)
  /designs/egfr/attempts/phase1-v3c-core/0/failure_csv.csv  (1118 bytes)
  /designs/egfr/attempts/phase1-v3c-core/0/final_design_stats.csv  (3890 bytes)
  /designs/egfr/attempts/phase1-v3c-core/0/mpnn_design_stats.csv  (27449 bytes)
  /designs/egfr/attempts/phase1-v3c-core/0/mpnn_reprediction_log.csv  (3108 bytes)
  /designs/egfr/attempts/phase1-v3c-core/0/trajectory_stats.csv  (1197 bytes)
  /designs/egfr/attempts/phase1-v3c-core/0/MPNN/Relaxed/egfr_l67_s528267_mpnn10_model1.pdb  (346761 bytes)
  /designs/egfr/attempts/phase1-v3c-core/0/MPNN/Relaxed/egfr_l67_s528267_mpnn10_model2.pdb  (346761 bytes)
  /designs/egfr/attempts/phase1-v3c-core/0/MPNN/Relaxed/egfr_l67_s528267_mpnn11_model1.pdb  (349272 bytes)
  /designs/egfr/attempts/phase1-v3c-core/0/MPNN/Relaxed/egfr_l67_s528267_mpnn11_model2.pdb  (349272 bytes)
  /designs/egfr/attempts/phase1-v3c-core/0/MPNN/Relaxed/egfr_l67_s528267_mpnn12_model1.pdb  (347733 bytes)
  /designs/egfr/attempts/phase1-v3c-core/0/MPNN/Relaxed/egfr_l67_s528267_mpnn12_model2.pdb  (347733 bytes)
  /designs/egfr/attempts/phase1-v3c-core/0/MPNN/Relaxed/egfr_l67_s528267_mpnn13_model1.pdb  (349191 bytes)
  /designs/egfr/attempts/phase1-v3c-core/0/MPNN/Relaxed/egfr_l67_s528267_mpnn13_model2.pdb  (349191 bytes)
  /designs/egfr/attempts/phase1-v3c-core/0/MPNN/Relaxed/egfr_l67_s528267_mpnn14_model1.pdb  (347976 bytes)
  /designs/egfr/attempts/phase1-v3c-core/0/MPNN/Relaxed/egfr_l67_s528267_mpnn14_model2.pdb  (347976 bytes)
  /designs/egfr/attempts/phase1-v3c-core/0/MPNN/Relaxed/egfr_l67_s528267_mpnn15_model1.pdb  (347976 bytes)
  /designs/egfr/attempts/phase1-v3c-core/0/MPNN/Relaxed/egfr_l67_s528267_mpnn15_model2.pdb  (347976 bytes)
  /designs/egfr/attempts/phase1-v3c-core/0/MPNN/Relaxed/egfr_l67_s528267_mpnn16_model1.pdb  (347328 bytes)
  /designs/egfr/attempts/phase1-v3c-core/0/MPNN/Relaxed/egfr_l67_s528267_mpnn16_model2.pdb  (347328 bytes)
  /designs/egfr/attempts/phase1-v3c-core/0/MPNN/Relaxed/egfr_l67_s528267_mpnn17_model1.pdb  (348624 bytes)
  /designs/egfr/attempts/phase1-v3c-core/0/MPNN/Relaxed/egfr_l67_s528267_mpnn17_model2.pdb  (348624 bytes)
  /designs/egfr/attempts/phase1-v3c-core/0/MPNN/Relaxed/egfr_l67_s528267_mpnn18_model1.pdb  (348462 bytes)
  /designs/egfr/attempts/phase1-v3c-core/0/MPNN/Relaxed/egfr_l67_s528267_mpnn18_model2.pdb  (348462 bytes)
  /designs/egfr/attempts/phase1-v3c-core/0/MPNN/Relaxed/egfr_l67_s528267_mpnn19_model1.pdb  (348705 bytes)
  /designs/egfr/attempts/phase1-v3c-core/0/MPNN/Relaxed/egfr_l67_s528267_mpnn19_model2.pdb  (348705 bytes)
  /designs/egfr/attempts/phase1-v3c-core/0/MPNN/Relaxed/egfr_l67_s528267_mpnn1_model1.pdb  (346761 bytes)
  /designs/egfr/attempts/phase1-v3c-core/0/MPNN/Relaxed/egfr_l67_s528267_mpnn1_model2.pdb  (346761 bytes)
  /designs/egfr/attempts/phase1-v3c-core/0/MPNN/Relaxed/egfr_l67_s528267_mpnn20_model1.pdb  (346032 bytes)
  /designs/egfr/attempts/phase1-v3c-core/0/MPNN/Relaxed/egfr_l67_s528267_mpnn20_model2.pdb  (346032 bytes)
  /designs/egfr/attempts/phase1-v3c-core/0/MPNN/Relaxed/egfr_l67_s528267_mpnn2_model1.pdb  (347409 bytes)
  /designs/egfr/attempts/phase1-v3c-core/0/MPNN/Relaxed/egfr_l67_s528267_mpnn2_model2.pdb  (347409 bytes)
  /designs/egfr/attempts/phase1-v3c-core/0/MPNN/Relaxed/egfr_l67_s528267_mpnn3_model1.pdb  (348948 bytes)
  /designs/egfr/attempts/phase1-v3c-core/0/MPNN/Relaxed/egfr_l67_s528267_mpnn3_model2.pdb  (348948 bytes)
  /designs/egfr/attempts/phase1-v3c-core/0/MPNN/Relaxed/egfr_l67_s528267_mpnn5_model1.pdb  (347571 bytes)
  /designs/egfr/attempts/phase1-v3c-core/0/MPNN/Relaxed/egfr_l67_s528267_mpnn5_model2.pdb  (347571 bytes)
  /designs/egfr/attempts/phase1-v3c-core/0/MPNN/Relaxed/egfr_l67_s528267_mpnn8_model1.pdb  (347652 bytes)
  /designs/egfr/attempts/phase1-v3c-core/0/MPNN/Relaxed/egfr_l67_s528267_mpnn8_model2.pdb  (347652 bytes)
  /designs/egfr/attempts/phase1-v3c-core/0/Rejected/egfr_l67_s528267_mpnn10_model1.pdb  (346761 bytes)
  /designs/egfr/attempts/phase1-v3c-core/0/Rejected/egfr_l67_s528267_mpnn11_model1.pdb  (349272 bytes)
  /designs/egfr/attempts/phase1-v3c-core/0/Rejected/egfr_l67_s528267_mpnn12_model2.pdb  (347733 bytes)
  /designs/egfr/attempts/phase1-v3c-core/0/Rejected/egfr_l67_s528267_mpnn13_model1.pdb  (349191 bytes)
  /designs/egfr/attempts/phase1-v3c-core/0/Rejected/egfr_l67_s528267_mpnn14_model1.pdb  (347976 bytes)
  /designs/egfr/attempts/phase1-v3c-core/0/Rejected/egfr_l67_s528267_mpnn15_model1.pdb  (347976 bytes)
  /designs/egfr/attempts/phase1-v3c-core/0/Rejected/egfr_l67_s528267_mpnn16_model1.pdb  (347328 bytes)
  /designs/egfr/attempts/phase1-v3c-core/0/Rejected/egfr_l67_s528267_mpnn17_model2.pdb  (348624 bytes)
  /designs/egfr/attempts/phase1-v3c-core/0/Rejected/egfr_l67_s528267_mpnn18_model1.pdb  (348462 bytes)
  /designs/egfr/attempts/phase1-v3c-core/0/Rejected/egfr_l67_s528267_mpnn19_model1.pdb  (348705 bytes)
  /designs/egfr/attempts/phase1-v3c-core/0/Rejected/egfr_l67_s528267_mpnn1_model1.pdb  (346761 bytes)
  /designs/egfr/attempts/phase1-v3c-core/0/Rejected/egfr_l67_s528267_mpnn20_model2.pdb  (346032 bytes)
  /designs/egfr/attempts/phase1-v3c-core/0/Rejected/egfr_l67_s528267_mpnn2_model1.pdb  (347409 bytes)
  /designs/egfr/attempts/phase1-v3c-core/0/Rejected/egfr_l67_s528267_mpnn3_model2.pdb  (348948 bytes)
  /designs/egfr/attempts/phase1-v3c-core/0/Rejected/egfr_l67_s528267_mpnn5_model1.pdb  (347571 bytes)
  /designs/egfr/attempts/phase1-v3c-core/0/Rejected/egfr_l67_s528267_mpnn8_model1.pdb  (347652 bytes)
  /designs/egfr/attempts/phase1-v3c-core/0/Trajectory/Relaxed/egfr_l67_s528267.pdb  (345627 bytes)

=== trajectory_stats.csv (1 rows) ===
             Design Protocol  Length    Seed  Helicity       Target_Hotspot                                                             Sequence                                                                             InterfaceResidues  pLDDT   pTM  i_pTM   pAE  i_pAE  i_pLDDT  ss_pLDDT  Unrelaxed_Clashes  Relaxed_Clashes  Binder_Energy_Score  Surface_Hydrophobicity  ShapeComplementarity  PackStat     dG    dSASA  dG/dSASA  Interface_SASA_%  Interface_Hydrophobicity  n_InterfaceResidues  n_InterfaceHbonds  InterfaceHbondsPercentage  n_InterfaceUnsatHbonds  InterfaceUnsatHbondsPercentage  Interface_Helix%  Interface_BetaSheet%  Interface_Loop%  Binder_Helix%  Binder_BetaSheet%  Binder_Loop%                                                                                                                                                      InterfaceAAs  Target_RMSD                   TrajectoryTime  Notes TargetSettings          Filters AdvancedSettings
0  egfr_l67_s528267   4stage      67  528267      -0.3  A408,A409,A411,A412  SWTPAQKAHRVDVFYEDMMEIVEKVYRNSGEAKPSPKKFDKEVKMMMPNWVFEWYKEVEPVRKARGA  B2,B6,B9,B10,B14,B17,B18,B20,B21,B24,B25,B26,B28,B29,B44,B45,B46,B47,B48,B49,B50,B51,B52,B54   0.87  0.91   0.85  0.16   0.14      0.9      0.88                  7                0              -144.82                     0.4                  0.67      0.64 -44.46  1824.56     -2.44             43.36                     58.33                   24                  6                       25.0                     9.0                            37.5             85.71                   0.0            14.29          82.09                0.0         17.91  {'A': 0, 'C': 0, 'D': 1, 'E': 1, 'F': 2, 'G': 0, 'H': 1, 'I': 1, 'K': 2, 'L': 0, 'M': 4, 'N': 2, 'P': 1, 'Q': 1, 'R': 1, 'S': 1, 'T': 0, 'V': 2, 'W': 3, 'Y': 1}         0.29  0 hours, 10 minutes, 56 seconds    NaN         egfr_0  default_filters       advanced_0

=== final_design_stats.csv (0 rows) ===

=== mpnn_reprediction_log.csv (40 rows) ===
              timestamp         mpnn_design_name  model  pLDDT   pTM  i_pTM   pAE  i_pAE  pass_af2_filters
0   2026-09-30T05:30:14   egfr_l67_s528267_mpnn1      1   0.91  0.91   0.85  0.14   0.16              True
1   2026-09-30T05:30:14   egfr_l67_s528267_mpnn1      2   0.88  0.89   0.78  0.19   0.22              True
2   2026-09-30T05:32:08   egfr_l67_s528267_mpnn2      1   0.86  0.89   0.79  0.19   0.21              True
3   2026-09-30T05:32:08   egfr_l67_s528267_mpnn2      2   0.86  0.88   0.74  0.21   0.25              True
4   2026-09-30T05:33:45   egfr_l67_s528267_mpnn3      1   0.90  0.90   0.82  0.16   0.19              True
5   2026-09-30T05:33:45   egfr_l67_s528267_mpnn3      2   0.91  0.91   0.82  0.16   0.18              True
6   2026-09-30T05:34:07   egfr_l67_s528267_mpnn4      1   0.88  0.90   0.82  0.17   0.19             False
7   2026-09-30T05:34:07   egfr_l67_s528267_mpnn4      2   0.88  0.72   0.07  0.72   0.91             False
8   2026-09-30T05:35:35   egfr_l67_s528267_mpnn5      1   0.90  0.90   0.84  0.16   0.17              True
9   2026-09-30T05:35:35   egfr_l67_s528267_mpnn5      2   0.88  0.90   0.77  0.20   0.23              True
10  2026-09-30T05:35:56   egfr_l67_s528267_mpnn6      1   0.91  0.90   0.85  0.15   0.16             False
11  2026-09-30T05:35:56   egfr_l67_s528267_mpnn6      2   0.90  0.72   0.08  0.71   0.90             False
12  2026-09-30T05:36:04   egfr_l67_s528267_mpnn7      1   0.88  0.89   0.79  0.19   0.22             False
13  2026-09-30T05:36:04   egfr_l67_s528267_mpnn7      2   0.90  0.72   0.08  0.71   0.90             False
14  2026-09-30T05:37:34   egfr_l67_s528267_mpnn8      1   0.89  0.89   0.81  0.17   0.20              True
15  2026-09-30T05:37:34   egfr_l67_s528267_mpnn8      2   0.89  0.90   0.81  0.18   0.20              True
16  2026-09-30T05:37:55   egfr_l67_s528267_mpnn9      1   0.89  0.89   0.81  0.17   0.20             False
17  2026-09-30T05:37:55   egfr_l67_s528267_mpnn9      2   0.90  0.72   0.08  0.71   0.90             False
18  2026-09-30T05:39:23  egfr_l67_s528267_mpnn10      1   0.88  0.90   0.82  0.17   0.19              True
19  2026-09-30T05:39:23  egfr_l67_s528267_mpnn10      2   0.87  0.89   0.78  0.20   0.22              True
20  2026-09-30T05:41:02  egfr_l67_s528267_mpnn11      1   0.87  0.89   0.79  0.19   0.21              True
21  2026-09-30T05:41:02  egfr_l67_s528267_mpnn11      2   0.87  0.88   0.73  0.22   0.25              True
22  2026-09-30T05:42:43  egfr_l67_s528267_mpnn12      1   0.90  0.90   0.85  0.15   0.17              True
23  2026-09-30T05:42:43  egfr_l67_s528267_mpnn12      2   0.91  0.91   0.85  0.15   0.16              True
24  2026-09-30T05:44:17  egfr_l67_s528267_mpnn13      1   0.90  0.90   0.85  0.15   0.17              True
25  2026-09-30T05:44:17  egfr_l67_s528267_mpnn13      2   0.90  0.91   0.82  0.16   0.18              True
26  2026-09-30T05:45:51  egfr_l67_s528267_mpnn14      1   0.89  0.90   0.83  0.16   0.18              True
27  2026-09-30T05:45:51  egfr_l67_s528267_mpnn14      2   0.88  0.90   0.78  0.19   0.22              True
28  2026-09-30T05:47:25  egfr_l67_s528267_mpnn15      1   0.90  0.90   0.84  0.15   0.17              True
29  2026-09-30T05:47:25  egfr_l67_s528267_mpnn15      2   0.90  0.90   0.81  0.17   0.20              True
30  2026-09-30T05:48:54  egfr_l67_s528267_mpnn16      1   0.91  0.90   0.84  0.15   0.17              True
31  2026-09-30T05:48:54  egfr_l67_s528267_mpnn16      2   0.89  0.89   0.75  0.21   0.25              True
32  2026-09-30T05:50:28  egfr_l67_s528267_mpnn17      1   0.89  0.90   0.84  0.16   0.17              True
33  2026-09-30T05:50:28  egfr_l67_s528267_mpnn17      2   0.90  0.90   0.81  0.17   0.19              True
34  2026-09-30T05:52:10  egfr_l67_s528267_mpnn18      1   0.87  0.89   0.80  0.19   0.21              True
35  2026-09-30T05:52:10  egfr_l67_s528267_mpnn18      2   0.87  0.88   0.75  0.21   0.24              True
36  2026-09-30T05:53:44  egfr_l67_s528267_mpnn19      1   0.91  0.90   0.85  0.15   0.16              True
37  2026-09-30T05:53:44  egfr_l67_s528267_mpnn19      2   0.90  0.91   0.82  0.16   0.18              True
38  2026-09-30T05:55:25  egfr_l67_s528267_mpnn20      1   0.86  0.89   0.79  0.19   0.22              True
39  2026-09-30T05:55:25  egfr_l67_s528267_mpnn20      2   0.87  0.88   0.73  0.22   0.25              True
egfr_l75_s674224_mpnn14 passed all filters
Found 2 MPNN designs passing filters

Design and validation of trajectory egfr_l75_s674224 took: 0 hours, 27 minutes, 0 seconds
Target number 2 of designs reached! Reranking...
Files in folder '/designs/egfr/attempts/phase1-v3c-core/2/Trajectory/Animation' have been zipped and removed.
Files in folder '/designs/egfr/attempts/phase1-v3c-core/2/Trajectory/Plots' have been zipped and removed.
Finished all designs. Script execution for 2 trajectories took: 0 hours, 39 minutes, 46 seconds

=== files under /designs/egfr/attempts/phase1-v3c-core/2 ===
  /designs/egfr/attempts/phase1-v3c-core/2/egfr.pdb  (127340 bytes)
  /designs/egfr/attempts/phase1-v3c-core/2/failure_csv.csv  (1117 bytes)
  /designs/egfr/attempts/phase1-v3c-core/2/final_design_stats.csv  (6845 bytes)
  /designs/egfr/attempts/phase1-v3c-core/2/mpnn_design_stats.csv  (24757 bytes)
  /designs/egfr/attempts/phase1-v3c-core/2/mpnn_reprediction_log.csv  (2214 bytes)
  /designs/egfr/attempts/phase1-v3c-core/2/trajectory_stats.csv  (1204 bytes)
  /designs/egfr/attempts/phase1-v3c-core/2/Accepted/egfr_l75_s674224_mpnn14_model2.pdb  (359478 bytes)
  /designs/egfr/attempts/phase1-v3c-core/2/Accepted/egfr_l75_s674224_mpnn7_model2.pdb  (360126 bytes)
  /designs/egfr/attempts/phase1-v3c-core/2/Accepted/Ranked/1_egfr_l75_s674224_mpnn14_model2.pdb  (359478 bytes)
  /designs/egfr/attempts/phase1-v3c-core/2/Accepted/Ranked/2_egfr_l75_s674224_mpnn7_model2.pdb  (360126 bytes)
  /designs/egfr/attempts/phase1-v3c-core/2/MPNN/Relaxed/egfr_l75_s674224_mpnn10_model1.pdb  (360612 bytes)
  /designs/egfr/attempts/phase1-v3c-core/2/MPNN/Relaxed/egfr_l75_s674224_mpnn10_model2.pdb  (360612 bytes)
  /designs/egfr/attempts/phase1-v3c-core/2/MPNN/Relaxed/egfr_l75_s674224_mpnn11_model1.pdb  (358911 bytes)
  /designs/egfr/attempts/phase1-v3c-core/2/MPNN/Relaxed/egfr_l75_s674224_mpnn11_model2.pdb  (358911 bytes)
  /designs/egfr/attempts/phase1-v3c-core/2/MPNN/Relaxed/egfr_l75_s674224_mpnn12_model1.pdb  (361422 bytes)
  /designs/egfr/attempts/phase1-v3c-core/2/MPNN/Relaxed/egfr_l75_s674224_mpnn12_model2.pdb  (361422 bytes)
  /designs/egfr/attempts/phase1-v3c-core/2/MPNN/Relaxed/egfr_l75_s674224_mpnn13_model1.pdb  (357777 bytes)
  /designs/egfr/attempts/phase1-v3c-core/2/MPNN/Relaxed/egfr_l75_s674224_mpnn13_model2.pdb  (357777 bytes)
  /designs/egfr/attempts/phase1-v3c-core/2/MPNN/Relaxed/egfr_l75_s674224_mpnn14_model1.pdb  (359478 bytes)
  /designs/egfr/attempts/phase1-v3c-core/2/MPNN/Relaxed/egfr_l75_s674224_mpnn14_model2.pdb  (359478 bytes)
  /designs/egfr/attempts/phase1-v3c-core/2/MPNN/Relaxed/egfr_l75_s674224_mpnn1_model1.pdb  (360450 bytes)
  /designs/egfr/attempts/phase1-v3c-core/2/MPNN/Relaxed/egfr_l75_s674224_mpnn1_model2.pdb  (360450 bytes)
  /designs/egfr/attempts/phase1-v3c-core/2/MPNN/Relaxed/egfr_l75_s674224_mpnn2_model1.pdb  (359883 bytes)
  /designs/egfr/attempts/phase1-v3c-core/2/MPNN/Relaxed/egfr_l75_s674224_mpnn2_model2.pdb  (359883 bytes)
  /designs/egfr/attempts/phase1-v3c-core/2/MPNN/Relaxed/egfr_l75_s674224_mpnn3_model1.pdb  (361098 bytes)
  /designs/egfr/attempts/phase1-v3c-core/2/MPNN/Relaxed/egfr_l75_s674224_mpnn3_model2.pdb  (361098 bytes)
  /designs/egfr/attempts/phase1-v3c-core/2/MPNN/Relaxed/egfr_l75_s674224_mpnn4_model1.pdb  (359478 bytes)
  /designs/egfr/attempts/phase1-v3c-core/2/MPNN/Relaxed/egfr_l75_s674224_mpnn4_model2.pdb  (359478 bytes)
  /designs/egfr/attempts/phase1-v3c-core/2/MPNN/Relaxed/egfr_l75_s674224_mpnn5_model1.pdb  (360207 bytes)
  /designs/egfr/attempts/phase1-v3c-core/2/MPNN/Relaxed/egfr_l75_s674224_mpnn5_model2.pdb  (360207 bytes)
  /designs/egfr/attempts/phase1-v3c-core/2/MPNN/Relaxed/egfr_l75_s674224_mpnn6_model1.pdb  (360126 bytes)
  /designs/egfr/attempts/phase1-v3c-core/2/MPNN/Relaxed/egfr_l75_s674224_mpnn6_model2.pdb  (360126 bytes)
  /designs/egfr/attempts/phase1-v3c-core/2/MPNN/Relaxed/egfr_l75_s674224_mpnn7_model1.pdb  (360126 bytes)
  /designs/egfr/attempts/phase1-v3c-core/2/MPNN/Relaxed/egfr_l75_s674224_mpnn7_model2.pdb  (360126 bytes)
  /designs/egfr/attempts/phase1-v3c-core/2/MPNN/Relaxed/egfr_l75_s674224_mpnn8_model1.pdb  (358911 bytes)
  /designs/egfr/attempts/phase1-v3c-core/2/MPNN/Relaxed/egfr_l75_s674224_mpnn8_model2.pdb  (358911 bytes)
  /designs/egfr/attempts/phase1-v3c-core/2/MPNN/Relaxed/egfr_l75_s674224_mpnn9_model1.pdb  (361422 bytes)
  /designs/egfr/attempts/phase1-v3c-core/2/MPNN/Relaxed/egfr_l75_s674224_mpnn9_model2.pdb  (361422 bytes)
  /designs/egfr/attempts/phase1-v3c-core/2/Rejected/egfr_l75_s674224_mpnn10_model1.pdb  (360612 bytes)
  /designs/egfr/attempts/phase1-v3c-core/2/Rejected/egfr_l75_s674224_mpnn11_model1.pdb  (358911 bytes)
  /designs/egfr/attempts/phase1-v3c-core/2/Rejected/egfr_l75_s674224_mpnn12_model1.pdb  (361422 bytes)
  /designs/egfr/attempts/phase1-v3c-core/2/Rejected/egfr_l75_s674224_mpnn13_model2.pdb  (357777 bytes)
  /designs/egfr/attempts/phase1-v3c-core/2/Rejected/egfr_l75_s674224_mpnn1_model1.pdb  (360450 bytes)
  /designs/egfr/attempts/phase1-v3c-core/2/Rejected/egfr_l75_s674224_mpnn2_model1.pdb  (359883 bytes)
  /designs/egfr/attempts/phase1-v3c-core/2/Rejected/egfr_l75_s674224_mpnn3_model2.pdb  (361098 bytes)
  /designs/egfr/attempts/phase1-v3c-core/2/Rejected/egfr_l75_s674224_mpnn4_model1.pdb  (359478 bytes)
  /designs/egfr/attempts/phase1-v3c-core/2/Rejected/egfr_l75_s674224_mpnn5_model1.pdb  (360207 bytes)
  /designs/egfr/attempts/phase1-v3c-core/2/Rejected/egfr_l75_s674224_mpnn6_model1.pdb  (360126 bytes)
  /designs/egfr/attempts/phase1-v3c-core/2/Rejected/egfr_l75_s674224_mpnn8_model1.pdb  (358911 bytes)
  /designs/egfr/attempts/phase1-v3c-core/2/Rejected/egfr_l75_s674224_mpnn9_model1.pdb  (361422 bytes)
  /designs/egfr/attempts/phase1-v3c-core/2/Trajectory/Animation.zip  (22 bytes)
  /designs/egfr/attempts/phase1-v3c-core/2/Trajectory/Plots.zip  (22 bytes)
  /designs/egfr/attempts/phase1-v3c-core/2/Trajectory/Relaxed/egfr_l75_s674224.pdb  (360531 bytes)

=== trajectory_stats.csv (1 rows) ===
             Design Protocol  Length    Seed  Helicity       Target_Hotspot                                                                     Sequence                                                                         InterfaceResidues  pLDDT   pTM  i_pTM   pAE  i_pAE  i_pLDDT  ss_pLDDT  Unrelaxed_Clashes  Relaxed_Clashes  Binder_Energy_Score  Surface_Hydrophobicity  ShapeComplementarity  PackStat     dG    dSASA  dG/dSASA  Interface_SASA_%  Interface_Hydrophobicity  n_InterfaceResidues  n_InterfaceHbonds  InterfaceHbondsPercentage  n_InterfaceUnsatHbonds  InterfaceUnsatHbondsPercentage  Interface_Helix%  Interface_BetaSheet%  Interface_Loop%  Binder_Helix%  Binder_BetaSheet%  Binder_Loop%                                                                                                                                                      InterfaceAAs  Target_RMSD                   TrajectoryTime  Notes TargetSettings          Filters AdvancedSettings
0  egfr_l75_s674224   4stage      75  674224      -0.3  A408,A409,A411,A412  MSVQQRYMVRMIKSNRAEVRRGRMSPAEMRKVLKKYWEEHTMKYDTDFFMEHLNPKEKKKTMRAAKDITRQIEAV  B1,B2,B3,B4,B5,B6,B7,B10,B11,B15,B32,B36,B39,B40,B44,B45,B46,B48,B49,B52,B53,B54,B57,B61   0.87  0.91   0.85  0.16   0.11     0.85      0.88                  5                0              -178.44                    0.32                  0.76      0.65 -60.95  2109.27     -2.89             46.68                     41.67                   24                 11                      45.83                     7.0                           29.17             66.67                   0.0            33.33           76.0                0.0          24.0  {'A': 0, 'C': 0, 'D': 1, 'E': 2, 'F': 2, 'G': 0, 'H': 2, 'I': 0, 'K': 0, 'L': 1, 'M': 2, 'N': 2, 'P': 0, 'Q': 2, 'R': 2, 'S': 1, 'T': 2, 'V': 2, 'W': 0, 'Y': 3}         0.26  0 hours, 11 minutes, 51 seconds    NaN         egfr_2  default_filters       advanced_2

=== final_design_stats.csv (2 rows) ===
   Rank                   Design Protocol  Length    Seed  Helicity       Target_Hotspot                                                                     Sequence                                                                      InterfaceResidues  MPNN_score  MPNN_seq_recovery  Average_pLDDT  1_pLDDT  2_pLDDT  3_pLDDT  4_pLDDT  5_pLDDT  Average_pTM  1_pTM  2_pTM  3_pTM  4_pTM  5_pTM  Average_i_pTM  1_i_pTM  2_i_pTM  3_i_pTM  4_i_pTM  5_i_pTM  Average_pAE  1_pAE  2_pAE  3_pAE  4_pAE  5_pAE  Average_i_pAE  1_i_pAE  2_i_pAE  3_i_pAE  4_i_pAE  5_i_pAE  Average_i_pLDDT  1_i_pLDDT  2_i_pLDDT  3_i_pLDDT  4_i_pLDDT  5_i_pLDDT  Average_ss_pLDDT  1_ss_pLDDT  2_ss_pLDDT  3_ss_pLDDT  4_ss_pLDDT  5_ss_pLDDT  Average_Unrelaxed_Clashes  1_Unrelaxed_Clashes  2_Unrelaxed_Clashes  3_Unrelaxed_Clashes  4_Unrelaxed_Clashes  5_Unrelaxed_Clashes  Average_Relaxed_Clashes  1_Relaxed_Clashes  2_Relaxed_Clashes  3_Relaxed_Clashes  4_Relaxed_Clashes  5_Relaxed_Clashes  Average_Binder_Energy_Score  1_Binder_Energy_Score  2_Binder_Energy_Score  3_Binder_Energy_Score  4_Binder_Energy_Score  5_Binder_Energy_Score  Average_Surface_Hydrophobicity  1_Surface_Hydrophobicity  2_Surface_Hydrophobicity  3_Surface_Hydrophobicity  4_Surface_Hydrophobicity  5_Surface_Hydrophobicity  Average_ShapeComplementarity  1_ShapeComplementarity  2_ShapeComplementarity  3_ShapeComplementarity  4_ShapeComplementarity  5_ShapeComplementarity  Average_PackStat  1_PackStat  2_PackStat  3_PackStat  4_PackStat  5_PackStat  Average_dG   1_dG   2_dG  3_dG  4_dG  5_dG  Average_dSASA  1_dSASA  2_dSASA  3_dSASA  4_dSASA  5_dSASA  Average_dG/dSASA  1_dG/dSASA  2_dG/dSASA  3_dG/dSASA  4_dG/dSASA  5_dG/dSASA  Average_Interface_SASA_%  1_Interface_SASA_%  2_Interface_SASA_%  3_Interface_SASA_%  4_Interface_SASA_%  5_Interface_SASA_%  Average_Interface_Hydrophobicity  1_Interface_Hydrophobicity  2_Interface_Hydrophobicity  3_Interface_Hydrophobicity  4_Interface_Hydrophobicity  5_Interface_Hydrophobicity  Average_n_InterfaceResidues  1_n_InterfaceResidues  2_n_InterfaceResidues  3_n_InterfaceResidues  4_n_InterfaceResidues  5_n_InterfaceResidues  Average_n_InterfaceHbonds  1_n_InterfaceHbonds  2_n_InterfaceHbonds  3_n_InterfaceHbonds  4_n_InterfaceHbonds  5_n_InterfaceHbonds  Average_InterfaceHbondsPercentage  1_InterfaceHbondsPercentage  2_InterfaceHbondsPercentage  3_InterfaceHbondsPercentage  4_InterfaceHbondsPercentage  5_InterfaceHbondsPercentage  Average_n_InterfaceUnsatHbonds  1_n_InterfaceUnsatHbonds  2_n_InterfaceUnsatHbonds  3_n_InterfaceUnsatHbonds  4_n_InterfaceUnsatHbonds  5_n_InterfaceUnsatHbonds  Average_InterfaceUnsatHbondsPercentage  1_InterfaceUnsatHbondsPercentage  2_InterfaceUnsatHbondsPercentage  3_InterfaceUnsatHbondsPercentage  4_InterfaceUnsatHbondsPercentage  5_InterfaceUnsatHbondsPercentage  Average_Interface_Helix%  1_Interface_Helix%  2_Interface_Helix%  3_Interface_Helix%  4_Interface_Helix%  5_Interface_Helix%  Average_Interface_BetaSheet%  1_Interface_BetaSheet%  2_Interface_BetaSheet%  3_Interface_BetaSheet%  4_Interface_BetaSheet%  5_Interface_BetaSheet%  Average_Interface_Loop%  1_Interface_Loop%  2_Interface_Loop%  3_Interface_Loop%  4_Interface_Loop%  5_Interface_Loop%  Average_Binder_Helix%  1_Binder_Helix%  2_Binder_Helix%  3_Binder_Helix%  4_Binder_Helix%  5_Binder_Helix%  Average_Binder_BetaSheet%  1_Binder_BetaSheet%  2_Binder_BetaSheet%  3_Binder_BetaSheet%  4_Binder_BetaSheet%  5_Binder_BetaSheet%  Average_Binder_Loop%  1_Binder_Loop%  2_Binder_Loop%  3_Binder_Loop%  4_Binder_Loop%  5_Binder_Loop%                                                                                                                                                                                      Average_InterfaceAAs                                                                                                                                                    1_InterfaceAAs                                                                                                                                                    2_InterfaceAAs  3_InterfaceAAs  4_InterfaceAAs  5_InterfaceAAs  Average_Hotspot_RMSD  1_Hotspot_RMSD  2_Hotspot_RMSD  3_Hotspot_RMSD  4_Hotspot_RMSD  5_Hotspot_RMSD  Average_Target_RMSD  1_Target_RMSD  2_Target_RMSD  3_Target_RMSD  4_Target_RMSD  5_Target_RMSD  Average_Binder_pLDDT  1_Binder_pLDDT  2_Binder_pLDDT  3_Binder_pLDDT  4_Binder_pLDDT  5_Binder_pLDDT  Average_Binder_pTM  1_Binder_pTM  2_Binder_pTM  3_Binder_pTM  4_Binder_pTM  5_Binder_pTM  Average_Binder_pAE  1_Binder_pAE  2_Binder_pAE  3_Binder_pAE  4_Binder_pAE  5_Binder_pAE  Average_Binder_RMSD  1_Binder_RMSD  2_Binder_RMSD  3_Binder_RMSD  4_Binder_RMSD  5_Binder_RMSD                      DesignTime  Notes TargetSettings          Filters AdvancedSettings
0     1  egfr_l75_s674224_mpnn14   4stage      75  674224      -0.3  A408,A409,A411,A412  MSVQQRYLFRMIEKNKELVEKGEISPEEAKEVLERYFKEHVEKYDTEFFLPHLNEEEKEKTLKAVEEIKERIESI          B1,B2,B3,B4,B6,B7,B10,B14,B15,B32,B36,B40,B44,B45,B48,B49,B52,B53,B54,B57,B61        1.00               0.27           0.94     0.94     0.95      NaN      NaN      NaN         0.92   0.91   0.92    NaN    NaN    NaN           0.86     0.86     0.87      NaN      NaN      NaN         0.12   0.13   0.12    NaN    NaN    NaN           0.15     0.15     0.14      NaN      NaN      NaN             0.94       0.93       0.94        NaN        NaN        NaN              0.94        0.94        0.95         NaN         NaN         NaN                        2.5                    3                    2                  NaN                  NaN                  NaN                      0.0                  0                  0                NaN                NaN                NaN                      -196.87                -194.04                -199.69                    NaN                    NaN                    NaN                            0.22                      0.23                      0.21                       NaN                       NaN                       NaN                          0.72                    0.74                    0.71                     NaN                     NaN                     NaN              0.61        0.62         0.6         NaN         NaN         NaN      -52.14 -51.43 -52.84   NaN   NaN   NaN        2072.51   2068.2  2076.82      NaN      NaN      NaN             -2.52       -2.49       -2.54         NaN         NaN         NaN                     46.52               46.01               47.04                 NaN                 NaN                 NaN                             40.48                        38.1                       42.86                         NaN                         NaN                         NaN                         21.0                     21                     21                    NaN                    NaN                    NaN                        6.5                    6                    7                  NaN                  NaN                  NaN                              30.95                        28.57                        33.33                          NaN                          NaN                          NaN                             3.0                       3.0                       3.0                       NaN                       NaN                       NaN                                   14.29                             14.29                             14.29                               NaN                               NaN                               NaN                     75.73               75.00               76.47                 NaN                 NaN                 NaN                           0.0                     0.0                     0.0                     NaN                     NaN                     NaN                    24.27              25.00              23.53                NaN                NaN                NaN                   86.0            85.33            86.67              NaN              NaN              NaN                        0.0                  0.0                  0.0                  NaN                  NaN                  NaN                  14.0           14.67           13.33             NaN             NaN             NaN  {'A': 0.0, 'C': 0.0, 'D': 1.0, 'E': 1.5, 'F': 2.0, 'G': 0.0, 'H': 2.0, 'I': 0.0, 'K': 1.0, 'L': 1.0, 'M': 1.0, 'N': 2.0, 'P': 0.0, 'Q': 1.5, 'R': 1.5, 'S': 1.0, 'T': 1.0, 'V': 1.5, 'W': 0.0, 'Y': 3.0}  {'A': 0, 'C': 0, 'D': 1, 'E': 2, 'F': 2, 'G': 0, 'H': 2, 'I': 0, 'K': 1, 'L': 1, 'M': 1, 'N': 2, 'P': 0, 'Q': 2, 'R': 1, 'S': 1, 'T': 1, 'V': 1, 'W': 0, 'Y': 3}  {'A': 0, 'C': 0, 'D': 1, 'E': 1, 'F': 2, 'G': 0, 'H': 2, 'I': 0, 'K': 1, 'L': 1, 'M': 1, 'N': 2, 'P': 0, 'Q': 1, 'R': 2, 'S': 1, 'T': 1, 'V': 2, 'W': 0, 'Y': 3}             NaN             NaN             NaN                  2.25            2.33            2.16             NaN             NaN             NaN                 0.36           0.37           0.35            NaN            NaN            NaN                  0.91            0.89            0.92             NaN             NaN             NaN                0.74          0.71          0.77           NaN           NaN           NaN                0.12          0.13          0.10           NaN           NaN           NaN                 1.39           1.34           1.44            NaN            NaN            NaN  0 hours, 1 minutes, 53 seconds    NaN         egfr_2  default_filters       advanced_2
1     2   egfr_l75_s674224_mpnn7   4stage      75  674224      -0.3  A408,A409,A411,A412  MSVQQRYLFRMIEKNKKRVERGEISAEEAREVLTKYFEEHVEKYDTEFFLPHLNEKEREATLKAVEEIKKKIEEI  B1,B2,B3,B4,B6,B7,B10,B11,B14,B15,B18,B32,B36,B40,B44,B45,B48,B49,B52,B53,B54,B57,B61        0.96               0.31           0.94     0.94     0.95      NaN      NaN      NaN         0.92   0.91   0.92    NaN    NaN    NaN           0.86     0.86     0.87      NaN      NaN      NaN         0.12   0.12   0.12    NaN    NaN    NaN           0.15     0.15     0.14      NaN      NaN      NaN             0.94       0.93       0.94        NaN        NaN        NaN              0.94        0.94        0.95         NaN         NaN         NaN                        2.5                    3                    2                  NaN                  NaN                  NaN                      0.0                  0                  0                NaN                NaN                NaN                      -195.26                -198.71                -191.81                    NaN                    NaN                    NaN                            0.23                      0.23                      0.24                       NaN                       NaN                       NaN                          0.71                    0.74                    0.69                     NaN                     NaN                     NaN              0.64        0.67         0.6         NaN         NaN         NaN      -57.27 -57.51 -57.03   NaN   NaN   NaN        2116.36   2183.9  2048.82      NaN      NaN      NaN             -2.71       -2.63       -2.78         NaN         NaN         NaN                     47.41               49.65               45.18                 NaN                 NaN                 NaN                             41.74                        40.0                       43.48                         NaN                         NaN                         NaN                         24.0                     25                     23                    NaN                    NaN                    NaN                        9.0                   10                    8                  NaN                  NaN                  NaN                              37.39                        40.00                        34.78                          NaN                          NaN                          NaN                             4.0                       4.0                       4.0                       NaN                       NaN                       NaN                                   16.70                             16.00                             17.39                               NaN                               NaN                               NaN                     77.12               76.47               77.78                 NaN                 NaN                 NaN                           0.0                     0.0                     0.0                     NaN                     NaN                     NaN                    22.88              23.53              22.22                NaN                NaN                NaN                   86.0            85.33            86.67              NaN              NaN              NaN                        0.0                  0.0                  0.0                  NaN                  NaN                  NaN                  14.0           14.67           13.33             NaN             NaN             NaN  {'A': 0.0, 'C': 0.0, 'D': 1.0, 'E': 1.5, 'F': 2.0, 'G': 0.0, 'H': 2.0, 'I': 0.0, 'K': 1.0, 'L': 1.0, 'M': 2.0, 'N': 2.0, 'P': 0.0, 'Q': 1.5, 'R': 3.0, 'S': 1.0, 'T': 1.0, 'V': 2.0, 'W': 0.0, 'Y': 3.0}  {'A': 0, 'C': 0, 'D': 1, 'E': 2, 'F': 2, 'G': 0, 'H': 2, 'I': 0, 'K': 1, 'L': 1, 'M': 2, 'N': 2, 'P': 0, 'Q': 2, 'R': 3, 'S': 1, 'T': 1, 'V': 2, 'W': 0, 'Y': 3}  {'A': 0, 'C': 0, 'D': 1, 'E': 1, 'F': 2, 'G': 0, 'H': 2, 'I': 0, 'K': 1, 'L': 1, 'M': 2, 'N': 2, 'P': 0, 'Q': 1, 'R': 3, 'S': 1, 'T': 1, 'V': 2, 'W': 0, 'Y': 3}             NaN             NaN             NaN                  2.17            2.15            2.19             NaN             NaN             NaN                 0.36           0.36           0.35            NaN            NaN            NaN                  0.89            0.87            0.90             NaN             NaN             NaN                0.72          0.69          0.75           NaN           NaN           NaN                0.12          0.14          0.11           NaN           NaN           NaN                 1.50           1.45           1.55            NaN            NaN            NaN  0 hours, 1 minutes, 54 seconds    NaN         egfr_2  default_filters       advanced_2

=== mpnn_reprediction_log.csv (28 rows) ===
              timestamp         mpnn_design_name  model  pLDDT   pTM  i_pTM   pAE  i_pAE  pass_af2_filters
0   2026-09-30T05:31:32   egfr_l75_s674224_mpnn1      1   0.95  0.91   0.86  0.12   0.14              True
1   2026-09-30T05:31:32   egfr_l75_s674224_mpnn1      2   0.95  0.92   0.87  0.12   0.14              True
2   2026-09-30T05:33:41   egfr_l75_s674224_mpnn2      1   0.94  0.91   0.85  0.13   0.15              True
3   2026-09-30T05:33:41   egfr_l75_s674224_mpnn2      2   0.94  0.92   0.86  0.13   0.15              True
4   2026-09-30T05:35:30   egfr_l75_s674224_mpnn3      1   0.94  0.91   0.86  0.13   0.15              True
5   2026-09-30T05:35:30   egfr_l75_s674224_mpnn3      2   0.95  0.92   0.87  0.12   0.14              True
6   2026-09-30T05:37:20   egfr_l75_s674224_mpnn4      1   0.95  0.91   0.87  0.12   0.14              True
7   2026-09-30T05:37:20   egfr_l75_s674224_mpnn4      2   0.95  0.92   0.87  0.12   0.14              True
8   2026-09-30T05:39:10   egfr_l75_s674224_mpnn5      1   0.95  0.91   0.86  0.13   0.15              True
9   2026-09-30T05:39:10   egfr_l75_s674224_mpnn5      2   0.95  0.92   0.87  0.12   0.14              True
10  2026-09-30T05:41:05   egfr_l75_s674224_mpnn6      1   0.94  0.91   0.86  0.13   0.15              True
11  2026-09-30T05:41:05   egfr_l75_s674224_mpnn6      2   0.94  0.92   0.86  0.13   0.15              True
12  2026-09-30T05:43:01   egfr_l75_s674224_mpnn7      1   0.94  0.91   0.86  0.12   0.15              True
13  2026-09-30T05:43:01   egfr_l75_s674224_mpnn7      2   0.95  0.92   0.87  0.12   0.14              True
14  2026-09-30T05:44:53   egfr_l75_s674224_mpnn8      1   0.94  0.91   0.86  0.13   0.15              True
15  2026-09-30T05:44:53   egfr_l75_s674224_mpnn8      2   0.94  0.92   0.87  0.12   0.14              True
16  2026-09-30T05:46:49   egfr_l75_s674224_mpnn9      1   0.94  0.91   0.85  0.13   0.15              True
17  2026-09-30T05:46:49   egfr_l75_s674224_mpnn9      2   0.94  0.92   0.86  0.13   0.15              True
18  2026-09-30T05:48:48  egfr_l75_s674224_mpnn10      1   0.95  0.91   0.86  0.12   0.14              True
19  2026-09-30T05:48:48  egfr_l75_s674224_mpnn10      2   0.95  0.92   0.87  0.12   0.14              True
20  2026-09-30T05:50:33  egfr_l75_s674224_mpnn11      1   0.95  0.91   0.87  0.12   0.14              True
21  2026-09-30T05:50:33  egfr_l75_s674224_mpnn11      2   0.95  0.92   0.88  0.12   0.13              True
22  2026-09-30T05:52:24  egfr_l75_s674224_mpnn12      1   0.95  0.91   0.86  0.12   0.15              True
23  2026-09-30T05:52:24  egfr_l75_s674224_mpnn12      2   0.95  0.92   0.87  0.12   0.14              True
24  2026-09-30T05:54:09  egfr_l75_s674224_mpnn13      1   0.92  0.90   0.84  0.14   0.16              True
25  2026-09-30T05:54:09  egfr_l75_s674224_mpnn13      2   0.93  0.91   0.85  0.13   0.16              True
26  2026-09-30T05:56:01  egfr_l75_s674224_mpnn14      1   0.94  0.91   0.86  0.13   0.15              True
27  2026-09-30T05:56:01  egfr_l75_s674224_mpnn14      2   0.95  0.92   0.87  0.12   0.14              True
Unmet filter conditions for egfr_l78_s644042_mpnn12
Unmet filter conditions for egfr_l74_s655438_mpnn16
Unmet filter conditions for egfr_l66_s957415_mpnn15
Stopping app - uncaught exception raised locally: GRPCError(<Status.FAILED_PRECONDITION: 9>, 'workspace ac-3KZ86ww6Oyuet9trAefaYa is disabled', None).
╭─────────────────────────────── Traceback (most recent call last) ────────────────────────────────╮
│ /Users/charlesnorris/adaptyv-2026/modal/run_bindcraft.py:531 in main                             │
│                                                                                                  │
│   530 │   # early each result surfaces.                                                          │
│ ❱ 531 │   results = list(design_one.starmap(                                                     │
│   532 │   │   [(s, target, pdb_id, target_chains, hotspots,                                      │
│                                                                                                  │
│ /Users/charlesnorris/Library/Python/3.9/lib/python/site-packages/modal/_utils/async_utils.py:493 │
│ in __iter__                                                                                      │
│                                                                                                  │
│   492 │   │   │   with Runner() as runner:                                                       │
│ ❱ 493 │   │   │   │   yield from run_async_gen(runner, self._async_iterable)                     │
│   494 │   │   except NestedEventLoops:                                                           │
│                                                                                                  │
│ /Users/charlesnorris/Library/Python/3.9/lib/python/site-packages/modal/_utils/async_utils.py:571 │
│ in run_async_gen                                                                                 │
│                                                                                                  │
│   570 │   │   │   else:                                                                          │
│ ❱ 571 │   │   │   │   next_yield = runner.run(gen.asend(next_send))  # type: ignore[arg-type]    │
│   572 │   │   except KeyboardInterrupt as e:                                                     │
│                                                                                                  │
│ /Library/Developer/CommandLineTools/Library/Frameworks/Python3.framework/Versions/3.9/lib/python │
│ 3.9/asyncio/base_events.py:642 in run_until_complete                                             │
│                                                                                                  │
│    641 │   │                                                                                     │
│ ❱  642 │   │   return future.result()                                                            │
│    643                                                                                           │
│                                                                                                  │
│ /Users/charlesnorris/Library/Python/3.9/lib/python/site-packages/modal/_utils/async_utils.py:403 │
│ in asend                                                                                         │
│                                                                                                  │
│   402 │   │   self.iterated = True                                                               │
│ ❱ 403 │   │   return await self.gen.asend(value)                                                 │
│   404                                                                                            │
│                                                                                                  │
│ /Users/charlesnorris/Library/Python/3.9/lib/python/site-packages/modal/parallel_map.py:1097 in   │
│ _starmap_async                                                                                   │
│                                                                                                  │
│   1096 │   │   _maybe_warn_about_exceptions("starmap.aio", return_exceptions, wrap_returned_exc  │
│ ❱ 1097 │   async for output in _map_helper(                                                      │
│   1098 │   │   self,                                                                             │
│                                                                                                  │
│ /Users/charlesnorris/Library/Python/3.9/lib/python/site-packages/modal/parallel_map.py:1029 in   │
│ _map_helper                                                                                      │
│                                                                                                  │
│   1028 │   ) as map_output_stream:                                                               │
│ ❱ 1029 │   │   async for output in map_output_stream:                                            │
│   1030 │   │   │   yield output                                                                  │
│                                                                                                  │
│ /Users/charlesnorris/Library/Python/3.9/lib/python/site-packages/modal/_utils/async_utils.py:745 │
│ in async_merge                                                                                   │
│                                                                                                  │
│   744 │   │   │   │   │   assert_type(item, ExceptionWrapper)                                    │
│ ❱ 745 │   │   │   │   │   raise item.value                                                       │
│   746                                                                                            │
│                                                                                                  │
│ /Users/charlesnorris/Library/Python/3.9/lib/python/site-packages/modal/_utils/async_utils.py:724 │
│ in producer                                                                                      │
│                                                                                                  │
│   723 │   │   │   async with aclosing(generator) as stream:                                      │
│ ❱ 724 │   │   │   │   async for item in stream:                                                  │
│   725 │   │   │   │   │   await queue.put(ValueWrapper(item))                                    │
│                                                                                                  │
│ /Users/charlesnorris/Library/Python/3.9/lib/python/site-packages/modal/_object.py:349 in wrapped │
│                                                                                                  │
│   348 │   │   async with aclosing(method(self, *args, **kwargs)) as stream:                      │
│ ❱ 349 │   │   │   async for item in stream:                                                      │
│   350 │   │   │   │   yield item                                                                 │
│                                                                                                  │
│ /Users/charlesnorris/Library/Python/3.9/lib/python/site-packages/modal/_functions.py:1655 in     │
│ _map                                                                                             │
│                                                                                                  │
│   1654 │   │   │   ) as stream:                                                                  │
│ ❱ 1655 │   │   │   │   async for item in stream:                                                 │
│   1656 │   │   │   │   │   yield item                                                            │
│                                                                                                  │
│ /Users/charlesnorris/Library/Python/3.9/lib/python/site-packages/modal/parallel_map.py:982 in    │
│ _map_invocation_inputplane                                                                       │
│                                                                                                  │
│    981 │   ) as merged:                                                                          │
│ ❱  982 │   │   async for maybe_output in merged:                                                 │
│    983 │   │   │   if maybe_output is not None:  # ignore None sentinels                         │
│                                                                                                  │
│ /Users/charlesnorris/Library/Python/3.9/lib/python/site-packages/modal/_utils/async_utils.py:745 │
│ in async_merge                                                                                   │
│                                                                                                  │
│   744 │   │   │   │   │   assert_type(item, ExceptionWrapper)                                    │
│ ❱ 745 │   │   │   │   │   raise item.value                                                       │
│   746                                                                                            │
│                                                                                                  │
│ /Users/charlesnorris/Library/Python/3.9/lib/python/site-packages/modal/_utils/async_utils.py:724 │
│ in producer                                                                                      │
│                                                                                                  │
│   723 │   │   │   async with aclosing(generator) as stream:                                      │
│ ❱ 724 │   │   │   │   async for item in stream:                                                  │
│   725 │   │   │   │   │   await queue.put(ValueWrapper(item))                                    │
│                                                                                                  │
│ /Users/charlesnorris/Library/Python/3.9/lib/python/site-packages/modal/parallel_map.py:769 in    │
│ pump_inputs                                                                                      │
│                                                                                                  │
│    768 │   │   │                                                                                 │
│ ❱  769 │   │   │   response: api_pb2.MapStartOrContinueResponse = await input_plane_stub.MapSta  │
│    770 │   │   │   │   request,                                                                  │
│                                                                                                  │
│ /Users/charlesnorris/Library/Python/3.9/lib/python/site-packages/modal/_grpc_client.py:108 in    │
│ __call__                                                                                         │
│                                                                                                  │
│   107 │   │   │                                                                                  │
│ ❱ 108 │   │   │   return await _retry_transient_errors(                                          │
│   109 │   │   │   │   self,  # type: ignore                                                      │
│                                                                                                  │
│ /Users/charlesnorris/Library/Python/3.9/lib/python/site-packages/modal/_utils/grpc_utils.py:414  │
│ in _retry_transient_errors                                                                       │
│                                                                                                  │
│   413 │   │   │   │   else:                                                                      │
│ ❱ 414 │   │   │   │   │   raise exc                                                              │
│   415 │   │   │   if retry.max_retries is not None and n_retries >= retry.max_retries:           │
│                                                                                                  │
│ /Users/charlesnorris/Library/Python/3.9/lib/python/site-packages/modal/_utils/grpc_utils.py:363  │
│ in _retry_transient_errors                                                                       │
│                                                                                                  │
│   362 │   │   │   with suppress_tb_frames(1):                                                    │
│ ❱ 363 │   │   │   │   return await fn_callable(req, metadata=attempt_metadata, timeout=timeout   │
│   364 │   │   except (StreamTerminatedError, GRPCError, OSError, asyncio.TimeoutError, Attribu   │
│                                                                                                  │
│ /Users/charlesnorris/Library/Python/3.9/lib/python/site-packages/modal/_grpc_client.py:139 in    │
│ direct                                                                                           │
│                                                                                                  │
│   138 │   │   with suppress_tb_frames(1), grpc_error_converter():                                │
│ ❱ 139 │   │   │   return await self.client._call_unary(self.wrapped_method, req, timeout=timeo   │
│   140                                                                                            │
│                                                                                                  │
│ /Users/charlesnorris/Library/Python/3.9/lib/python/site-packages/modal/_grpc_client.py:44 in     │
│ __exit__                                                                                         │
│                                                                                                  │
│    43 │   │   │   │   │   exc.with_traceback(tb)                                                 │
│ ❱  44 │   │   │   │   │   raise exc from None  # from None to skip the grpc-internal cause       │
│    45 │   │   │   │   raise exc                                                                  │
│                                                                                                  │
│ /Users/charlesnorris/Library/Python/3.9/lib/python/site-packages/grpclib/client.py:346 in        │
│ _raise_for_grpc_status                                                                           │
╰──────────────────────────────────────────────────────────────────────────────────────────────────╯
GRPCError: (<Status.FAILED_PRECONDITION: 9>, 'workspace ac-3KZ86ww6Oyuet9trAefaYa is disabled', None)
